SKU,cena_hurtowa,cena_detaliczna,stan
CS-861B #14,76.00,224.35,3
CS-861B #16,76.00,224.35,3
CS-861B #18,76.00,224.35,3
CS-861B #12,76.00,224.35,3
CS-057GW #18,76.00,224.35,0
CS-057GW #24,76.00,224.35,0
CS-057GW #16,76.00,224.35,0
CS-094SB #12,70.00,206.64,3
CS-094SB #18,70.00,206.64,3
CS-094SB #10,70.00,206.64,3
CS-862BY #12,73.00,215.50,3
CS-862BY #16,73.00,215.50,3
CS-862BY #14,73.00,215.50,3
CS-862BY #18,73.00,215.50,3
ALCEROR2M #12,18.00,57.56,3
ALCEROR2M #16,18.00,57.56,3
ALCEROR2M #18,18.00,57.56,3
ALCEROR2M #20,18.00,57.56,0
ALCEROR2M #24,18.00,57.56,3
ALCEROR2M #14,18.00,57.56,3
ALCEROFWE #12,44.00,129.89,3
ALCEROFWE #14,44.00,129.89,3
ALCEROFWE #16,44.00,129.89,3
ALCEROFWE #18,44.00,129.89,3
ALCEROFBE #12,44.00,129.89,3
ALCEROFBE #14,44.00,129.89,3
ALCEROFBE #16,44.00,129.89,3
ALCEROFBE #18,44.00,129.89,3
ALCEROFW #22,29.00,92.74,3
ALCEROFB #10,29.00,92.74,0
ALCEROFB #20,29.00,92.74,0
ALCEROFS #14,34.00,108.73,0
ALCEROW3M #12,17.00,54.37,3
ALCEROW3M #14,17.00,54.37,0
ALCEROW3M #18,17.00,54.37,3
ALCEROW3M #20,17.00,54.37,3
ALCEROW3M #16,17.00,54.37,0
ALCEROW3M #24,17.00,54.37,3
ALCEROC3M #10,18.00,57.56,3
ALCEROC3M #12,18.00,57.56,3
ALCEROC3M #14,18.00,57.56,3
ALCEROC3M #16,18.00,57.56,3
ALCEROC3M #18,18.00,57.56,3
ALCEROC3M #20,18.00,57.56,3
ALCEROC2M #12,18.00,57.56,3
ALCEROC2M #14,18.00,57.56,3
ALCEROC2M #16,18.00,57.56,0
ALCEROS2M #10,18.00,57.56,0
ALCEROS2M #12,18.00,57.56,0
ALCEROS2M #14,18.00,57.56,3
ALCEROS2M #16,18.00,57.56,3
ALCEROS2M #18,18.00,57.56,3
ALCEROS2M #20,18.00,57.56,3
ALCEROS2M #22,18.00,57.56,3
ALCEROS2M #24,18.00,57.56,3
CS866CB #12,48.00,141.70,3
CS866CB #18,48.00,141.70,3
CS276SB #16,62.00,183.02,3
CS276SB #18,62.00,183.02,3
CS276SB #14,62.00,183.02,3
CS276SB #12,62.00,183.02,3
CS-107B #18,52.00,153.50,3
CS-107B #12,52.00,153.50,3
ALCEROW2M #8,16.00,61.01,3
ALCEROW2M #10,16.00,61.01,0
ALCEROW2M #14,16.00,61.01,0
ALCEROW2M #16,16.00,61.01,3
ALCEROW2M #18,16.00,61.01,3
ALCEROW2M #22,16.00,61.01,3
ALCEROW2M #24,16.00,61.01,3
CS-853WR #12,131.00,322.26,3
CS-853WR #14,131.00,322.26,3
CS-853WR #16,131.00,322.26,3
CS-853WR #18,131.00,322.26,3
CS-853BY #12,131.00,322.26,3
CS-853BY #14,131.00,322.26,3
CS-853BY #16,131.00,322.26,3
CS-853BY #18,131.00,322.26,3
CS-068WR #12,126.00,309.96,3
CS-068WR #13,126.00,309.96,3
CS-068WR #15,126.00,309.96,0
CS-068WR #16,126.00,309.96,3
CS-864BR #12,78.00,230.26,3
CS-864BR #14,78.00,230.26,3
CS-864BR #18,78.00,230.26,3
CS-864BR #16,78.00,230.26,3
CS-478BR #12,64.00,188.93,3
CS-478BR #14,64.00,188.93,3
CS-478BR #16,64.00,188.93,3
CS-478BR #18,64.00,188.93,3
CS-863BY #12,73.00,215.50,3
CS-863BY #14,73.00,215.50,0
CS-863BY #16,73.00,215.50,3
CS-863BY #18,73.00,215.50,3
CS-859BY #12,73.00,215.50,3
CS-859BY #14,73.00,215.50,3
CS-859BY #16,73.00,215.50,3
CS-859BY #18,73.00,215.50,3
CS-057BR #10,78.00,230.26,3
CS-057BR #12,78.00,230.26,0
CS-862WY #12,73.00,215.50,3
CS-862WY #14,73.00,215.50,3
CS-862WY #16,73.00,215.50,3
CS-862WY #18,73.00,215.50,3
CS-380BR #12,60.00,177.12,3
CS-380BY #14,60.00,177.12,0
CS-380BY #16,60.00,177.12,0
CS-380BY #18,60.00,177.12,0
CS-873BR #14,77.00,227.30,3
CS-873BR #18,77.00,227.30,0
CS-873BR #12,77.00,227.30,3
CS-873BR #16,77.00,227.30,3
CS-873BY #12,77.00,227.30,3
CS-873BY #14,77.00,227.30,3
CS-873BY #16,77.00,227.30,3
CS-873BY #18,77.00,227.30,3
CS-277BR #12,55.00,162.36,0
CS-277BR #16,55.00,162.36,0
CS-277BR #18,55.00,162.36,0
CS-277BR #14,55.00,162.36,0
CS-277BR #24,55.00,162.36,0
CS-855BR #12,58.00,171.22,3
CS-855BR #14,58.00,171.22,3
CS-855BR #16,58.00,171.22,3
CS-855BR #18,58.00,171.22,3
CS-865WY #12,102.00,276.01,3
CS-865WY #14,102.00,276.01,3
CS-865WY #16,102.00,276.01,3
CS-865WY #18,102.00,276.01,3
CS-865BY #12,102.00,276.01,3
CS-865BY #14,102.00,276.01,3
CS-865BY #16,102.00,276.01,3
CS-865BY #18,102.00,276.01,3
CS-865BR #12,102.00,276.01,3
CS-865BR #14,102.00,276.01,3
CS-865BR #16,102.00,276.01,3
CS-865BR #18,102.00,276.01,3
CS-865WR #12,102.00,276.01,3
CS-865WR #14,102.00,276.01,3
CS-865WR #16,102.00,276.01,3
CS-865WR #18,102.00,276.01,3
ALCER0001PWY #12,54.00,159.41,3
ALCER0001PWY #14,54.00,159.41,3
ALCER0001PWY #16,54.00,159.41,3
ALCER0001PWY #18,54.00,159.41,3
ALCER0001PBY #12,54.00,159.41,3
ALCER0001PBY #14,54.00,159.41,3
ALCER0001PBY #16,54.00,159.41,3
ALCER0001PBY #18,54.00,159.41,3
ALCER0001PWR #12,54.00,159.41,3
ALCER0001PWR #14,54.00,159.41,3
ALCER0001PWR #16,54.00,159.41,3
ALCER0001PWR #18,54.00,159.41,3
ALCER0001PBR #12,54.00,159.41,3
ALCER0001PBR #14,54.00,159.41,3
ALCER0001PBR #16,54.00,159.41,3
ALCER0001PBR #18,54.00,159.41,3
CS-860BY #14,68.00,200.74,3
CS-860BY #16,68.00,200.74,0
CS-860BY #18,68.00,200.74,0
CS-860BY #12,70.00,206.64,3
CS-860WY #12,70.00,206.64,3
CS-853BR #12,131.00,322.26,3
CS-853BR #14,131.00,322.26,3
CS-853BR #16,131.00,322.26,3
CS-853BR #18,131.00,322.26,3
CS-853WY #12,131.00,322.26,3
CS-853WY #14,131.00,322.26,3
CS-853WY #16,131.00,322.26,3
CS-853WY #18,131.00,322.26,3
CS-203BR #12,80.00,236.16,3
CS-203BR #14,80.00,236.16,3
CS-203BR #16,80.00,236.16,0
ALCER0002PBR #12,78.00,230.26,3
ALCER0002PBR #14,78.00,230.26,3
ALCER0002PBR #16,78.00,230.26,3
ALCER0002PBR #18,78.00,230.26,0
ALCER0002PBY #12,78.00,230.26,3
ALCER0002PBY #14,78.00,230.26,0
ALCER0002PBY #16,78.00,230.26,0
ALCER0002PBY #18,78.00,230.26,0
CS-007BY #12,42.00,123.98,3
CS-007BY #14,42.00,123.98,3
CS-007BY #16,42.00,123.98,3
CS-007BY #18,42.00,123.98,3
CS-048BR #12,64.00,188.93,3
CS-048BR #14,64.00,188.93,0
CS-048BR #18,64.00,188.93,0
CS-048BR #15,64.00,188.93,0
CS-048BR #16,64.00,188.93,0
ALCER0004PBR #12,54.00,159.41,3
ALCER0004PBR #14,54.00,159.41,0
ALCER0004PBR #16,54.00,159.41,3
ALCER0004PBR #18,55.00,162.36,3
ALCER0005PBR #12,73.00,215.50,3
ALCER0005PBR #14,73.00,215.50,3
ALCER0005PBR #16,73.00,215.50,3
ALCER0005PBR #18,73.00,215.50,3
ALCER0007PWR #12,64.00,188.93,3
ALCER0007PWR #18,64.00,188.93,0
ALCER0007PWR #20,64.00,188.93,0
ALCER0008PWY #14,52.00,153.50,0
ALCER0008PWY #16,52.00,153.50,0
ALCER0008PWY #12,52.00,153.50,3
ALCER0008PWY #18,52.00,153.50,0
ALCER0008PWY #20,52.00,153.50,0
ALCER0008PWY #10,52.00,153.50,3
ALCER0009PBR #12,56.00,165.31,0
ALCER0009PBR #18,58.00,171.22,0
ALCER0009PBR #20,58.00,171.22,0
ALCER0010PSY #14,37.00,118.33,3
ALCER0010PSY #16,37.00,118.33,3
ALCER0010PSY #18,37.00,118.33,3
ALCER0010PSY #20,37.00,118.33,3
ALCER0010PSY #24,37.00,118.33,3
CS-835WRS #12,50.00,147.60,0
CS-835WRR #12,50.00,147.60,3
CS-835WRR #14,50.00,147.60,3
CS-835WRR #16,50.00,147.60,3
CS-835WRE #12,50.00,147.60,0
CS-835WRE #14,50.00,147.60,3
CS-835WRE #16,50.00,147.60,3
CS-835WRE #18,50.00,147.60,3
CS-318WR #12,70.00,206.64,3
CS-318WR #13,70.00,206.64,3
CS-318WR #14,70.00,206.64,3
CS-318WR #15,70.00,206.64,3
CS-318WR #16,70.00,206.64,3
CR10199PWY #14,60.00,177.12,0
CS-208WR #12,61.00,180.07,3
CS-208WR #14,61.00,180.07,0
ALCER0012PWR #12,116.00,313.90,3
ALCER0012PWR #14,116.00,313.90,3
ALCER0012PWR #16,116.00,313.90,3
CS-863WY #12,73.00,215.50,3
CS-863WY #14,73.00,215.50,3
CS-863WY #16,73.00,215.50,3
CS-863WY #18,73.00,215.50,0
ALCER0013PBY #12,42.00,123.98,0
ALCER0013PBY #14,42.00,123.98,0
ALCER0013PBR #12,42.00,123.98,0
ALCER0013PBR #14,42.00,123.98,0
ALCER0013PBR #16,42.00,123.98,0
ALCER0013PBR #18,42.00,123.98,0
ALCER0014PWR #12,48.00,141.70,0
ALCER0014PWR #16,48.00,141.70,0
ALCER0014PWR #18,48.00,141.70,0
ALCER0008PBR #10,50.00,147.60,0
CS-861WR #12,73.00,215.50,3
CS-861WR #14,73.00,215.50,3
CS-861WR #16,73.00,215.50,3
CS-861WR #18,73.00,215.50,3
ALCER0041PBY #12,43.00,126.94,3
ALCER0041PBY #14,43.00,126.94,3
ALCER0041PBY #16,43.00,126.94,3
ALCER0041PBY #18,43.00,126.94,3
ALCER0014PSR #14,52.00,153.50,3
ALCER0014PSR #16,52.00,153.50,0
ALCER0014PSR #18,52.00,153.50,3
ALCER0014PRY #12,52.00,153.50,3
ALCER0014PRY #14,52.00,153.50,3
ALCER0014PRY #16,52.00,153.50,3
ALCER0014PRY #18,52.00,153.50,3
ALCER0014PSY #12,52.00,153.50,3
ALCER0014PSY #14,52.00,153.50,3
ALCER0014PSY #16,52.00,153.50,3
ALCER0014PSY #18,52.00,153.50,3
ALCER0025PBR #12,95.00,257.07,3
ALCER0025PBR #14,95.00,257.07,3
ALCER0025PBR #16,95.00,257.07,0
ALCER0025PBR #18,95.00,257.07,0
ALCER0013PRR #12,44.00,129.89,3
ALCER0013PRR #14,44.00,129.89,3
ALCER0013PRR #16,47.00,138.74,3
ALCER0013PRR #18,47.00,138.74,0
ALCER0013PSR #18,42.00,123.98,3
ALCER0013PSR #12,44.00,129.89,3
ALCER0013PSR #14,44.00,129.89,3
ALCER0013PRY #12,42.00,123.98,3
ALCER0013PRY #14,42.00,123.98,3
ALCER0013PRY #16,42.00,123.98,3
ALCER0013PRY #18,42.00,123.98,3
ALCER0013PSY #12,43.00,126.94,3
ALCER0013PSY #16,43.00,126.94,0
ALCER0013PSY #18,43.00,126.94,3
ALCER0014PRR #16,52.00,153.50,0
ALCER0014PRR #18,52.00,153.50,3
CS-852WR #12,91.00,246.25,3
CS-852WR #16,91.00,246.25,3
CS-852WR #18,91.00,246.25,3
CS-852WR #14,92.00,248.95,3
CS-852WY #12,91.00,246.25,3
CS-852WY #14,91.00,246.25,3
CS-852WY #16,91.00,246.25,3
CS-852WY #18,91.00,246.25,3
CS-850WY #12,91.00,246.25,3
CS-850WY #14,91.00,246.25,3
CS-850WY #16,91.00,246.25,3
CS-850WY #18,91.00,246.25,3
CS-850WR #12,91.00,246.25,3
CS-850WR #14,91.00,246.25,3
CS-850WR #16,91.00,246.25,3
CS-850WR #18,91.00,246.25,3
CS-851WR #12,91.00,246.25,3
CS-851WR #14,91.00,246.25,3
CS-851WR #16,91.00,246.25,3
CS-851WR #18,91.00,246.25,3
CS-850BY #12,91.00,246.25,3
CS-850BY #18,91.00,246.25,3
CS-850BY #14,91.00,246.25,3
CS-850BY #16,91.00,246.25,3
CS-850BR #12,91.00,246.25,3
CS-850BR #14,91.00,246.25,3
CS-850BR #16,91.00,246.25,3
CS-850BR #18,91.00,246.25,3
CS-852BY #12,91.00,246.25,3
CS-852BY #18,91.00,246.25,3
CS-852BY #15,91.00,246.25,3
CS-852BY #16,91.00,246.25,3
CS-851BY #12,91.00,246.25,3
CS-851BY #18,91.00,246.25,3
CS-851BR #12,91.00,246.25,3
CS-851BR #14,91.00,246.25,3
CS-851BR #16,91.00,246.25,3
CS-851BR #18,91.00,246.25,3
CS-852BR #12,91.00,246.25,3
CS-852BR #14,91.00,246.25,3
CS-852BR #16,91.00,246.25,3
CS-852BR #18,91.00,246.25,3
ALCER0033PBY #12,77.00,227.30,3
ALCER0033PBY #14,77.00,227.30,3
ALCER0033PBY #16,77.00,227.30,3
ALCER0033PBY #18,77.00,227.30,3
ALCER0034PBR #14,82.00,221.89,0
ALCER0034PBR #18,82.00,221.89,0
CS-373WR #12,68.00,200.74,3
CS-373WR #15,68.00,200.74,3
CS-373WR #16,68.00,200.74,3
CS-373WR #18,68.00,200.74,0
CS-076WR #18,42.00,123.98,0
CS-076WR #16,42.00,123.98,0
ALCER0030PBR #16,68.00,200.74,0
ALCER0030PBR #18,68.00,200.74,0
CS-061BY #12,44.00,129.89,0
CS-061BY #14,44.00,129.89,3
CS-061BY #16,44.00,129.89,3
CS-061BY #18,44.00,129.89,3
CS-061BY #20,44.00,129.89,3
CS-061BY #24,44.00,129.89,0
CS-866WY #12,48.00,141.70,0
CS-866WY #14,48.00,141.70,0
CS-866WY #16,48.00,141.70,0
CS-866WY #18,48.00,141.70,0
ALCER0023OWR #16,88.00,238.13,3
ALCER0023OWR #18,88.00,238.13,3
ALCER0037PBR#12,73.00,215.50,3
ALCER0023OBR #10,86.00,232.72,3
ALCER0023OBR #20,88.00,238.13,0
ALCER0023OBR #12,89.00,240.83,3
ALCER0023OBR #14,89.00,240.83,0
ALCER0023OBR #16,89.00,240.83,0
ALCER0023OBR #18,89.00,240.83,3
ALCER0036PBR #12,90.00,243.54,3
ALCER0036PBR #14,90.00,243.54,0
ALCER0036PBR #16,90.00,243.54,0
ALCER0017PBR #12,86.00,232.72,3
ALCER0017PBR #14,86.00,232.72,3
ALCER0017PBR #16,86.00,232.72,3
ALCER0017PBR #18,86.00,232.72,3
ALCER0021PSY #12,53.00,156.46,3
ALCER0021PSY #14,53.00,156.46,3
ALCER0021PSY #16,53.00,156.46,3
ALCER0021PSY #18,53.00,156.46,3
CS-060BY #12,56.00,165.31,3
CS-060BY #14,56.00,165.31,3
CS-060BY #16,56.00,165.31,3
CS-060BY #18,56.00,165.31,3
CS-060BY #10,56.00,165.31,0
CS-060BR #12,56.00,165.31,3
CS-060BR #14,56.00,165.31,0
CS-060BR #16,56.00,165.31,3
CS-060BR #18,56.00,165.31,0
ALCER0038PBR #12,47.00,138.74,0
ALCER0038PBR #16,47.00,138.74,0
ALCER0038PBR #18,47.00,138.74,0
ALCER0040PBR #20,47.00,138.74,0
ALCER0040PBR #22,47.00,138.74,0
CS-570WR #12,88.00,238.13,3
CS-570WR #14,88.00,238.13,3
CS-570WR #16,88.00,238.13,3
CS-570WR #18,88.00,238.13,3
ALCER0019PWR #12,61.00,180.07,0
ALCER0020PSY #14,61.00,180.07,3
ALCER0020PSY #16,61.00,180.07,3
CS-851WY #12,91.00,246.25,3
CS-851WY #14,91.00,246.25,3
CS-851WY #16,91.00,246.25,3
CS-851WY #18,91.00,246.25,3
CS-205BR #12,73.00,215.50,3
CS-205BR #14,73.00,215.50,3
CS-205BR #16,73.00,215.50,3
CS-205BR #18,73.00,215.50,3
CS-150BY #12,62.00,183.02,3
CS-150BY #14,62.00,183.02,3
CS-150BY #16,62.00,183.02,0
CS-150BY #18,62.00,183.02,3
CS-150BR #10,61.00,180.07,3
CS-150BR #12,61.00,180.07,3
CS-150BR #14,61.00,180.07,3
CS-150BR #18,61.00,180.07,3
CS-150BR #20,61.00,180.07,3
CS-150BR #16,62.00,183.02,3
CS-478WR #12,61.00,180.07,3
CS-478WR #14,61.00,180.07,3
CS-478WR #18,61.00,180.07,3
CS-478WR #16,61.00,180.07,3
ALCER0016OWR #12,101.00,273.31,3
ALCER0016OWR #14,101.00,273.31,3
ALCER0016OWR #16,101.00,273.31,3
ALCER0016OWR #18,101.00,273.31,3
CS-854BY #12,40.00,127.92,3
CS-854BY #14,40.00,127.92,0
CS-854BY #18,40.00,127.92,3
CS-854BY #16,40.00,127.92,3
ALCER0016OBR #12,101.00,273.31,3
ALCER0016OBR #16,101.00,273.31,0
ALCER0016OBR #18,101.00,273.31,0
ALCER0016OBR #20,101.00,273.31,3
ALCER0032PBR #12,70.00,206.64,3
ALCER0032PBR #14,70.00,206.64,3
ALCER0032PBR #16,70.00,206.64,3
ALCER0032PBR #18,70.00,206.64,3
ALCER0043PBR #18,76.00,224.35,3
ALCER0043PBR #12,83.00,224.60,3
ALCER0043PBR #14,83.00,224.60,3
ALCER0043PBR #16,83.00,224.60,3
CS-836WR #12,95.00,257.07,3
CS-836WR #14,95.00,257.07,3
CS-836WR #16,95.00,257.07,3
CS-836WR #18,95.00,257.07,3
CS-836BR #12,95.00,257.07,3
CS-836BR #14,95.00,257.07,3
CS-836BR #16,95.00,257.07,3
CS-836BR #18,95.00,257.07,3
ALCER0021PWR #16,120.00,324.72,3
ALCER0021PWR #12,132.00,324.72,3
ALCER0021PWR #14,132.00,324.72,3
ALCER0021PWY #14,132.00,324.72,3
ALCER0021PWY #16,132.00,324.72,3
ALCER0021PWY #18,132.00,324.72,3
CS-387WR #20,53.00,156.46,3
CS-387WR #14,61.00,180.07,3
CS-387WR #16,61.00,180.07,3
CS-387WR #18,61.00,180.07,3
CS-387WR #12,61.00,180.07,3
ALCER0012PBR #10,120.00,324.72,3
ALCER0012PBR #12,120.00,324.72,3
ALCER0012PBR #14,120.00,324.72,3
ALCER0012PBR #16,120.00,324.72,3
ALCER0012PBR #18,120.00,324.72,3
ALCER0024PBR #18,56.00,165.31,0
ALCER0027PBR #12,134.00,329.64,3
ALCER0027PBR #14,134.00,329.64,3
ALCER0027PBR #18,134.00,329.64,3
ALCER0028PBR #12,92.00,248.95,0
ALCER0028PBR #16,92.00,248.95,0
ALCER0028PBR #18,92.00,248.95,0
ALCER0029PBR #14,84.00,227.30,3
CS-129BR #24,35.00,111.93,0
CS-129WR #18,35.00,111.93,0
CS-129WR #24,35.00,111.93,3
CS-129BY #18,35.00,111.93,0
CS-129BY #20,35.00,111.93,0
CS-129BY #24,35.00,111.93,0
CS-129WY #14,35.00,111.93,0
CS-129WY #24,35.00,111.93,0
SR16580100001 #12,25.00,79.95,3
SR16580100001 #14,25.00,79.95,0
SR16580100001 #17,25.00,79.95,0
SR16580100001 #19,25.00,79.95,0
SR16576100001 #11,18.00,57.56,0
SR16576100001 #12,18.00,57.56,0
SR16576100001 #13,18.00,57.56,0
SR16576100001 #14,18.00,57.56,0
SR16576100001 #15,18.00,57.56,0
SR16576100001 #16,18.00,57.56,0
SR16576100001 #17,18.00,57.56,0
SR16576100001 #18,18.00,57.56,0
SR16576100001 #19,18.00,57.56,0
SR16576100001 #20,18.00,57.56,0
AR4633RH #12,26.00,83.15,3
AR4633RH #14,26.00,83.15,3
AR4633RH #16,26.00,83.15,3
AR4633RH #18,26.00,83.15,3
AR4633YG #12,29.00,92.74,3
AR4633YG #14,29.00,92.74,3
AR4633YG #16,29.00,92.74,3
AR4633YG #18,29.00,92.74,3
AR4765RH #12,23.00,73.55,0
AR4765RH #14,23.00,73.55,0
AR4765RH #16,23.00,73.55,0
AR4765RH #18,25.00,79.95,0
AR4765YG #12,24.00,76.75,3
AR4765YG #14,24.00,76.75,3
AR4765YG #16,24.00,76.75,3
AR4765YG #18,24.00,76.75,0
AR4770RH #12,25.00,79.95,3
AR4770RH #14,25.00,79.95,0
AR4770RH #16,25.00,79.95,0
AR4770RH #18,25.00,79.95,3
AR4770YG #12,24.00,76.75,3
AR4770YG #14,24.00,76.75,0
AR4770YG #16,24.00,76.75,3
AR4770YG #18,24.00,76.75,3
AR3768-1RH #12,38.00,121.52,0
AR3768-1RH #14,38.00,121.52,3
AR3768-1RH #16,38.00,121.52,3
AR3768-1RH #18,38.00,121.52,3
AR4643RH#12,17.00,54.37,3
AR4643RH#14,20.00,63.96,3
AR4643RH#16,20.00,63.96,3
AR4643YG#12,22.00,70.36,0
AR4643YG#14,22.00,70.36,3
AR4643YG#16,22.00,70.36,3
AR4643YG#18,22.00,70.36,3
AR6132-1RH #14,20.00,63.96,0
AR6132-1RH #16,26.00,83.15,0
AR6132-1RH #12,29.00,92.74,0
AR6132-1RH #18,29.00,92.74,0
AR6132-1YG #12,29.00,92.74,0
AR6132-1YG #14,29.00,92.74,3
AR6132-1YG #16,29.00,92.74,3
AR6132-1YG #18,29.00,92.74,0
AR4644RH #12,20.00,63.96,3
AR4644RH #14,20.00,63.96,0
AR4644RH #16,22.00,70.36,0
AR4644RH #18,23.00,73.55,0
AR4644YG #14,13.00,49.57,0
AR4644YG #12,16.00,61.01,0
AR4644YG #18,18.00,57.56,0
AR4644YG #16,20.00,63.96,3
AR4903RH #12,20.00,63.96,3
AR4903RH #14,20.00,63.96,3
AR4903RH #16,20.00,63.96,3
AR4903RH #18,20.00,63.96,0
AR4903YG #12,22.00,70.36,3
AR4903YG #14,22.00,70.36,3
AR4903YG #16,22.00,70.36,3
AR4903YG #18,22.00,70.36,3
AR4767YG #12,26.00,83.15,3
AR4767YG #14,26.00,83.15,3
AR4767YG #16,26.00,83.15,3
AR4767YG #18,26.00,83.15,3
AR4904RH #14,14.00,53.38,0
AR4904RH #12,16.00,61.01,3
AR4904RH #16,18.00,57.56,0
AR4904RH #18,18.00,57.56,3
AR4904YG #12,23.00,73.55,3
AR4904YG #16,23.00,73.55,3
AR4904YG #14,24.00,76.75,3
AR4904YG #18,24.00,76.75,3
CS-881BR #20,41.00,121.03,3
CS-881BR #14,41.00,121.03,3
CS-881BR #16,41.00,121.03,3
CS-881BR #18,41.00,121.03,3
CS-881BR #22,41.00,121.03,3
CS-881WR #20,41.00,121.03,3
CS-881WR #14,41.00,121.03,0
CS-881WR #16,41.00,121.03,3
CS-881WR #18,41.00,121.03,3
CS-881WR #22,41.00,121.03,3
CS-1018AWR #20,41.00,121.03,3
CS-1018AWR #22,41.00,121.03,3
CS-1018AWR #14,42.00,123.98,3
CS-1018AWR #16,42.00,123.98,3
CS-1018AWR #18,42.00,123.98,3
CS-1018AWY #20,41.00,121.03,3
CS-1018AWY #14,41.00,121.03,3
CS-1018AWY #16,41.00,121.03,3
CS-1018AWY #18,41.00,121.03,0
CS-1018AWY #22,41.00,121.03,3
CS-1018ABR #22,41.00,121.03,0
CS-1018ABR #16,42.00,123.98,3
CS-1018ABR #14,42.00,123.98,3
CS-1018ABR #18,42.00,123.98,3
CS-1018ABR #20,42.00,123.98,3
CS-1018ABY #20,41.00,121.03,3
CS-1018ABY #14,41.00,121.03,3
CS-1018ABY #16,41.00,121.03,3
CS-1018ABY #18,41.00,121.03,3
CS-1018ABY #22,41.00,121.03,3
CS-1027ABR #14,82.00,221.89,0
CS-1027ABR #16,82.00,221.89,0
CS-1027ABR #18,82.00,221.89,0
CS-1027AWR #22,80.00,236.16,0
CS-1029ABR #20,83.00,224.60,3
CS-1029ABR #14,83.00,224.60,0
CS-1029ABR #18,83.00,224.60,0
CS-1029ABR #22,83.00,224.60,3
CS-1029AWR #20,82.00,221.89,0
CS-1029AWR #22,82.00,221.89,0
CS-1002BR #20,66.00,194.83,0
CS-1002BR #22,66.00,194.83,0
CS-1008ABY #14,53.00,156.46,0
CS-1008ABY #22,53.00,156.46,0
CS-1008ABY #24,53.00,156.46,3
CS-1008ABY #20,54.00,159.41,3
CS-1008ABY #16,54.00,159.41,0
CS-1008ABY #18,54.00,159.41,3
CS-1008AWR #18,53.00,156.46,0
CS-1008AWR #22,53.00,156.46,0
CS-1008AWR #24,53.00,156.46,0
CS-1008AWY #20,49.00,144.65,3
CS-1008AWY #24,49.00,144.65,3
CS-1008AWY #14,53.00,156.46,0
CS-1008AWY #16,53.00,156.46,0
CS-1008AWY #18,53.00,156.46,3
CS-1008AWY #22,53.00,156.46,3
MVR-0130CRW #12,38.00,121.52,3
MVR-0130CRW #14,38.00,121.52,3
MVR-0130CRW #16,38.00,121.52,0
MVR-0130CRW #18,38.00,121.52,0
HR-0714R #12,23.00,73.55,3
HR-0714R #14,23.00,73.55,3
HR-0714R #16,23.00,73.55,0
HR-0714R #18,23.00,73.55,0
HR-0372 #12,29.00,92.74,0
HR-0372 #14,29.00,92.74,0
HR-0372 #16,29.00,92.74,0
HR-0372 #18,29.00,92.74,0
SR-212RWB #12,40.00,127.92,3
SR-212RWB #14,41.00,121.03,3
SR-212RWB #16,42.00,123.98,3
SR-212RWB #18,42.00,123.98,3
MVR-0385RBW #12,30.00,95.94,0
MVR-0385RBW #14,30.00,95.94,0
MVR-0385RBW #16,30.00,95.94,0
MVR-0385RBW #18,30.00,95.94,0
MVR-0384RBW #12,29.00,92.74,0
MVR-0384RBW #14,29.00,92.74,0
MVR-0384RBW #16,29.00,92.74,0
MVR-0384RBW #18,29.00,92.74,0
HR-0147RW #12,24.00,76.75,3
HR-0147RW #14,24.00,76.75,3
HR-0147RW #16,24.00,76.75,3
HR-0147RW #18,24.00,76.75,3
CHR0003R #12,38.00,121.52,0
CHR0003R #14,38.00,121.52,0
CHR0003R #16,38.00,121.52,0
CHR0001R #14,37.00,118.33,0
CHR0001R #16,37.00,118.33,0
MR10651R #12,26.00,83.15,3
MR10651R #14,26.00,83.15,0
MR10651R #16,26.00,83.15,0
SR-5708RB #12,28.00,89.54,3
SR-5708RB #14,28.00,89.54,3
SR-5708RB #16,28.00,89.54,3
SR-5708RB #20,28.00,89.54,0
SR-5708RBV #12,29.00,92.74,3
SR-5708RBV #14,29.00,92.74,3
SR-5708RBV #16,29.00,92.74,3
SR-5708RBP #12,28.00,89.54,3
SR-5708RBP #14,28.00,89.54,3
SR-5708RBP #16,28.00,89.54,3
SR-5708RC #12,28.00,89.54,3
SR-5708RC #14,28.00,89.54,3
SR-5708RC #16,28.00,89.54,3
MR10708R #12,20.00,63.96,3
MR10708R #14,20.00,63.96,3
MR10708R #16,20.00,63.96,3
CHR0002-1R #12,41.00,121.03,0
CHR0005R #12,40.00,127.92,0
CHR0005R #14,40.00,127.92,0
CHR0027R #12,40.00,127.92,3
CHR0027R #14,40.00,127.92,0
CHR0027R #16,40.00,127.92,0
CHR0004R #12,42.00,123.98,0
CHR0004R #14,42.00,123.98,0
CHR0004R #16,42.00,123.98,0
CS-200PBR #15,70.00,206.64,0
CS-200PBR #16,70.00,206.64,0
CS-200PBR #18,70.00,206.64,0
CS-200PBR #19,70.00,206.64,0
CS-200PBR #13,70.00,206.64,0
CS-200PBR #12,70.00,206.64,0
CS-200PBR #17,70.00,206.64,0
CS-207PBR #12,140.00,344.40,3
CS-207PBR #13,140.00,344.40,3
CS-207PBR #14,140.00,344.40,0
CS-232PBR #21,80.00,236.16,3
CS-232PBR #12,80.00,236.16,0
CS-227PWR #12,84.00,227.30,3
CS-227PWR #18,84.00,227.30,0
CS-198PWR #12,73.00,215.50,0
CS-198PWR #14,73.00,215.50,0
CS-198PWR #18,73.00,215.50,0
CS-033PBR #14,42.00,123.98,0
CS-033PBR #16,42.00,123.98,0
CS-234PBR #20,77.00,227.30,0
CS-234PBR #12,77.00,227.30,0
CS-317PBR #12,70.00,206.64,3
CS-317PBR #14,70.00,206.64,3
CS-317PBR #15,70.00,206.64,3
CS-317PBR #16,70.00,206.64,3
CS-317PBR #18,70.00,206.64,0
CS-798PCG #12,53.00,156.46,3
CS-798PCG #18,53.00,156.46,3
CS-798PCG #16,53.00,156.46,3
CS-798PCG #14,53.00,156.46,3
CS-028PBR #12,47.00,138.74,0
CS-028PBR #16,47.00,138.74,0
CS-028PBR #18,47.00,138.74,0
CS-311PBR #12,61.00,180.07,3
CS-311PBR #14,61.00,180.07,3
CS-311PBR #15,61.00,180.07,3
CS-311PBR #16,66.00,194.83,3
CS-311PBR #20,66.00,194.83,3
CS-571PBR #12,90.00,243.54,3
CS-571PBR #14,90.00,243.54,3
CS-571PBR #16,90.00,243.54,3
CS-571PBR #18,90.00,243.54,3
CS-497PBR #12,66.00,194.83,3
CS-497PBR #14,66.00,194.83,0
CS-497PBR #16,66.00,194.83,0
ALOPR001W #12,43.00,126.94,0
ALOPR001W #14,44.00,129.89,0
ALOPR001W #16,48.00,141.70,0
ALOPR001W #18,48.00,141.70,0
ALCER0142PWR #12,80.00,236.16,3
ALCER0142PWR #14,80.00,236.16,3
ALCER0142PWR #16,80.00,236.16,3
ALCER0142PWR #18,80.00,236.16,3
ALCER0145PBR #12,76.00,224.35,3
ALCER0145PBR #14,76.00,224.35,0
ALCER0146PBR #12,88.00,238.13,3
ALCER0146PBR #14,88.00,238.13,3
ALCER0146PBR #16,88.00,238.13,3
ALCER0146PBR #18,88.00,238.13,3
ALCER0143PWR #12,107.00,289.54,3
ALCER0143PWR #14,107.00,289.54,3
ALCER0143PWR #16,108.00,292.25,3
ALCER0147PWR #12,90.00,243.54,3
ALCER0147PWR #14,90.00,243.54,0
ALCER0147PWR #16,90.00,243.54,0
ALCER0147PWR #18,90.00,243.54,0
ALCER0102PPG #12,55.00,162.36,3
ALCER0102PPG #14,55.00,162.36,3
ALCER0102PPG #16,55.00,162.36,3
ALCER0102PPG #18,55.00,162.36,3
ALCER0102PPR #12,58.00,171.22,3
ALCER0102PPR #14,58.00,171.22,3
ALCER0102PPR #16,58.00,171.22,3
ALCER0140PBR #12,67.00,197.78,3
ALCER0140PBR #14,67.00,197.78,3
ALCER0140PBR #16,67.00,197.78,3
ALCER0140PBR #18,67.00,197.78,3
ALCER0131PBR #12,65.00,191.88,3
ALCER0131PBR #14,65.00,191.88,0
ALCER0131PBR #16,65.00,191.88,0
ALCER0131PBR #20,65.00,191.88,0
ALCER0132PBR #16,82.00,221.89,0
ALCER0132PBR #18,82.00,221.89,0
ALCER0132PBR #14,82.00,221.89,0
ALCER0132PBR #15,82.00,221.89,0
ALCER0132PBR #17,82.00,221.89,0
ALCER0132PBR #19,82.00,221.89,0
ALCER0132PBR #21,82.00,221.89,0
ALCER0132PBR #22,82.00,221.89,0
ALCER0132PBR #20,82.00,221.89,0
ALCER0133PBR #14,73.00,215.50,0
ALCER0133PBR #16,73.00,215.50,0
ALCER0133PBR #18,73.00,215.50,3
ALCER0134PWR #12,70.00,206.64,3
ALCER0134PWR #13,70.00,206.64,3
ALCER0134PWR #15,70.00,206.64,3
ALCER0135PBR #14,62.00,183.02,0
ALCER0135PBR #16,62.00,183.02,0
ALCER0135PBR #12,64.00,188.93,0
ALCER0137PBR #12,29.00,92.74,3
ALCER0137PBR #19,29.00,92.74,0
ALCER0137PBR #17,29.00,92.74,0
ALCER0137PBR #15,29.00,92.74,3
ALCER0137PWR #16,29.00,92.74,0
ALCER0137PWR #18,29.00,92.74,0
ALCER0138PBR #13,47.00,138.74,0
ALCER0139OW6MM #12,23.00,73.55,3
ALCER0139OW6MM #14,23.00,73.55,0
ALCER0139OW6MM #10,23.00,73.55,3
ALCER0168PWR #13,30.00,95.94,0
ALCER0168PWR #16,30.00,95.94,3
ALCER0168PBY #15,30.00,95.94,0
ALCER0168PBY #17,30.00,95.94,0
ALCER0168PWG #10,30.00,95.94,3
ALCER0168PWG #12,30.00,95.94,3
ALCER0168PWG #15,30.00,95.94,3
ALCER0168PWG #17,30.00,95.94,3
ALCER0168PWG #20,30.00,95.94,3
ALCER0168PBG #12,30.00,95.94,3
ALCER0168PBG #14,30.00,95.94,3
ALCER0168PBG #16,30.00,95.94,3
CS-017PWG #12,30.00,95.94,3
CS-017PWG #15,30.00,95.94,3
CS-017PWG #10,30.00,95.94,0
CS-017PWG #17,30.00,95.94,3
CS-017PWG #20,30.00,95.94,0
ALCER0150PWY #12,30.00,95.94,0
ALCER0150PWY #15,30.00,95.94,0
ALCER0150PWY #17,30.00,95.94,0
ALCER0150PWG #10,30.00,95.94,0
ALCER0150PWG #12,30.00,95.94,3
ALCER0150PWG #18,30.00,95.94,3
ALCER0150PWG #20,30.00,95.94,0
ALCER0150PWG #15,30.00,95.94,0
ALCER0150PWG #17,30.00,95.94,0
ALCER0151PWY #12,30.00,95.94,0
ALCER0151PWG #10,30.00,95.94,3
ALCER0151PWG #12,30.00,95.94,3
ALCER0151PWG #17,30.00,95.94,3
ALCER0151PWG #20,30.00,95.94,3
ALCER0151PWG #14,30.00,95.94,3
ALCER0152PWG #10,30.00,95.94,0
ALCER0152PWG #12,30.00,95.94,3
ALCER0152PWG #14,30.00,95.94,0
ALCER0152PWG #17,30.00,95.94,0
ALCER0154PWG #10,30.00,95.94,0
ALCER0154PWG #12,30.00,95.94,0
ALCER0154PWG #14,30.00,95.94,0
ALCER0154PWG #16,30.00,95.94,0
ALCER0154PWG #20,30.00,95.94,0
ALCER0155PWY #12,30.00,95.94,3
ALCER0155PWY #16,30.00,95.94,0
ALCER0155PBG #10,30.00,95.94,0
ALCER0155PBG #17,30.00,95.94,0
ALCER0155PBG #19,30.00,95.94,0
ALCER0155PWG #10,30.00,95.94,3
ALCER0155PWG #12,30.00,95.94,3
ALCER0155PWG #15,30.00,95.94,3
ALCER0155PWG #17,30.00,95.94,3
ALCER0155PWG #20,30.00,95.94,3
ALCER0156PWR #17,30.00,95.94,0
ALCER0156PWR #12,30.00,95.94,3
ALCER0157PWR #12,30.00,95.94,3
ALCER0157PWR #15,30.00,95.94,3
ALCER0157PWR #17,30.00,95.94,0
ALCER0156PBY #12,30.00,95.94,3
ALCER0156PBY #15,30.00,95.94,3
ALCER0157PBR #12,30.00,95.94,3
ALCER0157PBR #15,30.00,95.94,0
ALCER0157PBR #17,30.00,95.94,0
ALCER0157PBY #12,30.00,95.94,3
ALCER0157PBY #15,30.00,95.94,3
ALCER0157PBY #17,30.00,95.94,3
ALCER0157PWG #10,30.00,95.94,3
ALCER0157PWG #12,30.00,95.94,3
ALCER0157PWG #15,30.00,95.94,3
ALCER0157PWG #17,30.00,95.94,3
ALCER0157PWG #20,30.00,95.94,3
ALCER0158PBY #12,30.00,95.94,3
ALCER0158PBY #14,30.00,95.94,0
ALCER0158PBY #16,30.00,95.94,3
ALCER0160PWR #12,30.00,95.94,0
ALCER0160PWR #14,30.00,95.94,0
ALCER0160PWY #9,30.00,95.94,0
ALCER0160PBY #12,30.00,95.94,3
ALCER0160PBY #14,30.00,95.94,3
ALCER0160PBY #17,30.00,95.94,0
ALCER0160PWG #8,30.00,95.94,3
ALCER0160PWG #11,30.00,95.94,3
ALCER0160PWG #13,30.00,95.94,3
ALCER0160PWG #16,30.00,95.94,3
ALCER0160PWG #18,30.00,95.94,3
ALCER0161PWR #12,30.00,95.94,3
ALCER0161PWR #15,30.00,95.94,3
ALCER0161PWR #17,30.00,95.94,0
ALCER0161PBY #12,30.00,95.94,0
ALCER0161PBY #15,30.00,95.94,3
ALCER0161PBY #17,30.00,95.94,0
ALCER0161PWY #15,30.00,95.94,0
ALCER0162PWY #9,30.00,95.94,0
ALCER0162PWY #10,30.00,95.94,3
ALCER0162PWG #10,30.00,95.94,3
ALCER0162PWG #12,30.00,95.94,3
ALCER0162PWG #15,30.00,95.94,3
ALCER0162PWG #17,30.00,95.94,3
ALCER0162PWG #20,30.00,95.94,3
ALCER0163PWR #12,30.00,95.94,3
ALCER0163PWR #15,30.00,95.94,0
ALCER0163PBY #12,30.00,95.94,3
ALCER0163PBY #14,30.00,95.94,3
ALCER0163PWY #8,30.00,95.94,0
ALCER0163PWG #7,30.00,95.94,3
ALCER0163PWG #9,30.00,95.94,3
ALCER0163PWG #12,30.00,95.94,3
ALCER0163PWG #14,30.00,95.94,3
ALCER0163PWG #17,30.00,95.94,3
ALCER0163PWG #16,30.00,95.94,0
ALCER0164PWY #14,30.00,95.94,0
ALCER0164PWG #12,30.00,95.94,3
ALCER0164PWG #15,30.00,95.94,3
ALCER0164PWG #17,30.00,95.94,3
ALCER0164PWG #20,30.00,95.94,3
ALCER0164PWG #9,30.00,95.94,3
ALCER0164PWG #10,30.00,95.94,0
ALCER0165PBY #12,30.00,95.94,3
ALCER0165PBY #15,30.00,95.94,3
ALCER0165PBY #17,30.00,95.94,3
ALCER0165PWY #14,30.00,95.94,0
ALCER0165PWG #10,30.00,95.94,3
ALCER0165PWG #12,30.00,95.94,3
ALCER0165PWG #14,30.00,95.94,3
ALCER0165PWG #17,30.00,95.94,3
ALCER0165PWG #20,30.00,95.94,0
ALCER0166PBR #14,84.00,227.30,0
ALCER0166PBY #12,84.00,227.30,0
ALCER0166PBY #10,84.00,227.30,0
ALCER0166PBG #12,67.00,197.78,0
ALCER0166PBG #13,67.00,197.78,3
ALCER0167PBR #12,56.00,165.31,0
ALCER0167PBR #14,70.00,206.64,3
ALCER0167PBR #16,70.00,206.64,3
ALCER0167PBR #18,70.00,206.64,3
ALCER0167PBR #20,70.00,206.64,3
ALCER0167PBG #12,56.00,165.31,3
ALCER0167PBG #13,56.00,165.31,3
ALCER0167PBG #15,56.00,165.31,3
ALCER0167PBG #16,56.00,165.31,3
ALCER0167PBG #14,56.00,165.31,0
ALCER0153PWR #17,30.00,95.94,0
LTR-0126PR #12,23.00,73.55,0
LTR-0126PR #14,23.00,73.55,0
LTR-0126PR #10,24.00,76.75,0
LTR-0126PR #16,24.00,76.75,0
LTR-0126PR #18,24.00,76.75,0
LTR-0120PR #10,23.00,73.55,3
LTR-0120PR #16,23.00,73.55,0
LTR-0120PR #12,24.00,76.75,3
LTR-0120PR #14,24.00,76.75,3
LTR-0120PR #18,24.00,76.75,0
LTR-0117PY #10,17.00,54.37,3
LTR-0117PY #12,18.00,57.56,3
LTR-0117PY #14,22.00,70.36,3
LTR-0117PY #16,24.00,76.75,3
LTR-0117PY #18,24.00,76.75,3
LTR-0117PR #10,17.00,54.37,3
LTR-0117PR #12,20.00,63.96,3
LTR-0117PR #16,22.00,70.36,3
LTR-0117PR #18,22.00,70.36,0
LTR-0117PR #14,24.00,76.75,0
LTR-0130PR #10,22.00,70.36,3
LTR-0130PR #12,22.00,70.36,3
LTR-0130PR #14,22.00,70.36,3
LTR-0130PR #16,22.00,70.36,3
LTR-0130PR #18,22.00,70.36,3
LTR-0127PR #10,34.00,108.73,3
LTR-0127PR #12,35.00,111.93,3
LTR-0127PR #14,35.00,111.93,3
LTR-0127PR #16,35.00,111.93,3
LTR-0127PR #18,35.00,111.93,3
LTR-0124PR #10,29.00,92.74,3
LTR-0124PR #12,29.00,92.74,3
LTR-0124PR #14,29.00,92.74,3
LTR-0124PR #16,29.00,92.74,3
LTR-0124PR #18,29.00,92.74,3
LTR-0136PR #10,24.00,76.75,0
LTR-0136PR #12,28.00,89.54,3
LTR-0136PR #14,28.00,89.54,3
LTR-0136PR #16,29.00,92.74,3
LTR-0136PR #18,30.00,95.94,3
LTR-0107PR #10,18.00,57.56,3
LTR-0107PR #12,18.00,57.56,3
LTR-0107PR #14,18.00,57.56,3
LTR-0107PR #16,18.00,57.56,3
LTR-0107PR #18,18.00,57.56,3
LTR-0132PR #10,23.00,73.55,3
LTR-0132PR #12,23.00,73.55,3
LTR-0132PR #14,24.00,76.75,3
LTR-0132PR #16,24.00,76.75,3
LTR-0132PR #18,24.00,76.75,3
LTR-0116PR #10,22.00,70.36,3
LTR-0116PR #12,22.00,70.36,3
LTR-0116PR #14,22.00,70.36,3
LTR-0116PR #16,22.00,70.36,3
LTR-0116PR #18,22.00,70.36,3
LTR-0113PR #10,17.00,54.37,3
LTR-0113PR #12,17.00,54.37,3
LTR-0113PR #14,17.00,54.37,3
LTR-0113PR #16,18.00,57.56,3
LTR-0113PR #18,18.00,57.56,3
LTR-0123PR #10,23.00,73.55,3
LTR-0123PR #12,23.00,73.55,3
LTR-0123PR #14,23.00,73.55,3
LTR-0123PR #16,24.00,76.75,3
LTR-0123PR #18,26.00,83.15,3
LTR-0110PR #14,17.00,54.37,3
LTR-0110PR #10,18.00,57.56,3
LTR-0110PR #16,18.00,57.56,3
LTR-0110PR #18,18.00,57.56,3
LTR-0110PR #12,20.00,63.96,0
LTR-0137PR #10,18.00,57.56,3
LTR-0137PR #12,18.00,57.56,3
LTR-0137PR #14,20.00,63.96,3
LTR-0137PR #16,20.00,63.96,3
LTR-0137PR #18,20.00,63.96,3
LTR-0137PY #10,17.00,54.37,3
LTR-0137PY #16,17.00,54.37,0
LTR-0137PY #12,18.00,57.56,3
LTR-0137PY #14,18.00,57.56,3
LTR-0137PY #18,18.00,57.56,3
LTR-0133PR #10,18.00,57.56,3
LTR-0133PR #12,18.00,57.56,3
LTR-0133PR #14,18.00,57.56,3
LTR-0133PR #16,18.00,57.56,3
LTR-0133PR #18,20.00,63.96,3
LTR-0133PY #10,17.00,54.37,3
LTR-0133PY #12,18.00,57.56,3
LTR-0133PY #14,18.00,57.56,3
LTR-0133PY #16,22.00,70.36,3
LTR-0133PY #18,23.00,73.55,3
LTR-0114PR #10,23.00,73.55,3
LTR-0114PR #12,24.00,76.75,3
LTR-0114PR #14,25.00,79.95,3
LTR-0114PR #16,26.00,83.15,3
LTR-0114PR #18,28.00,89.54,3
LTR-0119PR #10,22.00,70.36,3
LTR-0119PR #12,22.00,70.36,0
LTR-0119PR #14,22.00,70.36,3
LTR-0119PR #16,23.00,73.55,3
LTR-0119PR #18,24.00,76.75,3
LTR-0112PR #10,20.00,63.96,0
LTR-0112PR #12,22.00,70.36,0
LTR-0112PR #14,22.00,70.36,0
LTR-0112PR #16,22.00,70.36,0
LTR-0112PR #18,22.00,70.36,0
LTR-0115PR #10,20.00,63.96,3
LTR-0115PR #12,22.00,70.36,3
LTR-0115PR #14,22.00,70.36,3
LTR-0115PR #18,22.00,70.36,0
LTR-0115PR #16,23.00,73.55,0
LTR-0109PR #14,20.00,63.96,0
LTR-0109PR #18,20.00,63.96,0
LTR-0109PR #10,23.00,73.55,0
LTR-0109PR #12,23.00,73.55,0
LTR-0109PR #16,23.00,73.55,0
LTR-0109PY #10,22.00,70.36,3
LTR-0109PY #12,23.00,73.55,3
LTR-0109PY #14,23.00,73.55,3
LTR-0109PY #16,24.00,76.75,3
LTR-0109PY #18,24.00,76.75,3
LTR-0122PR #14,26.00,83.15,3
LTR-0122PR #16,26.00,83.15,3
LTR-0122PR #10,29.00,92.74,3
LTR-0122PR #12,30.00,95.94,3
LTR-0122PR #18,30.00,95.94,3
LTR-0122PY #10,29.00,92.74,3
LTR-0122PY #12,30.00,95.94,3
LTR-0122PY #14,30.00,95.94,3
LTR-0122PY #16,34.00,108.73,3
LTR-0122PY #18,34.00,108.73,0
LTR-0108PR #10,24.00,76.75,3
LTR-0108PR #14,24.00,76.75,3
LTR-0108PR #16,24.00,76.75,3
LTR-0108PR #18,24.00,76.75,3
LTR-0108PR #12,25.00,79.95,3
LTR-0106PR #10,24.00,76.75,3
LTR-0106PR #12,24.00,76.75,3
LTR-0106PR #14,24.00,76.75,3
LTR-0106PR #16,24.00,76.75,3
LTR-0106PR #18,24.00,76.75,3
LTR-0129PR #10,20.00,63.96,3
LTR-0129PR #12,20.00,63.96,3
LTR-0129PR #14,20.00,63.96,3
LTR-0129PR #16,22.00,70.36,3
LTR-0129PR #18,23.00,73.55,3
LTR-0128PR #10,18.00,57.56,3
LTR-0128PR #12,20.00,63.96,3
LTR-0128PR #14,20.00,63.96,3
LTR-0128PR #18,22.00,70.36,3
LTR-0128PR #16,22.00,70.36,3
LTR-0125PR #18,20.00,63.96,3
LTR-0125PR #10,22.00,70.36,3
LTR-0125PR #12,22.00,70.36,3
LTR-0125PR #14,22.00,70.36,3
LTR-0125PR #16,22.00,70.36,3
601R2319PR #14,17.00,54.37,3
601R2319PR #16,17.00,54.37,3
601R2319PR #12,18.00,57.56,3
601R2319PR #18,18.00,57.56,0
578R3703PR #12,25.00,79.95,3
578R3703PR #14,25.00,79.95,3
578R3703PR #16,25.00,79.95,3
578R3703PR #18,26.00,83.15,3
602R3617PR #12,26.00,83.15,3
602R3617PR #14,26.00,83.15,3
602R3617PR #16,26.00,83.15,3
602R3617PR #18,26.00,83.15,3
SR-097PR #10,22.00,70.36,3
SR-097PR #12,24.00,76.75,3
SR-097PR #14,24.00,76.75,3
SR-097PR #16,24.00,76.75,0
SR-097PR #18,24.00,76.75,3
SR-097PR #20,25.00,79.95,3
HR-0192PR #10,38.00,121.52,3
HR-0192PR #14,38.00,121.52,0
HR-0192PR #18,41.00,121.03,0
HR-0192PR #12,42.00,123.98,3
HR-0192PR #16,42.00,123.98,0
HR-0192PR #20,42.00,123.98,0
578R3859PR #12,17.00,54.37,3
578R3859PR #14,17.00,54.37,0
578R3859PR #16,20.00,63.96,0
604R4055PR #10,17.00,54.37,3
604R4055PR #14,18.00,57.56,3
604R4055PR #16,18.00,57.56,3
604R4055PR #12,22.00,70.36,0
578R3023PR #10,13.00,49.57,3
578R3023PR #12,16.00,61.01,0
578R3023PR #14,16.00,61.01,0
578R3023PR #16,17.00,54.37,0
601R3633PR #10,26.00,83.15,3
601R3633PR #12,26.00,83.15,3
601R3633PR #14,26.00,83.15,3
601R3633PR #16,26.00,83.15,3
578R3239PR #10,20.00,63.96,0
578R3239PR #12,20.00,63.96,3
578R3239PR #14,20.00,63.96,3
578R3239PR #16,20.00,63.96,3
578R3239PR #18,20.00,63.96,3
602R2000PR #10,20.00,63.96,3
602R2000PR #12,23.00,73.55,3
602R2000PR #16,23.00,73.55,0
602R2000PR #18,25.00,79.95,3
602R2000PR #14,26.00,83.15,0
AR336PR #20,13.00,49.57,0
AR336PR #10,14.00,53.38,0
AR336PR #12,14.00,53.38,0
AR336PR #14,14.00,53.38,0
AR336PR #16,17.00,54.37,0
AR336PR #18,18.00,57.56,0
603R2443PR #12,29.00,92.74,0
603R2443PR #14,29.00,92.74,0
603R2443PR #16,30.00,95.94,0
603R2443PR #18,31.00,99.14,0
602R2001PR #10,25.00,79.95,3
602R2001PR #12,26.00,83.15,3
602R2001PR #14,26.00,83.15,3
602R2001PR #16,28.00,89.54,3
602R2001PR #18,28.00,89.54,3
580R2312PR #12,22.00,70.36,0
580R2312PR #14,22.00,70.36,0
580R2312PR #16,23.00,73.55,0
580R2312PR #18,23.00,73.55,0
604R3061PR #12,16.00,61.01,0
604R3061PR #14,17.00,54.37,0
604R3061PR #16,17.00,54.37,3
604R3061PR #18,20.00,63.96,0
580R3262PR #12,16.00,61.01,3
580R3262PR #16,17.00,54.37,3
580R3262PR #14,18.00,57.56,3
603R2233PR #16,29.00,92.74,3
603R2233PR #18,29.00,92.74,3
603R2233PR #14,34.00,108.73,3
603R2233PR #12,35.00,111.93,3
603R2233PR #10,35.00,111.93,0
600R3305PR #12,42.00,123.98,3
600R3305PR #14,43.00,126.94,3
600R3305PR #16,43.00,126.94,3
600R3305PR #18,44.00,129.89,0
R-0820PR #10,25.00,79.95,3
R-0820PR #12,26.00,83.15,3
R-0820PR #14,34.00,108.73,0
R-0820PR #16,34.00,108.73,0
R-0820PR #18,34.00,108.73,0
HR-0275PR #12,37.00,118.33,0
HR-0275PR #14,37.00,118.33,0
HR-0275PR #16,37.00,118.33,0
HR-0275PR #18,37.00,118.33,3
HR-0275PR #10,37.00,118.33,0
HR-0275PR #20,37.00,118.33,0
HR-0280PR #12,40.00,127.92,3
HR-0280PR #16,40.00,127.92,0
HR-0280PR #18,40.00,127.92,0
CQ-025PR #10,41.00,121.03,0
CQ-025PR #12,41.00,121.03,3
CQ-025PR #14,41.00,121.03,3
CQ-025PR #16,41.00,121.03,3
CQ-025PR #18,41.00,121.03,3
CQ-025PR #20,42.00,123.98,0
MVR-0294PR #10,26.00,83.15,3
MVR-0294PR #20,30.00,95.94,3
MVR-0294PR #12,36.00,115.13,3
MVR-0294PR #14,36.00,115.13,3
MVR-0294PR #16,36.00,115.13,3
MVR-0294PR #18,36.00,115.13,3
HR-0292PR #10,29.00,92.74,3
HR-0292PR #14,29.00,92.74,3
HR-0292PR #18,29.00,92.74,0
HR-0292PR #20,29.00,92.74,0
HR-0292PR #16,30.00,95.94,0
HR-0292PR #12,34.00,108.73,3
TVR-1799PR #12,38.00,121.52,3
TVR-1799PR #14,38.00,121.52,3
TVR-1799PR #16,38.00,121.52,3
TVR-1799PR #18,38.00,121.52,3
TVR-1799PR #20,38.00,121.52,3
HR-0199PR #18,23.00,73.55,0
HR-0199PR #20,23.00,73.55,0
HR-0199PR #16,24.00,76.75,0
PBM0432 #BIAŁY,26.00,83.15,0
PBM1085 #BIAŁY,26.00,83.15,0
PBM1085 #AQUA,26.00,83.15,0
PBM0719 #BIAŁY,26.00,83.15,3
PBM0719 #RÓŻOWY,26.00,83.15,0
PBM0719 #AMETYST,26.00,83.15,0
PBM0719 #LAWENDA,26.00,83.15,0
PBM0719 #AQUA,26.00,83.15,0
PBM2126 #LAWENDA,26.00,83.15,0
PBM2126 #AQUA,26.00,83.15,0
PBM1861 #BIAŁY,26.00,83.15,3
PBM1861 #RÓŻOWY,26.00,83.15,3
PBM1861 #AMETYST,26.00,83.15,3
PBM1861 #LAWENDA,26.00,83.15,3
PBM1861 #AQUA,26.00,83.15,0
PBN0407 #BIAŁY,26.00,83.15,0
PBN0407 #LAWENDA,26.00,83.15,0
PBN0579 #BIAŁY,26.00,83.15,0
PBN0579 #LAWENDA,26.00,83.15,0
PBN0579 #AQUA,26.00,83.15,0
PBM0196 #BIAŁY,26.00,83.15,0
PBM0196 #LAWENDA,26.00,83.15,0
PBM1152 #BIAŁY,26.00,83.15,0
PBM1152 #AMETYST,26.00,83.15,0
PBM1152 #LAWENDA,26.00,83.15,0
PBM0525 #BIAŁY,26.00,83.15,0
PBM0006 #BIAŁY,26.00,83.15,0
PBM0006 #AMETYST,26.00,83.15,0
PBM0006 #LAWENDA,26.00,83.15,0
PBM0006 #AQUA,26.00,83.15,0
PBM1706 #BIAŁY,26.00,83.15,3
PBM1706 #AMETYST,26.00,83.15,0
PBM1706 #LAWENDA,26.00,83.15,3
PBM1706 #AQUA,26.00,83.15,0
PBN0587 #AMETYST,26.00,83.15,0
PBN0587 #LAWENDA,26.00,83.15,0
PBN0587 #BIAŁY,38.00,121.52,0
PBN0587 #RÓŻOWY,38.00,121.52,0
PBN0587 #AQUA,38.00,121.52,0
PBM2073 #AMETYST,26.00,83.15,0
PBM0607 #BIAŁY,26.00,83.15,0
PBM2128 #BIAŁY,26.00,83.15,0
PBM2128 #RÓŻOWY,26.00,83.15,0
PBM2128 #AMETYST,26.00,83.15,0
PBM2128 #LAWENDA,26.00,83.15,0
PBM2128 #AQUA,26.00,83.15,0
PBM0346 #BIAŁY,43.00,126.94,3
PBM0346 #RÓŻOWY,43.00,126.94,0
PBM0346 #AMETYST,43.00,126.94,0
PBM0346 #LAWENDA,43.00,126.94,0
PBM0346 #AQUA,43.00,126.94,0
PBM1036 #AMETYST,26.00,83.15,0
PBM1036 #LAWENDA,26.00,83.15,0
PBM1036 #BIAŁY,41.00,121.03,3
PBM1036 #RÓŻOWY,41.00,121.03,0
PBM1036 #AQUA,41.00,121.03,0
PBM1126 #BIAŁY,26.00,83.15,0
PBM1126 #AMETYST,26.00,83.15,0
PBM1126 #LAWENDA,26.00,83.15,0
PBM0543 #BIAŁY,26.00,83.15,0
PBM1979 #AMETYST,26.00,83.15,0
PBM1979 #LAWENDA,26.00,83.15,0
PBM1979 #BIAŁY,44.00,129.89,0
PBM1979 #RÓŻOWY,44.00,129.89,0
PBM1979 #AQUA,44.00,129.89,0
PBM1143 #BIAŁY,26.00,83.15,0
PBM1003 #AMETYST,26.00,83.15,0
PBM1003 #LAWENDA,26.00,83.15,0
PBM1003 #BIAŁY,34.00,108.73,0
PBM1003 #RÓŻOWY,34.00,108.73,0
PBM1003 #AQUA,34.00,108.73,0
PBM1709 #BIAŁY,26.00,83.15,3
PBM1709 #RÓŻOWY,26.00,83.15,0
PBM1709 #AMETYST,26.00,83.15,0
PBM1709 #LAWENDA,26.00,83.15,0
PBM1709 #AQUA,26.00,83.15,0
PBM0463 #BIAŁY,26.00,83.15,0
PBM1011 #BIAŁY,26.00,83.15,0
PBM0111 #RUBIN,26.00,83.15,0
PBM0111 #LAWENDA,26.00,83.15,0
PBM0111 #BIAŁY,42.00,123.98,3
PBM0111 #RÓŻOWY,42.00,123.98,3
PBM0111 #AQUA,42.00,123.98,0
PBN1156 #AMETYST,26.00,83.15,0
PBN1156 #LAWENDA,26.00,83.15,0
PBN1156 #AQUA,26.00,83.15,0
PBM1142 #BIAŁY,26.00,83.15,0
PBM0065 #BIAŁY,26.00,83.15,3
PBM0065 #LAWENDA,26.00,83.15,0
PBM1704 #BIAŁY,26.00,83.15,0
PBM1704 #AMETYST,26.00,83.15,0
PBM1704 #LAWENDA,26.00,83.15,0
PBM1121 #BIAŁY,40.00,127.92,0
PBM1121 #RÓŻOWY,40.00,127.92,3
PBM1121 #AMETYST,40.00,127.92,0
PBM1121 #LAWENDA,40.00,127.92,0
PBM1121 #AQUA,40.00,127.92,3
PBM0322 #BIAŁY,26.00,83.15,0
PBM0322 #RÓŻOWY,26.00,83.15,0
PBM0322 #AMETYST,26.00,83.15,0
PBM0322 #LAWENDA,26.00,83.15,0
PBM2121 #AMETYST,26.00,83.15,3
PBM2121 #LAWENDA,26.00,83.15,3
PBM2121 #BIAŁY,38.00,121.52,3
PBM2121 #RÓŻOWY,38.00,121.52,3
PBM2121 #AQUA,38.00,121.52,3
PBM0064 #BIAŁY,40.00,127.92,3
PBM0064 #RÓŻOWY,40.00,127.92,3
PBM0064 #AMETYST,40.00,127.92,0
PBM0064 #LAWENDA,40.00,127.92,0
PBM0064 #AQUA,40.00,127.92,3
LTR-0118PR #14,12.00,45.76,0
LTR-0118PR #16,12.00,45.76,0
LTR-0118PR #10,13.00,49.57,0
LTR-0118PR #12,13.00,49.57,0
LTR-0118PR #18,13.00,49.57,0
LTR-0118PY #10,11.00,41.94,3
LTR-0118PY #12,12.00,45.76,3
LTR-0118PY #14,18.00,57.56,0
LTR-0118PY #16,18.00,57.56,0
LTR-0118PY #18,18.00,57.56,0
LTR-0135PR #14,18.00,57.56,0
LTR-0135PR #16,18.00,57.56,0
LTR-0135PR #10,22.00,70.36,0
LTR-0135PR #12,22.00,70.36,0
LTR-0135PR #18,22.00,70.36,0
LTR-0135PY #10,22.00,70.36,3
LTR-0135PY #12,22.00,70.36,3
LTR-0135PY #14,22.00,70.36,3
LTR-0135PY #16,22.00,70.36,0
LTR-0135PY #18,22.00,70.36,0
LTR-0135PY #20,24.00,76.75,0
HR-839PR #10,30.00,95.94,3
HR-839PR #12,30.00,95.94,3
HR-839PR #14,30.00,95.94,3
HR-839PR #16,30.00,95.94,3
HR-839PR #18,30.00,95.94,3
HR-210PR #18,40.00,127.92,3
HR-210PR #12,41.00,121.03,3
HR-210PR #14,41.00,121.03,0
HR-210PR #16,43.00,126.94,3
603R3432PR #12,25.00,79.95,3
603R3432PR #14,25.00,79.95,0
603R3432PR #16,25.00,79.95,0
603R3432PR #18,25.00,79.95,0
601R1736PR #12,37.00,118.33,3
601R1736PR #14,37.00,118.33,3
601R1736PR #16,37.00,118.33,0
601R1736PR #18,37.00,118.33,0
646F2208PR #12,31.00,99.14,3
646F2208PR #14,31.00,99.14,0
646F2208PR #16,35.00,111.93,0
646F2208PR #18,35.00,111.93,0
646F2304PR #12,34.00,108.73,0
646F2304PR #14,34.00,108.73,0
646F2304PR #16,34.00,108.73,0
646F2304PR #18,40.00,127.92,0
646F2418PR #12,34.00,108.73,0
646F2418PR #14,34.00,108.73,0
646F2418PR #16,34.00,108.73,0
646F2418PR #18,34.00,108.73,0
646F2022PR #12,30.00,95.94,0
646F2022PR #14,30.00,95.94,0
646F2022PR #16,30.00,95.94,0
646F2022PR #18,30.00,95.94,0
578R3054PR #14,16.00,61.01,0
578R3054PR #18,16.00,61.01,0
578R3054PR #12,18.00,57.56,3
578R3054PR #16,18.00,57.56,0
603R5517PR #16,22.00,70.36,3
603R5517PR #12,24.00,76.75,3
603R5517PR #14,24.00,76.75,3
603R5517PR #18,24.00,76.75,3
ALCYR0017PR #14,22.00,70.36,0
ALCYR0017PR #10,22.00,70.36,0
ALCYR0017PR #18,23.00,73.55,0
ALCYR0017PR #16,23.00,73.55,0
ALCYR0017PR #20,23.00,73.55,0
ALCYR0017PR #12,23.00,73.55,0
ALCYR0016PR #12,42.00,123.98,0
ALCYR0016PR #14,43.00,126.94,0
ALCYR0016PR #16,43.00,126.94,0
ALCYR0016PR #10,44.00,129.89,0
ALCYR0016PR #18,44.00,129.89,0
ALCYR0016PR #20,44.00,129.89,0
ALCYR0011PR #10,17.00,54.37,0
ALCYR0011PR #12,17.00,54.37,0
ALCYR0011PR #14,17.00,54.37,0
ALCYR0011PR #16,17.00,54.37,0
ALCYR0011PR #18,17.00,54.37,3
ALCYR0012PR #18,13.00,49.57,3
ALCYR0012PR #12,17.00,54.37,3
ALCYR0012PR #14,17.00,54.37,3
ALCYR0012PR #16,17.00,54.37,3
ALCYR0013PR #10,20.00,63.96,3
ALCYR0013PR #12,20.00,63.96,3
ALCYR0013PR #14,20.00,63.96,3
ALCYR0013PR #16,20.00,63.96,3
ALCYR0013PR #18,20.00,63.96,3
ALCYR0014PR #14,11.00,41.94,3
ALCYR0014PR #10,12.00,45.76,3
ALCYR0014PR #12,12.00,45.76,0
ALCYR0014PR #16,12.00,45.76,0
ALCYR0014PR #18,12.00,45.76,0
ALCYR0015PR #10,18.00,57.56,3
ALCYR0015PR #12,18.00,57.56,3
ALCYR0015PR #14,18.00,57.56,3
ALCYR0015PR #16,18.00,57.56,0
ALCYR0015PR #18,18.00,57.56,0
ALCYR0005PR #12,22.00,70.36,3
ALCYR0005PR #14,22.00,70.36,3
ALCYR0005PR #16,22.00,70.36,3
ALCYR0005PR #18,22.00,70.36,3
ALCYR0005PR #10,23.00,73.55,3
604R4563PR #12,22.00,70.36,3
604R4563PR #14,22.00,70.36,3
604R4563PR #16,22.00,70.36,3
604R4563PR #18,22.00,70.36,3
602R3115PR #14,16.00,61.01,0
602R3115PR #16,18.00,57.56,3
602R3115PR #12,20.00,63.96,0
602R3115PR #18,20.00,63.96,0
581R3818PR #12,20.00,63.96,3
581R3818PR #14,20.00,63.96,3
581R3818PR #16,20.00,63.96,3
581R3818PR #18,20.00,63.96,3
HR-0142PR #10,37.00,118.33,3
HR-0142PR #12,37.00,118.33,0
HR-0142PR #14,37.00,118.33,0
HR-0142PR #16,37.00,118.33,0
HR-0142PR #18,37.00,118.33,0
HR-0142PR #20,37.00,118.33,0
HR-0125PR #20,31.00,99.14,3
HR-0125PR #10,35.00,111.93,0
HR-0125PR #12,35.00,111.93,3
HR-0125PR #14,35.00,111.93,0
HR-0125PR #16,35.00,111.93,0
HR-0125PR #18,35.00,111.93,0
ALCYR0001PR #10,41.00,121.03,3
ALCYR0001PR #12,41.00,121.03,3
ALCYR0001PR #16,41.00,121.03,0
ALCYR0001PR #18,41.00,121.03,0
ALCYR0001PR #14,41.00,121.03,3
HR-0250PR #18,42.00,123.98,0
HR-0250PR #20,42.00,123.98,0
HR-0250PR #10,49.00,144.65,0
HR-0250PR #12,49.00,144.65,0
HR-0250PR #14,49.00,144.65,0
HR-0250PR #16,49.00,144.65,0
HR-0133PR #10,17.00,54.37,0
HR-0133PR #18,17.00,54.37,3
HR-0133PR #12,18.00,57.56,3
HR-0133PR #16,18.00,57.56,0
HR-0133PR #20,18.00,57.56,0
HR-0133PR #14,23.00,73.55,0
HR-0082PR #10,35.00,111.93,3
HR-0082PR #12,35.00,111.93,3
HR-0082PR #14,35.00,111.93,3
HR-0082PR #16,35.00,111.93,0
HR-0082PR #18,35.00,111.93,0
HR-0082PR #20,35.00,111.93,0
600RH3053PR #12,20.00,63.96,3
600RH3053PR #14,20.00,63.96,3
600RH3053PR #16,20.00,63.96,3
600RH3053PR #18,20.00,63.96,3
600RH3053PR #10,20.00,63.96,0
603R4745PR #12,28.00,89.54,3
603R4745PR #14,28.00,89.54,3
603R4745PR #16,28.00,89.54,3
603R4745PR #18,28.00,89.54,3
603R2815PR #12,14.00,53.38,0
603R2815PR #14,14.00,53.38,0
603R2815PR #16,14.00,53.38,0
603R2815PR #18,14.00,53.38,0
646F2124PR #12,29.00,92.74,0
646F2124PR #14,31.00,99.14,3
646F2124PR #16,31.00,99.14,0
646F2124PR #18,31.00,99.14,0
578R4245PR #10,17.00,54.37,3
578R4245PR #14,17.00,54.37,3
578R4245PR #12,23.00,73.55,3
578R4245PR #16,23.00,73.55,3
578R4245PR #18,23.00,73.55,3
646F2319PR #14,26.00,83.15,0
646F2319PR #16,26.00,83.15,3
646F2319PR #18,26.00,83.15,0
646F2319PR #12,29.00,92.74,3
ALCEROS3M #12,18.00,57.56,3
ALCEROS3M #14,18.00,57.56,3
ALCEROS3M #16,18.00,57.56,3
ALCEROS3M #18,18.00,57.56,3
ALCEROS3M #20,18.00,57.56,3
ALCEROS3M #24,18.00,57.56,3
ALCEROR3M #14,18.00,57.56,0
ALCEROR3M #16,18.00,57.56,0
ALCEROR3M #18,18.00,57.56,3
ALCEROR3M #20,18.00,57.56,3
ALCEROR3M #24,18.00,57.56,3
603R3403PR #12,23.00,73.55,0
603R3403PR #14,23.00,73.55,0
603R3403PR #16,23.00,73.55,0
603R3403PR #18,23.00,73.55,0
581R4146PR #14,20.00,63.96,3
581R4146PR #12,26.00,83.15,0
581R4146PR #18,26.00,83.15,0
581R2903PR #10,18.00,57.56,3
581R2903PR #18,22.00,70.36,0
581R2903PR #12,23.00,73.55,3
581R2903PR #14,23.00,73.55,3
581R2903PR #16,23.00,73.55,3
603R5509PR #12,25.00,79.95,0
603R5509PR #14,25.00,79.95,0
603R5509PR #16,25.00,79.95,0
603R5509PR #18,25.00,79.95,0
ALCYR0006PR #10,41.00,121.03,3
ALCYR0006PR #12,41.00,121.03,0
ALCYR0006PR #14,41.00,121.03,3
ALCYR0006PR #16,41.00,121.03,3
ALCYR0006PR #18,41.00,121.03,3
ALCYR0007PR #10,18.00,57.56,3
ALCYR0007PR #12,22.00,70.36,3
ALCYR0007PR #14,22.00,70.36,3
ALCYR0007PR #16,22.00,70.36,3
ALCYR0007PR #18,22.00,70.36,3
ALCYR0008PR #14,20.00,63.96,0
ALCYR0008PR #10,24.00,76.75,3
ALCYR0008PR #12,25.00,79.95,3
ALCYR0008PR #16,25.00,79.95,3
ALCYR0009PR #12,26.00,83.15,0
ALCYR0009PR #14,26.00,83.15,0
ALCYR0009PR #16,26.00,83.15,0
ALCYR0009PR #10,28.00,89.54,3
CS-277WR #18,54.00,159.41,0
CS-277WR #20,54.00,159.41,0
708R3348PR #12,17.00,54.37,3
708R3348PR #14,17.00,54.37,3
708R3348PR #16,17.00,54.37,0
708R3348PR #18,17.00,54.37,3
604R5813PR #12,17.00,54.37,3
604R5813PR #14,17.00,54.37,3
604R5813PR #16,17.00,54.37,3
604R5813PR #18,17.00,54.37,3
602R3323PR #18,16.00,61.01,0
602R3323PR #12,17.00,54.37,0
602R3323PR #14,18.00,57.56,0
602R3323PR #16,18.00,57.56,0
602R3812PR #12,17.00,54.37,0
602R3812PR #14,18.00,57.56,0
602R3812PR #16,25.00,79.95,0
602R3812PR #18,25.00,79.95,0
602R3640PR #12,24.00,76.75,3
602R3640PR #14,24.00,76.75,3
602R3640PR #16,24.00,76.75,3
602R3640PR #18,24.00,76.75,0
602R3005PR #12,16.00,61.01,3
602R3005PR #14,16.00,61.01,3
602R3005PR #16,16.00,61.01,3
602R3005PR #18,18.00,57.56,0
R-0867PR #10,35.00,111.93,0
R-0867PR #12,35.00,111.93,0
R-0867PR #14,35.00,111.93,0
R-0867PR #16,35.00,111.93,0
R-0867PR #18,35.00,111.93,0
R-0867PR #20,35.00,111.93,3
581R2741PR #12,22.00,70.36,3
581R2741PR #14,22.00,70.36,3
581R2741PR #16,22.00,70.36,3
581R2741PR #18,22.00,70.36,3
634F2704PR #12,30.00,95.94,3
634F2704PR #14,30.00,95.94,3
634F2704PR #16,30.00,95.94,3
634F2704PR #18,30.00,95.94,3
581R3527PR #14,18.00,57.56,0
581R3527PR #16,18.00,57.56,0
581R3527PR #18,20.00,63.96,0
600R4552PR #12,37.00,118.33,0
600R4552PR #14,37.00,118.33,0
600R4552PR #16,37.00,118.33,0
600R4552PR #18,37.00,118.33,0
600R5838PR #12,28.00,89.54,3
600R5838PR #14,28.00,89.54,0
600R5838PR #16,28.00,89.54,3
600R5838PR #18,28.00,89.54,3
601R5251PR #12,29.00,92.74,3
601R5251PR #14,29.00,92.74,3
601R5251PR #16,31.00,99.14,3
601R5251PR #18,34.00,108.73,3
ALCYR0004PR #10,18.00,57.56,3
ALCYR0004PR #12,18.00,57.56,3
ALCYR0004PR #16,18.00,57.56,3
ALCYR0004PR #18,18.00,57.56,0
ALCYR0004PR #14,22.00,70.36,3
604R3231PR #10,22.00,70.36,3
604R3231PR #12,22.00,70.36,3
604R3231PR #14,22.00,70.36,3
604R3231PR #16,22.00,70.36,0
602R4447PR #10,26.00,83.15,3
602R4447PR #12,28.00,89.54,3
602R4447PR #14,28.00,89.54,3
602R4447PR #16,28.00,89.54,3
602R4447PR #18,28.00,89.54,0
708R4104PR #12,24.00,76.75,0
708R4104PR #16,24.00,76.75,0
708R4104PR #14,25.00,79.95,0
602R4955PR #12,20.00,63.96,3
602R4955PR #14,20.00,63.96,3
602R4955PR #16,20.00,63.96,3
602R4955PR #18,20.00,63.96,3
581R3548PR #16,16.00,61.01,0
581R3548PR #14,17.00,54.37,0
601R2549PR #10,20.00,63.96,3
601R2549PR #12,22.00,70.36,3
601R2549PR #14,22.00,70.36,3
601R2549PR #16,22.00,70.36,3
601R2549PR #18,22.00,70.36,3
601R2408PR #12,17.00,54.37,0
601R2408PR #16,20.00,63.96,0
601R2408PR #14,24.00,76.75,0
601R2408PR #18,24.00,76.75,0
603R2736PR #12,23.00,73.55,3
603R2736PR #14,25.00,79.95,0
603R2736PR #16,25.00,79.95,0
603R2736PR #18,25.00,79.95,0
ALP0001PR #12,37.00,118.33,0
ALP0001PR #14,37.00,118.33,0
ALP0001PR #16,37.00,118.33,0
ALP0001PR #18,37.00,118.33,0
ALCYR0010PR #10,20.00,63.96,0
ALCYR0010PR #12,20.00,63.96,0
ALCYR0010PR #14,20.00,63.96,0
ALCYR0010PR #16,20.00,63.96,0
ALCYR0010PR #18,22.00,70.36,0
ALP0002PR #12,29.00,92.74,0
ALP0002PR #14,30.00,95.94,0
ALP0002PR #16,34.00,108.73,0
ALP0002PR #18,34.00,108.73,0
ALP0002PR #20,35.00,111.93,0
ALP0009PR #12,53.00,156.46,0
ALP0009PR #14,53.00,156.46,0
ALP0009PR #16,53.00,156.46,0
ALP0009PR #18,53.00,156.46,0
ALP0010PR #12,40.00,127.92,0
ALP0010PR #14,40.00,127.92,0
ALP0010PR #16,40.00,127.92,0
ALP0010PR #18,40.00,127.92,0
ALCYR0018PR #20,20.00,63.96,0
ALCYR0018PR #12,31.00,99.14,3
ALCYR0018PR #14,34.00,108.73,3
ALCYR0018PR #16,35.00,111.93,3
ALCYR0018PR #18,35.00,111.93,3
CS-061WY #18,44.00,129.89,0
CS-061WY #24,44.00,129.89,0
CS-061SY #18,47.00,138.74,3
CS-061SY #20,47.00,138.74,0
CS-061SR #24,49.00,144.65,0
CS-061SR #18,49.00,144.65,3
CS-061RR #18,48.00,141.70,0
CS-061RR #24,48.00,141.70,3
CS-061RY #24,48.00,141.70,3
ALCER0008PBY #20,52.00,153.50,0
ALCER0008PBY #10,52.00,153.50,0
ALCER0008PWR #10,52.00,153.50,0
ALCER0008PSR #12,56.00,165.31,3
ALCER0008PSR #14,56.00,165.31,3
ALCER0008PSR #16,56.00,165.31,3
ALCER0008PSR #18,56.00,165.31,3
ALCER0008PSR #20,56.00,165.31,3
ALCER0008PSR #10,56.00,165.31,3
ALCER0008PSY #12,56.00,165.31,3
ALCER0008PSY #14,56.00,165.31,3
ALCER0008PSY #16,56.00,165.31,3
ALCER0008PSY #18,56.00,165.31,3
ALCER0008PSY #20,56.00,165.31,3
ALCER0008PSY #24,56.00,165.31,0
ALCER0008PSY #10,56.00,165.31,3
ALCER0008PRR #20,56.00,165.31,0
ALCER0008PRR #24,56.00,165.31,3
CS-1008ASY #20,53.00,156.46,3
CS-1008ASY #24,53.00,156.46,3
CS-1008ASY #14,55.00,162.36,3
CS-1008ASY #16,55.00,162.36,3
CS-1008ASY #18,55.00,162.36,3
CS-1008ASR #20,53.00,156.46,3
CS-1008ASR #16,53.00,156.46,0
CS-1008ASR #18,54.00,159.41,0
ALCER0008PRY #20,49.00,144.65,0
ALCER0008PRY #24,49.00,144.65,3
ALCER0008PRY #18,52.00,153.50,0
ALP0011PR #12,31.00,99.14,3
ALP0011PR #14,31.00,99.14,0
ALP0011PR #16,31.00,99.14,0
ALP0011PR #18,31.00,99.14,0
ALP0012PR #14,36.00,115.13,0
ALP0012PR #12,36.00,115.13,0
ALP0012PR #16,36.00,115.13,0
ALP0012PR #18,36.00,115.13,3
PR-83PY #10,16.00,61.01,3
PR-83PY #12,16.00,61.01,3
PR-83PY #14,16.00,61.01,3
PR-83PY #16,16.00,61.01,3
PR-83PY #18,16.00,61.01,3
PR-83PY #20,16.00,61.01,3
PR-83PR #10,18.00,57.56,0
PR-83PR #12,18.00,57.56,0
PR-83PR #14,18.00,57.56,0
PR-83PR #16,18.00,57.56,0
PR-83PR #18,18.00,57.56,0
PR-83PR #20,18.00,57.56,0
PR-86PY #10,16.00,61.01,3
PR-86PY #12,16.00,61.01,3
PR-86PY #14,16.00,61.01,3
PR-86PY #16,16.00,61.01,3
PR-86PY #18,16.00,61.01,3
PR-86PY #20,16.00,61.01,3
PR-85PY #10,16.00,61.01,0
PR-85PY #12,16.00,61.01,3
PR-85PY #14,16.00,61.01,3
PR-85PY #16,16.00,61.01,3
PR-85PY #18,16.00,61.01,3
PR-85PY #20,16.00,61.01,3
PR-84PY #10,16.00,61.01,3
PR-84PY #12,16.00,61.01,3
PR-84PY #14,16.00,61.01,3
PR-84PY #16,16.00,61.01,3
PR-84PY #18,16.00,61.01,3
PR-84PY #20,16.00,61.01,3
ALSIL0001PG #10,20.00,63.96,0
ALSIL0001PG #12,20.00,63.96,0
ALSIL0001PG #14,20.00,63.96,3
ALSIL0001PG #16,20.00,63.96,0
ALSIL0001PG #18,20.00,63.96,0
ALSIL0001PG #20,20.00,63.96,0
ALSIL0001PR #10,13.00,49.57,0
ALSIL0001PR #16,13.00,49.57,0
ALSIL0001PR #18,13.00,49.57,0
ALSIL0001PR #12,20.00,63.96,0
ALSIL0001PY #14,12.00,45.76,0
ALSIL0001PY #16,13.00,49.57,0
ALSIL0001PY #20,13.00,49.57,0
ALSIL0001PY #12,13.00,49.57,0
ALSIL0001PY #18,13.00,49.57,0
ALSIL0002PR #10,17.00,54.37,0
ALSIL0002PR #12,17.00,54.37,0
ALSIL0002PR #14,17.00,54.37,0
ALSIL0002PR #16,17.00,54.37,0
ALSIL0002PR #18,17.00,54.37,0
ALSIL0002PY #10,18.00,57.56,0
ALSIL0002PY #12,18.00,57.56,0
ALSIL0002PY #14,18.00,57.56,0
ALSIL0002PY #16,18.00,57.56,0
ALSIL0002PY #18,18.00,57.56,0
ALSIL0002PG #10,17.00,54.37,0
ALSIL0002PG #12,17.00,54.37,0
ALSIL0002PG #14,17.00,54.37,0
ALSIL0002PG #16,17.00,54.37,0
ALSIL0002PG #18,17.00,54.37,0
PBM1932 #BIAŁY,26.00,83.15,0
PBM1932 #LAWENDA,26.00,83.15,0
PBM1932 #AQUA,26.00,83.15,0
CS-127WR #18,42.00,123.98,0
CS-127WR #24,42.00,123.98,0
CS-127SY #12,47.00,138.74,3
CS-127SY #14,47.00,138.74,3
CS-127SY #16,47.00,138.74,3
CS-127SY #18,47.00,138.74,3
CS-127SY #20,47.00,138.74,3
CS-127SY #24,47.00,138.74,3
CS-145SY #12,47.00,138.74,3
CS-145SY #14,47.00,138.74,3
CS-145SY #16,47.00,138.74,3
CS-145SY #18,47.00,138.74,3
CS-145SY #20,47.00,138.74,3
CS-145SY #24,47.00,138.74,3
PBM2147 #BIAŁY,42.00,123.98,3
PBM2147 #RÓŻOWY,42.00,123.98,3
PBM2147 #AMETYST,42.00,123.98,0
PBM2147 #LAWENDA,42.00,123.98,0
PBM2147 #AQUA,42.00,123.98,3
PBM1524 #BIAŁY,26.00,83.15,3
PBM1524 #AMETYST,26.00,83.15,0
PBM1524 #LAWENDA,26.00,83.15,0
PBM2130 #BIAŁY,41.00,121.03,3
PBM2130 #RÓŻOWY,41.00,121.03,3
PBM2130 #AMETYST,41.00,121.03,3
PBM2130 #AQUA,41.00,121.03,3
PBM2130 #LAWENDA,41.00,121.03,0
PBM1538 #BIAŁY,26.00,83.15,3
PBM1538 #RÓŻOWY,26.00,83.15,0
PBM1538 #AMETYST,26.00,83.15,0
PBM1538 #LAWENDA,26.00,83.15,0
PBM1538 #AQUA,26.00,83.15,0
PBN0057 #BIAŁY,26.00,83.15,3
PBN0057 #RÓŻOWY,26.00,83.15,0
PBN0057 #AMETYST,26.00,83.15,0
PBN0057 #LAWENDA,26.00,83.15,0
PBN0057 #AQUA,26.00,83.15,0
PBN1126 #BIAŁY,26.00,83.15,0
PBN1126 #AMETYST,26.00,83.15,0
PBN1126 #LAWENDA,26.00,83.15,0
PBM1872 #BIAŁY,26.00,83.15,0
PBM1872 #RÓŻOWY,26.00,83.15,0
PBM1872 #AMETYST,26.00,83.15,0
PBM1872 #LAWENDA,26.00,83.15,0
PBM1872 #AQUA,26.00,83.15,0
PBN1068 #BIAŁY,26.00,83.15,3
PBN1068 #RÓŻOWY,26.00,83.15,0
PBN1068 #AMETYST,26.00,83.15,3
PBN1068 #LAWENDA,26.00,83.15,0
PBN1068 #AQUA,26.00,83.15,0
PBM1931 #BIAŁY,26.00,83.15,3
PBM1931 #AMETYST,26.00,83.15,0
PBM1931 #LAWENDA,26.00,83.15,0
PBM1931 #AQUA,26.00,83.15,0
PBM1902 #AMETYST,26.00,83.15,0
PBM1902 #LAWENDA,26.00,83.15,0
PBM2109 #BIAŁY,37.00,118.33,0
PBM2109 #RÓŻOWY,37.00,118.33,0
PBM2109 #AMETYST,37.00,118.33,0
PBM2109 #LAWENDA,37.00,118.33,0
PBM2109 #AQUA,37.00,118.33,0
PBM2156 #BIAŁY,26.00,83.15,0
ALP0001S #RUBIN,10.00,38.13,3
PBN1140-IL #LAWENDA,41.00,121.03,0
PBN1140-IL #AQUA,41.00,121.03,3
PBN1140-IL #BIAŁY,41.00,121.03,3
PBN1140-IL #RUBIN,41.00,121.03,0
PBM2042-IF #BIAŁY,40.00,127.92,3
PBM2042-IF #LAWENDA,40.00,127.92,0
PBM2042-IF #RUBIN,40.00,127.92,3
PBM2042-IF #SZAFIR,40.00,127.92,3
PBM2042-IF #AQUA,40.00,127.92,3
PBM2042-IF #RÓŻOWY,40.00,127.92,0
PBN1134-IL #BIAŁY,41.00,121.03,3
PBN1134-IL #SZAFIR,41.00,121.03,0
PBN1134-IL #AQUA,41.00,121.03,0
PBN1134-IL #RUBIN,41.00,121.03,0
PBN1134-IL #LAWENDA,41.00,121.03,0
PBN1134-IL #RÓŻOWY,41.00,121.03,0
PBM2086-IH #BIAŁY,25.00,79.95,0
PBM2086-IH #RÓŻOWY,25.00,79.95,0
PBM2087-IH #BIAŁY,25.00,79.95,3
PBM2087-IH #RUBIN,25.00,79.95,0
PBM2087-IH #SZAFIR,25.00,79.95,0
PBM2087-IH #RÓŻOWY,25.00,79.95,0
PBM2067-IF #RUBIN,28.00,89.54,0
PBM2067-IF #RÓŻOWY,28.00,89.54,0
PBM2067-IF #AQUA,28.00,89.54,0
PBM2028-IH #BIAŁY,30.00,95.94,3
PBM2028-IH #AQUA,30.00,95.94,0
PBM1998-IL #BIAŁY,30.00,95.94,0
PBM1998-IL #AQUA,30.00,95.94,0
PBM1998-IL #LAWENDA,30.00,95.94,0
PBM1070-IL #BIAŁY,37.00,118.33,0
PBM1070-IL #SZAFIR,37.00,118.33,0
PBM1070-IL #AQUA,37.00,118.33,0
PBM1070-IL #RUBIN,37.00,118.33,0
PBM1070-IL #LAWENDA,37.00,118.33,0
PBM1070-IL #RÓŻOWY,37.00,118.33,0
PBM2072-IL #BIAŁY,40.00,127.92,3
PBM2072-IL #SZAFIR,40.00,127.92,3
PBM2072-IL #AQUA,40.00,127.92,3
PBM2072-IL #RUBIN,40.00,127.92,0
PBM2072-IL #RÓŻOWY,40.00,127.92,0
PBM2072-IL #LAWENDA,40.00,127.92,3
PBN1153-IJ #BIAŁY,37.00,118.33,3
PBN1153-IJ #SZAFIR,37.00,118.33,0
PBN1153-IJ #AQUA,37.00,118.33,3
PBN1153-IJ #RUBIN,37.00,118.33,3
PBN1153-IJ #RÓŻOWY,37.00,118.33,3
PBN1153-IJ #LAWENDA,37.00,118.33,3
PBM1882-IL #BIAŁY,30.00,95.94,3
PBM2082-IK #LAWENDA,30.00,95.94,0
PBM2082-IK #SZAFIR,30.00,95.94,0
PBM2068-IL #BIAŁY,30.00,95.94,0
PBM2068-IL #RUBIN,30.00,95.94,0
PBM2068-IL #LAWENDA,30.00,95.94,0
PBM2068-IL #SZAFIR,30.00,95.94,0
PBM2068-IL #AQUA,30.00,95.94,0
PBM2068-IL #RÓŻOWY,30.00,95.94,0
PBN1142-IL #BIAŁY,31.00,99.14,3
PBN1142-IL #RUBIN,31.00,99.14,0
PBN1142-IL #RÓŻOWY,31.00,99.14,0
PBN1142-IL #LAWENDA,31.00,99.14,0
PBN1142-IL #SZAFIR,31.00,99.14,0
PBN1142-IL #AQUA,31.00,99.14,0
PBM1928 #BIAŁY,26.00,83.15,3
PBM1928 #LAWENDA,26.00,83.15,0
PBM1928 #AQUA,26.00,83.15,0
PBM1443 #BIAŁY,26.00,83.15,0
PBM1443 #AMETYST,26.00,83.15,0
PBM1443 #LAWENDA,26.00,83.15,0
PBM1443 #AQUA,26.00,83.15,0
FDBLY0001 #BIAŁY,26.00,83.15,0
FDBLY0001 #AQUA,26.00,83.15,0
PBM2101-IL #BIAŁY,31.00,99.14,3
PBM2101-IL #SZAFIR,31.00,99.14,0
PBM2101-IL #RUBIN,31.00,99.14,0
PBM2101-IL #LAWENDA,31.00,99.14,0
PBM2101-IL #RÓŻOWY,31.00,99.14,0
PBM2101-IL #AQUA,31.00,99.14,0
PBM2038-IL #BIAŁY,37.00,118.33,3
PBM2038-IL #LAWENDA,37.00,118.33,0
PBM2038-IL #RUBIN,37.00,118.33,0
PBM2075-IL #BIAŁY,34.00,108.73,3
PBM2075-IL #SZAFIR,34.00,108.73,0
CS-1125BR #20,43.00,126.94,0
CS-1125BR #12,58.00,171.22,3
CS-1125BR #14,58.00,171.22,3
CS-1125BR #16,58.00,171.22,0
CS-1125BR #18,58.00,171.22,3
CS-1125BR #20,58.00,171.22,3
PBM2029-IC #BIAŁY,43.00,126.94,0
PBM2029-IC #LAWENDA,43.00,126.94,0
PBM2029-IC #RUBIN,43.00,126.94,0
PBM2066-IL #BIAŁY,29.00,92.74,3
PBM2066-IL #RUBIN,29.00,92.74,3
PBM2066-IL #AQUA,29.00,92.74,3
PBM2066-IL #SZAFIR,29.00,92.74,3
PBM2066-IL #RÓŻOWY,29.00,92.74,3
PBM2066-IL #LAWENDA,29.00,92.74,3
PBN1146-IC #BIAŁY,29.00,92.74,3
PBN1146-IC #AQUA,29.00,92.74,0
PBN1146-IC #RUBIN,29.00,92.74,3
PBN1146-IC #LAWENDA,29.00,92.74,0
PBN1146-IC #SZAFIR,29.00,92.74,0
PBN1146-IC #RÓŻOWY,29.00,92.74,3
PBN1136-IL #BIAŁY,29.00,92.74,0
PBN1136-IL #RUBIN,29.00,92.74,0
PBN1136-IL #SZAFIR,29.00,92.74,0
PBN1136-IL #AQUA,29.00,92.74,0
PBN1136-IL #RÓŻOWY,29.00,92.74,0
PBM2088-II #BIAŁY,29.00,92.74,3
PBM2088-II #SZAFIR,29.00,92.74,0
PBM2088-II #RUBIN,29.00,92.74,0
PBM2088-II #AQUA,29.00,92.74,0
PBM2088-II #RÓŻOWY,29.00,92.74,0
PBM2088-II #LAWENDA,29.00,92.74,0
PBM2064-IL #LAWENDA,29.00,92.74,0
PBM2039-IL #BIAŁY,29.00,92.74,0
PBM2039-IL #AQUA,29.00,92.74,0
PBN1131-IL #RUBIN,29.00,92.74,0
PBN989-ED #RUBIN,29.00,92.74,0
PBN988-ED #ZIELONY,29.00,92.74,3
PBM1526-ED #SZAFIR,29.00,92.74,0
ALG0001PY #12,61.00,180.07,3
ALG0001PY #14,61.00,180.07,0
ALG0001PY #16,61.00,180.07,0
ALG0001PY #18,61.00,180.07,0
CS-1187WY #12,60.00,177.12,3
CS-1187WY #14,60.00,177.12,3
CS-1187WY #16,60.00,177.12,3
CS-1187WY #18,60.00,177.12,3
CS-1187WY #20,60.00,177.12,3
CS-1187WY #14,107.32,290.41,0
ALG0002PG #12,55.00,162.36,0
ALG0002PG #14,55.00,162.36,0
ALG0002PG #16,55.00,162.36,0
ALG0002PG #18,55.00,162.36,0
HR-0126 #12,58.00,171.22,3
HR-0126 #14,58.00,171.22,0
HR-0126 #16,58.00,171.22,3
HR-0126 #18,58.00,171.22,0
HSR-0231 #12,50.00,147.60,3
HSR-0231 #14,50.00,147.60,3
HSR-0231 #16,50.00,147.60,3
HSR-0231 #18,50.00,147.60,3
R3105 #12,73.00,215.50,3
R3105 #14,73.00,215.50,0
R3105 #10,73.00,215.50,3
R3105 #16,73.00,215.50,0
R3105 #18,73.00,215.50,3
PBN907-ED #AQUA,29.00,92.74,0
CS-076SR #12,47.00,138.74,3
CS-076SR #14,47.00,138.74,3
CS-076SR #16,47.00,138.74,3
CS-076SR #18,47.00,138.74,3
CS-076SR #20,47.00,138.74,0
CS-076SR #24,47.00,138.74,3
CS-076SY #16,47.00,138.74,0
CS-076SY #18,47.00,138.74,3
CS-076SY #24,47.00,138.74,3
CS-057SR #12,78.00,230.26,3
CS-057SR #14,78.00,230.26,0
CS-057SR #18,78.00,230.26,0
CS-057SR #20,78.00,230.26,0
CS-057SR #24,78.00,230.26,3
CS-057SY #14,78.00,230.26,3
CS-057SY #16,78.00,230.26,3
CS-057SY #18,78.00,230.26,3
CS-057SY #20,78.00,230.26,3
CS-057SY #24,78.00,230.26,3
CS-277SY #10,61.00,180.07,0
CS-277SY #12,61.00,180.07,3
CS-277SY #14,61.00,180.07,3
CS-277SY #16,61.00,180.07,3
CS-277SY #18,61.00,180.07,3
CS-277SY #20,61.00,180.07,3
CS-277SY #24,61.00,180.07,3
ALCER0010PRR #18,37.00,118.33,0
ALCER0010PRR #20,37.00,118.33,0
ALCER0010PRR #24,37.00,118.33,0
ALCER0010PRR #16,37.00,118.33,0
CS-076RR #18,47.00,138.74,0
CS-076RR #24,47.00,138.74,3
CS-076RY #18,47.00,138.74,0
CS-076RY #24,47.00,138.74,0
ALCER0010PRY #14,37.00,118.33,0
ALCER0010PRY #16,37.00,118.33,0
ALCER0010PRY #20,37.00,118.33,0
ALCER0010PRY #24,37.00,118.33,3
ALCER0010PRY #18,37.00,118.33,0
ALCER0010PSR #24,36.00,115.13,3
603R2911PR #12,18.00,57.56,3
603R2911PR #14,18.00,57.56,0
603R2911PR #18,18.00,57.56,3
603R2911PR #16,20.00,63.96,3
ALCYR0002PR #10,23.00,73.55,3
ALCYR0002PR #14,25.00,79.95,3
ALCYR0002PR #12,26.00,83.15,0
ALCYR0002PR #16,26.00,83.15,0
ALCYR0003PR #14,18.00,57.56,0
ALCYR0003PR #10,22.00,70.36,0
ALCYR0003PR #12,22.00,70.36,0
ALCYR0003PR #16,22.00,70.36,0
OBR038 #7,48.00,141.70,3
OBR038 #8,48.00,141.70,3
OBR038 #9,48.00,141.70,0
OBR038 #10,48.00,141.70,0
OBR038 #11,48.00,141.70,0
OBR038 #12,48.00,141.70,3
OBR038 #13,48.00,141.70,0
OBR038 #14,52.00,153.50,0
OBR038 #15,52.00,153.50,0
OBR038 #17,52.00,153.50,0
OBR038 #16,52.00,153.50,3
OBR038 #18,58.00,171.22,0
OBR038 #19,58.00,171.22,0
OBR038 #20,58.00,171.22,0
OBR038 #21,58.00,171.22,3
OBR038 #22,58.00,171.22,0
OBR038 #23,58.00,171.22,0
OBR038 #24,61.00,180.07,3
OBR038 #25,62.00,183.02,0
OBR038 #26,62.00,183.02,0
OBR038 #28,66.00,194.83,0
OBR038 #27,66.00,194.83,0
OBR038 #29,70.00,206.64,0
OBR038 #30,70.00,206.64,0
OBR038 #31,70.00,206.64,0
OBR039 #8,28.00,89.54,3
OBR039 #9,28.00,89.54,3
OBR039 #7,30.00,95.94,3
OBR039 #15,31.00,99.14,0
OBR039 #17,31.00,99.14,0
OBR039 #10,34.00,108.73,0
OBR039 #11,34.00,108.73,0
OBR039 #12,34.00,108.73,0
OBR039 #13,34.00,108.73,0
OBR039 #14,34.00,108.73,0
OBR039 #16,35.00,111.93,0
OBR039 #18,35.00,111.93,0
OBR039 #19,35.00,111.93,0
OBR039 #20,35.00,111.93,0
OBR039 #21,35.00,111.93,0
OBR039 #22,35.00,111.93,0
OBR039 #23,35.00,111.93,3
OBR039 #24,35.00,111.93,0
OBR039 #25,40.00,127.92,0
OBR039 #26,41.00,121.03,0
OBR039 #27,41.00,121.03,0
OBR039 #29,41.00,121.03,0
OBR039 #30,41.00,121.03,0
OBR039 #28,43.00,126.94,0
ALEP037 #17,30.00,95.94,0
ALEP037 #12,30.00,95.94,0
ALEP037 #14,30.00,95.94,0
ALEP037 #19,30.00,95.94,0
ALEP037 #10,30.00,95.94,0
ALEP038 #20,40.00,127.92,0
ALEP038 #12,40.00,127.92,0
ALEP038 #14,40.00,127.92,0
ALEP038 #16,40.00,127.92,0
ALEP038 #18,40.00,127.92,0
ALEP038 #10,40.00,127.92,0
CS-1124BR #16,56.00,165.31,0
CS-1124BR #18,56.00,165.31,3
CS-1122BR #14,60.00,177.12,0
CS-1122BR #16,60.00,177.12,0
CS-1122BR #18,60.00,177.12,3
CS-1122BR #20,60.00,177.12,0
CS-1145BR #12,62.00,183.02,0
CS-1145BR #14,62.00,183.02,3
CS-1145BR #16,62.00,183.02,3
CS-1145BR #18,62.00,183.02,3
CS-1145BR #20,62.00,183.02,3
CS-1147BR #12,58.00,171.22,0
CS-1147BR #14,58.00,171.22,3
CS-1147BR #16,58.00,171.22,3
CS-1147BR #18,58.00,171.22,3
CS-1147BR #20,58.00,171.22,3
CS-1175BR #12,60.00,177.12,0
CS-1175BR #14,60.00,177.12,3
CS-1175BR #16,60.00,177.12,3
CS-1175BR #18,60.00,177.12,3
CS-1175BR #20,60.00,177.12,3
CS-1189BR#12,62.00,183.02,3
CS-1189BR #14,62.00,183.02,3
CS-1189BR #16,62.00,183.02,3
CS-1189BR #18,62.00,183.02,3
CS-1189BR #20,62.00,183.02,3
CS-1197BR #12,64.00,188.93,0
CS-1197BR #14,64.00,188.93,3
CS-1197BR #16,64.00,188.93,3
CS-1197BR #18,64.00,188.93,3
CS-1197BR #20,64.00,188.93,3
CS-1149BR #18,71.00,209.59,0
CS-1149BR #20,71.00,209.59,0
CS-1152BR #12,76.00,224.35,0
CS-1152BR #18,76.00,224.35,0
CS-1186BR #12,76.00,224.35,0
CS-1186BR #14,76.00,224.35,0
CS-1186BR #16,76.00,224.35,0
CS-1186BR #18,76.00,224.35,0
CS-1167BR #12,38.00,121.52,3
CS-1167BR #14,38.00,121.52,3
CS-1167BR #16,38.00,121.52,3
CS-1167BR #18,38.00,121.52,3
CS-1167BR #20,38.00,121.52,0
CS-1162BR #12,73.00,215.50,3
CS-1162BR #14,73.00,215.50,3
CS-1162BR #16,73.00,215.50,3
CS-1162BR #18,73.00,215.50,3
CS-1162BR #20,73.00,215.50,3
CS-1165BR #12,70.00,206.64,3
CS-1165BR #14,70.00,206.64,3
CS-1165BR #16,70.00,206.64,3
CS-1165BR #18,70.00,206.64,3
CS-1165BR #20,70.00,206.64,3
CS-1157BR #12,62.00,183.02,3
CS-1157BR #14,62.00,183.02,3
CS-1157BR #16,62.00,183.02,3
CS-1157BR #18,62.00,183.02,3
CS-1157BR #20,62.00,183.02,3
CS-1156BR #12,56.00,165.31,3
CS-1156BR #14,56.00,165.31,3
CS-1156BR #16,56.00,165.31,3
CS-1156BR #18,56.00,165.31,3
CS-1156BR #20,56.00,165.31,3
CS-1171WY #12,42.00,123.98,3
CS-1171WY #14,42.00,123.98,3
CS-1171WY #16,42.00,123.98,3
CS-1171WY #18,42.00,123.98,3
CS-1171WY #20,42.00,123.98,3
CS-1193WY #18,58.00,171.22,0
CS-1193WY #20,58.00,171.22,0
CS-1168BR #12,52.00,153.50,0
CS-1168BR #14,52.00,153.50,3
CS-1168BR #16,52.00,153.50,3
CS-1168BR #18,52.00,153.50,3
CS-1168BR #20,52.00,153.50,3
CS-1196BR #14,53.00,156.46,0
CS-1196BR #16,53.00,156.46,0
CS-1169BR #12,62.00,183.02,3
CS-1169BR #14,62.00,183.02,3
CS-1169BR #16,62.00,183.02,3
CS-1169BR #18,62.00,183.02,3
CS-1169BR #20,62.00,183.02,3
CS-1191BR #12,62.00,183.02,3
CS-1191BR #14,62.00,183.02,3
CS-1191BR #16,62.00,183.02,0
CS-1191BR #18,62.00,183.02,3
CS-1192WY #16,67.00,197.78,0
CS-1192WY #18,67.00,197.78,0
CS-1081WY #12,77.00,227.30,0
CS-1081WY #14,77.00,227.30,0
CS-1081WY #16,77.00,227.30,0
CS-1081WY #18,77.00,227.30,0
CS-1081WY #20,77.00,227.30,0
CS-1080BR #12,74.00,218.45,3
CS-1080BR #14,74.00,218.45,3
CS-1080BR #16,74.00,218.45,3
CS-1080BR #18,74.00,218.45,3
CS-1080BR #20,74.00,218.45,3
CS-1194WY #16,62.00,183.02,0
CS-1164WY #12,76.00,224.35,0
CS-1164WY #14,76.00,224.35,0
CS-1164WY #16,76.00,224.35,3
CS-1164WY #18,76.00,224.35,3
CS-1164WY #20,76.00,224.35,3
CS-1195BR #12,64.00,188.93,0
CS-1195BR #16,64.00,188.93,0
CS-1195BR #18,64.00,188.93,3
CS-1195BR #20,64.00,188.93,0
CS-1164BR #12,77.00,227.30,3
CS-1164BR #14,77.00,227.30,3
CS-1164BR #16,77.00,227.30,3
CS-1164BR #18,77.00,227.30,3
CS-1164BR #20,77.00,227.30,3
CS-166PBR #14,103.00,278.72,3
CS-166PBR #17,103.00,278.72,3
CS-166PBR #20,103.00,278.72,3
CS-166PBR #22,103.00,278.72,3
CS-167PWR #14,103.00,278.72,3
CS-167PWR #17,103.00,278.72,3
CS-167PWR #20,103.00,278.72,3
CS-167PWR #22,103.00,278.72,3
P-710 #25,61.00,180.07,0
P-710 #21,84.00,227.30,3
P-710 #22,88.00,238.13,0
P-710 #28,88.00,238.13,0
P-710 #20,89.00,240.83,3
P-710 #31,89.00,240.83,3
P-710 #23,90.00,243.54,3
P-710 #27,90.00,243.54,3
P-710 #26,91.00,246.25,0
P-710 #24,92.00,248.95,0
P-710 #30,97.00,262.48,0
P-710 #29,97.00,262.48,3
P-695 #21,136.00,334.56,0
P-695 #20,143.00,351.78,3
P-695 #25,143.00,351.78,3
P-695 #22,146.00,359.16,3
P-695 #24,148.00,364.08,3
P-695 #23,148.00,364.08,3
P-695 #26,156.00,383.76,3
P-695 #27,156.00,383.76,3
P-695 #30,158.00,388.68,3
P-695 #31,158.00,388.68,3
P-695 #28,160.00,393.60,3
P-695 #29,160.00,393.60,3
P-696 #24,80.00,236.16,0
P-696 #20,83.00,224.60,0
P-696 #26,83.00,224.60,0
P-696 #22,86.00,232.72,0
P-696 #30,89.00,240.83,3
P-696 #28,91.00,246.25,0
P-706 #20,58.00,171.22,0
P-706 #22,60.00,177.12,0
P-706 #24,60.00,177.12,0
P-706 #26,61.00,180.07,0
P-706 #28,62.00,183.02,0
P-706 #30,64.00,188.93,0
P-705 #31,48.00,141.70,0
P-705 #22,56.00,165.31,0
P-705 #20,68.00,200.74,3
P-705 #24,70.00,206.64,0
P-705 #21,70.00,206.64,0
P-705 #25,71.00,209.59,3
P-705 #28,73.00,215.50,0
P-705 #23,73.00,215.50,3
P-705 #26,74.00,218.45,0
P-705 #30,74.00,218.45,0
P-705 #27,74.00,218.45,3
P-705 #29,74.00,218.45,0
P-711 #21,47.00,138.74,3
P-711 #25,47.00,138.74,0
P-711 #26,47.00,138.74,0
P-711 #20,47.00,138.74,0
P-711 #23,48.00,141.70,0
P-711 #27,48.00,141.70,0
P-711 #22,48.00,141.70,3
P-711 #24,48.00,141.70,0
P-711 #29,52.00,153.50,3
P-711 #31,52.00,153.50,3
P-711 #28,53.00,156.46,0
P-711 #30,53.00,156.46,3
SL001 #17CM,175.00,387.45,3
SL001 #18CM,182.00,402.95,0
SL001 #19CM,202.00,447.23,3
SL001 #21CM,203.00,449.44,3
SL001 #20CM,214.00,473.80,0
OBR011 #8,34.00,108.73,3
OBR011 #9,34.00,108.73,3
OBR011 #10,34.00,108.73,3
OBR011 #11,34.00,108.73,3
OBR011 #12,35.00,111.93,3
OBR011 #19,35.00,111.93,0
OBR011 #13,37.00,118.33,0
OBR011 #17,37.00,118.33,3
OBR011 #14,38.00,121.52,3
OBR011 #15,41.00,121.03,3
OBR011 #20,41.00,121.03,0
OBR011 #16,44.00,129.89,3
OBR011 #21,44.00,129.89,0
OBR011 #22,44.00,129.89,0
OBR011 #23,47.00,138.74,3
OBR011 #24,52.00,153.50,0
OBR011 #28,52.00,153.50,0
OBR011 #18,54.00,159.41,0
OBR011 #31,61.00,180.07,3
OBR011 #30,62.00,183.02,3
OBR011 #25,64.00,188.93,3
OBR011 #27,64.00,188.93,3
OBR011 #29,64.00,188.93,3
OBR011 #26,67.00,197.78,3
OBR012 #8,28.00,89.54,3
OBR012 #9,28.00,89.54,3
OBR012 #10,28.00,89.54,3
OBR012 #11,28.00,89.54,3
OBR012 #15,28.00,89.54,0
OBR012 #12,31.00,99.14,3
OBR012 #13,31.00,99.14,0
OBR012 #14,31.00,99.14,3
OBR012 #16,31.00,99.14,0
OBR012 #28,31.00,99.14,3
OBR012 #29,31.00,99.14,0
OBR012 #18,34.00,108.73,0
OBR012 #17,35.00,111.93,0
OBR012 #19,35.00,111.93,3
OBR012 #20,35.00,111.93,0
OBR012 #21,35.00,111.93,0
OBR012 #30,37.00,118.33,0
OBR012 #31,37.00,118.33,0
OBR012 #22,38.00,121.52,3
OBR012 #23,38.00,121.52,3
OBR012 #24,38.00,121.52,3
OBR012 #25,38.00,121.52,0
OBR012 #26,38.00,121.52,3
OBR012 #27,40.00,127.92,3
OBR021 #13,35.00,111.93,0
OBR021 #17,35.00,111.93,3
OBR021 #8,37.00,118.33,3
OBR021 #9,37.00,118.33,3
OBR021 #10,37.00,118.33,0
OBR021 #11,37.00,118.33,0
OBR021 #12,37.00,118.33,0
OBR021 #14,40.00,127.92,3
OBR021 #15,40.00,127.92,0
OBR021 #16,40.00,127.92,0
OBR021 #18,40.00,127.92,0
OBR021 #19,40.00,127.92,0
OBR021 #20,41.00,121.03,0
OBR021 #21,41.00,121.03,0
OBR021 #22,41.00,121.03,0
OBR021 #23,41.00,121.03,3
OBR021 #24,44.00,129.89,0
OBR021 #25,44.00,129.89,0
OBR021 #26,44.00,129.89,0
OBR021 #27,44.00,129.89,3
OBR021 #28,44.00,129.89,0
OBR021 #29,49.00,144.65,3
OBR021 #30,49.00,144.65,3
OBR021 #31,49.00,144.65,0
OBR015 #8,26.00,83.15,3
OBR015 #9,26.00,83.15,3
OBR015 #10,26.00,83.15,3
OBR015 #11,26.00,83.15,3
OBR015 #12,26.00,83.15,0
OBR015 #13,26.00,83.15,0
OBR015 #14,26.00,83.15,0
OBR015 #20,26.00,83.15,3
OBR015 #15,30.00,95.94,0
OBR015 #16,30.00,95.94,3
OBR015 #17,30.00,95.94,3
OBR015 #18,30.00,95.94,0
OBR015 #19,30.00,95.94,0
OBR015 #21,30.00,95.94,0
OBR015 #22,30.00,95.94,0
OBR015 #23,30.00,95.94,0
OBR015 #25,30.00,95.94,0
OBR015 #29,31.00,99.14,0
OBR015 #24,31.00,99.14,3
OBR015 #26,34.00,108.73,0
OBR015 #28,34.00,108.73,0
OBR015 #30,34.00,108.73,0
OBR015 #31,34.00,108.73,0
OBR015 #27,35.00,111.93,3
OBR018 #8,37.00,118.33,3
OBR018 #9,38.00,121.52,3
OBR018 #10,41.00,121.03,3
OBR018 #11,43.00,126.94,0
OBR018 #15,43.00,126.94,0
OBR018 #16,44.00,129.89,0
OBR018 #18,44.00,129.89,0
OBR018 #21,44.00,129.89,3
OBR018 #22,44.00,129.89,0
OBR018 #24,44.00,129.89,0
OBR018 #25,44.00,129.89,0
OBR018 #26,44.00,129.89,0
OBR018 #12,47.00,138.74,0
OBR018 #13,48.00,141.70,0
OBR018 #14,48.00,141.70,0
OBR018 #27,48.00,141.70,0
OBR018 #28,48.00,141.70,0
OBR018 #20,52.00,153.50,0
OBR018 #30,52.00,153.50,0
OBR018 #17,53.00,156.46,0
OBR018 #19,53.00,156.46,0
OBR018 #23,58.00,171.22,0
OBR018 #29,58.00,171.22,0
OBR018 #31,60.00,177.12,0
OBR050 #11,30.00,95.94,0
OBR050 #8,34.00,108.73,3
OBR050 #9,35.00,111.93,3
OBR050 #10,35.00,111.93,3
OBR050 #12,37.00,118.33,3
OBR050 #17,41.00,121.03,0
OBR050 #18,41.00,121.03,3
OBR050 #19,41.00,121.03,3
OBR050 #30,41.00,121.03,3
OBR050 #14,43.00,126.94,0
OBR050 #23,44.00,129.89,0
OBR050 #24,44.00,129.89,3
OBR050 #25,44.00,129.89,3
OBR050 #26,44.00,129.89,0
OBR050 #27,44.00,129.89,3
OBR050 #28,44.00,129.89,0
OBR050 #29,44.00,129.89,3
OBR050 #31,44.00,129.89,3
OBR050 #13,47.00,138.74,0
OBR050 #15,48.00,141.70,3
OBR050 #16,48.00,141.70,0
OBR050 #20,52.00,153.50,0
OBR050 #21,54.00,159.41,0
OBR050 #22,54.00,159.41,3
OBR041 #9,25.00,79.95,3
OBR041 #8,26.00,83.15,3
OBR041 #10,26.00,83.15,3
OBR041 #11,26.00,83.15,3
OBR041 #12,26.00,83.15,3
OBR041 #13,26.00,83.15,3
OBR041 #14,26.00,83.15,3
OBR041 #15,26.00,83.15,0
OBR041 #18,30.00,95.94,3
OBR041 #19,30.00,95.94,3
OBR041 #20,30.00,95.94,3
OBR041 #16,31.00,99.14,3
OBR041 #17,31.00,99.14,3
OBR041 #28,31.00,99.14,3
OBR041 #29,31.00,99.14,3
OBR041 #30,31.00,99.14,3
OBR041 #31,31.00,99.14,3
OBR041 #21,37.00,118.33,3
OBR041 #22,37.00,118.33,0
OBR041 #23,37.00,118.33,0
OBR041 #24,37.00,118.33,0
OBR041 #25,38.00,121.52,0
OBR041 #26,40.00,127.92,3
OBR041 #27,40.00,127.92,3
OBR001 #9,24.00,76.75,0
OBR001 #10,24.00,76.75,0
OBR001 #11,24.00,76.75,0
OBR001 #8,26.00,83.15,0
OBR001 #12,26.00,83.15,0
OBR001 #15,26.00,83.15,0
OBR001 #20,26.00,83.15,0
OBR001 #23,26.00,83.15,0
OBR001 #24,26.00,83.15,0
OBR001 #28,26.00,83.15,0
OBR001 #13,31.00,99.14,0
OBR001 #14,31.00,99.14,0
OBR001 #16,31.00,99.14,0
OBR001 #17,37.00,118.33,0
OBR001 #18,37.00,118.33,0
OBR001 #19,37.00,118.33,0
OBR001 #21,37.00,118.33,0
OBR001 #22,41.00,121.03,0
OBR001 #25,41.00,121.03,0
OBR001 #26,41.00,121.03,0
OBR001 #27,41.00,121.03,0
OBR001 #29,41.00,121.03,0
CS-1163WR #14,74.00,218.45,0
CS-1163WR #16,74.00,218.45,3
CS-1163WR #18,74.00,218.45,3
CS-1163WR #20,74.00,218.45,3
CS-1127BR #18,37.00,118.33,0
CS-1127WR #18,37.00,118.33,3
PR-84PR #14,16.00,61.01,0
PR-84PR #12,16.00,61.01,0
PR-84PR #16,16.00,61.01,0
PR-84PR #18,16.00,61.01,3
PR-84PR #20,16.00,61.01,0
PR-85PR #14,16.00,61.01,0
PR-85PR #12,16.00,61.01,0
PR-85PR #16,16.00,61.01,0
PR-85PR #18,16.00,61.01,0
PR-85PR #20,16.00,61.01,0
PR-86PR #14,16.00,61.01,0
PR-86PR #16,16.00,61.01,0
PR-86PR #18,16.00,61.01,0
PR-86PR #12,16.00,61.01,0
PR-86PR #20,16.00,61.01,0
ALP0003PR #14,23.00,73.55,0
ALP0003PR #16,25.00,79.95,0
ALP0003PR #18,26.00,83.15,0
ALP0003PR #12,38.00,121.52,0
ALP0004PR #12,38.00,121.52,0
ALP0004PR #14,38.00,121.52,0
ALP0004PR #16,38.00,121.52,0
ALP0004PR #18,38.00,121.52,0
ALP0005PR #14,36.00,115.13,0
ALP0005PR #12,37.00,118.33,0
ALP0005PR #16,40.00,127.92,0
ALP0005PR #18,40.00,127.92,0
ALP0006PR #12,42.00,123.98,0
ALP0006PR #14,42.00,123.98,0
ALP0006PR #16,42.00,123.98,0
ALP0006PR #18,42.00,123.98,0
ALP0007PR #12,47.00,138.74,0
ALP0007PR #14,47.00,138.74,0
ALP0007PR #16,47.00,138.74,0
ALP0007PR #18,47.00,138.74,0
ALP0008PR #12,43.00,126.94,0
ALP0008PR #14,43.00,126.94,0
ALP0008PR #16,43.00,126.94,0
ALP0008PR #18,43.00,126.94,0
ALP0013PR #14,26.00,83.15,0
ALP0013PR #12,28.00,89.54,3
ALP0013PR #16,28.00,89.54,0
ALP0013PR #18,28.00,89.54,0
ALP0014PR #12,41.00,121.03,0
ALP0014PR #14,41.00,121.03,0
ALP0014PR #16,41.00,121.03,0
ALP0014PR #18,41.00,121.03,0
ALP0015PR #12,28.00,89.54,0
ALP0015PR #14,29.00,92.74,0
ALP0015PR #16,31.00,99.14,0
ALP0015PR #18,42.00,123.98,0
ALP0016PR #12,52.00,153.50,0
ALP0016PR #14,52.00,153.50,0
ALP0016PR #16,52.00,153.50,0
ALP0016PR #18,52.00,153.50,0
ALP0017PR #12,48.00,141.70,0
ALP0017PR #14,48.00,141.70,0
ALP0017PR #16,48.00,141.70,0
ALP0017PR #18,48.00,141.70,0
ALP0018PR #12,37.00,118.33,0
ALP0018PR #14,37.00,118.33,0
ALP0018PR #16,37.00,118.33,0
ALP0018PR #18,37.00,118.33,0
ALP0019PR #12,40.00,127.92,0
ALP0019PR #14,40.00,127.92,0
ALP0019PR #16,40.00,127.92,0
ALP0019PR #18,40.00,127.92,0
ALP0020PR #12,40.00,127.92,0
ALP0020PR #14,40.00,127.92,0
ALP0020PR #18,40.00,127.92,0
ALP0021PR #12,44.00,129.89,0
ALP0021PR #14,44.00,129.89,0
ALP0021PR #16,44.00,129.89,0
ALP0021PR #18,44.00,129.89,0
ALL0001 #Y,8.00,30.50,3
ALL0001 #C,8.00,30.50,3
ALL0001 #D,8.00,30.50,3
ALL0001 #F,8.00,30.50,3
ALL0001 #G,8.00,30.50,3
ALL0001 #H,8.00,30.50,3
ALL0001 #J,8.00,30.50,3
ALL0001 #K,8.00,30.50,3
ALL0001 #L,8.00,30.50,3
ALL0001 #M,8.00,30.50,3
ALL0001 #N,8.00,30.50,0
ALL0001 #O,8.00,30.50,3
ALL0001 #P,8.00,30.50,3
ALL0001 #R,8.00,30.50,3
ALL0001 #S,8.00,30.50,3
ALL0001 #T,8.00,30.50,3
ALL0001 #U,8.00,30.50,0
ALL0001 #W,8.00,30.50,3
ALL0001 #Q,8.00,30.50,0
ALL0001 #X,8.00,30.50,0
ALL0001 #V,8.00,30.50,0
ALL0001 #A,10.00,38.13,3
ALL0001 #B,10.00,38.13,3
ALL0001 #E,10.00,38.13,3
ALL0001 #I,10.00,38.13,3
ALL0001 #Z,10.00,38.13,3
ALL0002 #0,8.00,30.50,3
ALL0002 #1,8.00,30.50,3
ALL0002 #2,8.00,30.50,3
ALL0002 #3,8.00,30.50,3
ALL0002 #4,8.00,30.50,3
ALL0002 #5,8.00,30.50,3
ALL0002 #6,8.00,30.50,3
ALL0002 #7,8.00,30.50,3
ALL0002 #8,8.00,30.50,3
ALL0002 #9,8.00,30.50,3
ALCYR0016PY #10,17.00,54.37,0
ALCYR0016PY #12,17.00,54.37,0
ALCYR0016PY #16,17.00,54.37,0
ALCYR0016PY #18,17.00,54.37,0
ALCYR0016PY #14,17.00,54.37,0
R001 #12,16.00,61.01,3
R001 #14,16.00,61.01,3
R001 #16,16.00,61.01,3
HSR-0878RH #12,35.00,111.93,3
HSR-0878RH #14,35.00,111.93,3
HSR-0878RH #16,35.00,111.93,0
PR-210RH #12,28.00,89.54,3
PR-210RH #14,28.00,89.54,3
PR-210RH #16,28.00,89.54,0
PR-209RH #12,31.00,99.14,3
PR-209RH #14,31.00,99.14,3
PR-209RH #16,31.00,99.14,3
HR-0813RH #12,34.00,108.73,0
HR-0813RH #14,37.00,118.33,3
HR-0813RH #16,37.00,118.33,3
HR-0808RH #12,30.00,95.94,0
HR-0808RH #14,30.00,95.94,0
HR-0808RH #16,30.00,95.94,0
HR-0806RH #12,43.00,126.94,3
HR-0806RH #14,43.00,126.94,3
HR-0806RH #16,50.00,147.60,3
HR-0801RH #12,38.00,121.52,3
HR-0801RH #16,38.00,121.52,3
HR-0801RH #14,44.00,129.89,3
HR-0805RH #12,34.00,108.73,0
HR-0805RH #16,34.00,108.73,0
HR-0805RH #14,37.00,118.33,3
HR-0800RH #12,36.00,115.13,3
HR-0800RH #14,41.00,121.03,3
HR-0800RH #16,41.00,121.03,0
R-0977RH #12,26.00,83.15,0
R-0977RH #14,26.00,83.15,3
R-0977RH #16,26.00,83.15,0
R-0997RH #12,28.00,89.54,0
R-0997RH #16,28.00,89.54,0
R-0997RH #14,34.00,108.73,0
HR-0799RH #12,55.00,162.36,3
HR-0799RH #14,58.00,171.22,3
HR-0799RH #16,58.00,171.22,3
HR-0814RH #12,47.00,138.74,0
HR-0814RH #14,47.00,138.74,3
HR-0814RH #16,47.00,138.74,3
HR-0796RH #12,34.00,108.73,0
HR-0796RH #14,35.00,111.93,3
HR-0796RH #16,35.00,111.93,3
HR-0798RH #12,30.00,95.94,3
HR-0798RH #16,30.00,95.94,3
HR-0798RH #14,35.00,111.93,3
R-0974RH #14,26.00,83.15,3
R-0974RH #16,26.00,83.15,0
R-0974RH #12,28.00,89.54,0
PR-233RH #12,23.00,73.55,3
PR-233RH #14,23.00,73.55,3
PR-233RH #16,23.00,73.55,3
PR-234RH #12,17.00,54.37,0
PR-234RH #14,17.00,54.37,0
PR-234RH #16,17.00,54.37,0
PR-229RH #12,25.00,79.95,3
PR-229RH #14,25.00,79.95,3
PR-229RH #16,25.00,79.95,3
HR-0815RH #14,49.00,144.65,3
HR-0815RH #16,49.00,144.65,3
HR-0815RH #12,54.00,159.41,3
PR-244RH #12,42.00,123.98,3
PR-244RH #14,42.00,123.98,3
PR-244RH #16,42.00,123.98,3
PR-243RH #12,31.00,99.14,0
PR-243RH #14,31.00,99.14,0
PR-243RH #16,31.00,99.14,0
HR-0647RHY #18,43.00,126.94,0
HR-0647RHY #12,53.00,156.46,3
HR-0647RHY #14,53.00,156.46,3
HR-0647RHY #16,53.00,156.46,0
R-0894RH #16,29.00,92.74,3
R-0894RH #17,29.00,92.74,3
R-0894RH #12,31.00,99.14,3
R-0894RH #14,31.00,99.14,3
HR-0728RH #12,34.00,108.73,3
HR-0728RH #14,34.00,108.73,3
HR-0728RH #16,34.00,108.73,3
1RI56921 #12,17.00,54.37,3
1RI56921 #14,17.00,54.37,3
1RI56921 #16,17.00,54.37,3
1RI56921 #18,17.00,54.37,3
1RI58205 #25,36.00,115.13,0
1RI58205 #24,36.00,115.13,0
1RI58205 #23,36.00,115.13,0
1RI58205 #21,36.00,115.13,0
1RI58205 #20,36.00,115.13,0
1RI58205 #19,36.00,115.13,0
PR-194RH #12,25.00,79.95,0
PR-194RH #14,25.00,79.95,0
PR-194RH #16,25.00,79.95,0
PR-195RH #16,31.00,99.14,0
PR-202RH #12,30.00,95.94,3
PR-202RH #14,30.00,95.94,0
PR-202RH #16,30.00,95.94,0
PR-208RH #12,29.00,92.74,0
PR-208RH #14,29.00,92.74,0
PR-208RH #16,29.00,92.74,0
1RI57750 #13,16.00,61.01,3
1RI57750 #12,18.00,57.56,0
1RI57750 #14,18.00,57.56,0
1RI57750 #16,18.00,57.56,0
1RI57750 #11,18.00,57.56,0
1RI57750 #15,18.00,57.56,0
1RI57750 #5,18.00,57.56,3
1RI57750 #9,18.00,57.56,3
1RI57750 #10,18.00,57.56,3
1RI38857 #12,18.00,57.56,3
1RI38857 #14,18.00,57.56,3
1RI38857 #16,20.00,63.96,0
1RI38857 #18,22.00,70.36,3
PR-198RH #12,20.00,63.96,0
PR-198RH #14,20.00,63.96,0
PR-198RH #16,20.00,63.96,0
PR-205RH #12,22.00,70.36,3
PR-205RH #14,22.00,70.36,0
PR-205RH #16,22.00,70.36,0
PR-233Y #12,24.00,76.75,3
PR-233Y #14,24.00,76.75,3
PR-233Y #16,24.00,76.75,3
PR-266RH #12,31.00,99.14,0
PR-266RH #14,31.00,99.14,0
PR-266RH #16,31.00,99.14,0
PR-234Y #12,17.00,54.37,3
PR-234Y #14,17.00,54.37,3
PR-234Y #16,17.00,54.37,3
PR-229Y #12,25.00,79.95,3
PR-229Y #14,25.00,79.95,3
PR-229Y #16,25.00,79.95,3
HR-0728Y #12,30.00,95.94,3
HR-0728Y #14,30.00,95.94,0
HR-0728Y #16,30.00,95.94,3
HR-0213RH #12,34.00,108.73,0
HR-0213RH #14,34.00,108.73,0
HR-0213RH #16,34.00,108.73,0
HR-0186RH #12,31.00,99.14,3
HR-0186RH #14,35.00,111.93,0
HR-0186RH #16,38.00,121.52,0
MVR-0019RH #12,43.00,126.94,3
MVR-0019RH #14,47.00,138.74,3
MVR-0019RH #16,47.00,138.74,3
MVR-0019RH #18,48.00,141.70,0
HR-0195RH #12,24.00,76.75,0
HR-0195RH #14,24.00,76.75,0
HR-0195RH #16,24.00,76.75,0
1RI54322 #12,14.00,53.38,3
1RI54322 #14,14.00,53.38,3
1RI54322 #13,14.00,53.38,0
1RI54322 #15,14.00,53.38,0
1RI54322 #11,14.00,53.38,3
1RI58221 #12,25.00,79.95,3
1RI58221 #14,25.00,79.95,3
1RI58221 #16,25.00,79.95,3
1RI58221 #18,25.00,79.95,3
1RI58213 #12,24.00,76.75,3
1RI58213 #14,24.00,76.75,3
1RI58213 #16,24.00,76.75,3
1RI58213 #18,24.00,76.75,3
1RI58216 #12,24.00,76.75,3
1RI58216 #14,24.00,76.75,3
1RI58216 #16,24.00,76.75,3
1RI58216 #18,24.00,76.75,3
1RI50424 #12,16.00,61.01,0
1RI50424 #14,16.00,61.01,3
1RI50424 #16,16.00,61.01,3
1RI50424 #18,16.00,61.01,0
1RI50424 #9,16.00,61.01,3
1RI50424 #10,16.00,61.01,0
1RI50424 #13,16.00,61.01,0
1RI50424 #15,16.00,61.01,0
1RI57974 #12,23.00,73.55,3
1RI57974 #14,23.00,73.55,3
1RI57974 #16,23.00,73.55,3
1RI57974 #18,23.00,73.55,3
1RI57230 #12,17.00,54.37,3
1RI57230 #14,17.00,54.37,3
1RI57230 #16,18.00,57.56,3
1RI57230 #18,18.00,57.56,3
1RI53725 #12,18.00,57.56,0
1RI53725 #14,18.00,57.56,3
1RI53725 #16,18.00,57.56,3
1RI53725 #18,18.00,57.56,0
1RI53744 #16,22.00,70.36,0
1RI53744 #12,23.00,73.55,3
1RI53744 #14,23.00,73.55,3
1RI53744 #18,23.00,73.55,3
1RI50691 #4,20.00,63.96,0
1RI50691 #6,20.00,63.96,3
1RI50691 #7,20.00,63.96,3
1RI50691 #8,20.00,63.96,3
1RI50621 #12,22.00,70.36,3
1RI50621 #10,22.00,70.36,3
1RI50621 #14,23.00,73.55,0
1RI50621 #16,23.00,73.55,0
1RI50621 #18,23.00,73.55,0
1RI31569 #9,20.00,63.96,3
1RI31569 #10,20.00,63.96,3
1RI31569 #12,20.00,63.96,3
1RI31569 #13,20.00,63.96,3
1RI59883 #12,17.00,54.37,3
1RI59883 #14,17.00,54.37,3
1RI59883 #16,17.00,54.37,3
1RI59883 #18,17.00,54.37,3
466SR4509 #12,28.00,89.54,0
466SR4509 #18,30.00,95.94,0
466SR4509 #16,30.00,95.94,0
466SR4509 #20,34.00,108.73,0
RD001 #10,22.00,70.36,3
RD001 #12,22.00,70.36,3
RD001 #14,22.00,70.36,3
RD001 #16,22.00,70.36,3
RD001 #18,22.00,70.36,0
RD001 #20,22.00,70.36,3
RD001 #22,22.00,70.36,3
RD001B #10,22.00,70.36,3
RD001B #12,22.00,70.36,3
RD001B #14,22.00,70.36,0
RD001B #16,22.00,70.36,0
RD001B #18,22.00,70.36,0
RD001B #20,22.00,70.36,0
RD001B #22,22.00,70.36,0
RD001Y #12,22.00,70.36,3
RD001Y #14,22.00,70.36,3
RD001Y #16,22.00,70.36,3
RD001Y #18,22.00,70.36,0
RD001Y #20,22.00,70.36,0
RD001Y #10,22.00,70.36,3
RD001Y #22,22.00,70.36,0
RD001YR #12,22.00,70.36,3
RD001YR #18,22.00,70.36,3
RD001YR #14,22.00,70.36,3
RD001YR #16,22.00,70.36,3
RD001YR #20,22.00,70.36,3
RD001YR #10,22.00,70.36,3
RD001YR #22,22.00,70.36,3
RD001YRB #12,22.00,70.36,3
RD001YRB #14,22.00,70.36,3
RD001YRB #16,22.00,70.36,3
RD001YRB #18,22.00,70.36,3
RD001YRB #20,22.00,70.36,3
RD001YRB #22,22.00,70.36,0
RD001YRB #10,22.00,70.36,3
BR-794 #12,17.00,54.37,3
BR-794 #14,17.00,54.37,3
BR-794 #16,17.00,54.37,3
BR-794 #18,17.00,54.37,0
BR-311 #12,14.00,53.38,3
BR-311 #14,14.00,53.38,3
BR-311 #16,14.00,53.38,0
BR-311 #18,14.00,53.38,0
1RI50374R #16,18.00,57.56,0
1RI50374B #16,17.00,54.37,0
SET-2492RRH #12,35.00,111.93,0
SET-2492RRH #16,35.00,111.93,0
SET-2492RRH #14,36.00,115.13,3
SET-2488RRH #12,43.00,126.94,3
SET-2488RRH #14,43.00,126.94,3
SET-2488RRH #16,43.00,126.94,3
SET-2490RRH #18,28.00,89.54,0
SET-2490RRH #12,29.00,92.74,3
SET-2490RRH #14,29.00,92.74,3
SET-2490RRH #16,29.00,92.74,3
CS-2815 #10,49.00,144.65,3
CS-2815 #12,49.00,144.65,3
CS-2815 #14,49.00,144.65,3
CS-2815 #16,49.00,144.65,3
CS-2815 #18,49.00,144.65,3
CS-2815 #20,49.00,144.65,3
SRIII38SWRH #18,17.00,54.37,3
SRIII38SWRH #23,17.00,54.37,0
SRIII38SWRH #20,18.00,57.56,0
SRIII38AMWRH #10,18.00,57.56,0
SRIII38AMWRH #12,18.00,57.56,0
SRIII38AMWRH #15,18.00,57.56,0
SRIII38AMWRH #18,18.00,57.56,0
SRIII38AMWRH #20,18.00,57.56,0
SRIII38AMWRH #23,18.00,57.56,0
SRIII38RWRH #13,14.00,53.38,3
SRIII38RWRH #14,14.00,53.38,3
SRIII38RWRH #15,14.00,53.38,3
SRIII38RWRH #10,18.00,57.56,3
SRIII38RWRH #18,18.00,57.56,0
SRIII38RWRH #20,18.00,57.56,0
SRIII38RWRH #21,18.00,57.56,3
SRIII38RWRH #23,18.00,57.56,3
SRIII38WWRH #15,14.00,53.38,0
SRIII38BBRH #11,13.00,49.57,3
SRIII38BBRH #13,14.00,53.38,3
SRIII38BBRH #14,16.00,61.01,3
SRIII38BBRH #10,20.00,63.96,0
SRIII38BBRH #12,20.00,63.96,3
SRIII38BBRH #18,20.00,63.96,0
SRIII38BBRH #19,20.00,63.96,3
SRIII38BBRH #20,20.00,63.96,3
SRIII38BBRH #22,20.00,63.96,0
SRIII38BBRH #15,20.00,63.96,3
SRIII38BBRH #17,20.00,63.96,3
SRIII38BARH #11,13.00,49.57,0
SRIII38BARH #12,13.00,49.57,0
SRIII38BARH #10,20.00,63.96,0
SRIII38BARH #13,20.00,63.96,0
SRIII38BARH #15,20.00,63.96,0
SRIII38BARH #16,20.00,63.96,0
SRIII38BARH #17,20.00,63.96,0
SRIII38BARH #18,20.00,63.96,0
SRIII38BARH #20,20.00,63.96,0
SRIII38BARH #21,20.00,63.96,0
SRIII38BPRH #17,17.00,54.37,0
SRIII38BPRH #10,18.00,57.56,3
SRIII38BPRH #15,20.00,63.96,3
SRIII38BPRH #19,20.00,63.96,0
SRIII38BPRH #20,20.00,63.96,3
SRIII38BPRH #22,20.00,63.96,0
SRIII38BPRH #13,20.00,63.96,3
SRIII38BPRH #18,20.00,63.96,3
SRIII38BPRH #23,20.00,63.96,0
SRIII38BAMRH #9,20.00,63.96,0
SRIII38BAMRH #12,20.00,63.96,3
SRIII38BAMRH #10,20.00,63.96,0
SRIII38BAMRH #15,20.00,63.96,3
SRIII38BAMRH #17,20.00,63.96,0
SRIII38BAMRH #19,20.00,63.96,0
SRIII38BAMRH #20,20.00,63.96,3
SRIII38BAMRH #22,20.00,63.96,0
SRIII38BSRH #9,13.00,49.57,3
SRIII38BSRH #21,17.00,54.37,3
SRIII38BSRH #10,20.00,63.96,0
SRIII38BSRH #12,20.00,63.96,3
SRIII38BSRH #13,20.00,63.96,0
SRIII38BSRH #14,20.00,63.96,0
SRIII38BSRH #15,20.00,63.96,0
SRIII38BSRH #16,20.00,63.96,0
SRIII38BSRH #17,20.00,63.96,0
SRIII38BSRH #19,20.00,63.96,0
SRIII38BSRH #20,20.00,63.96,0
SRIII38BSRH #22,20.00,63.96,0
SRIII38BSRH #11,20.00,63.96,3
SRIII38BWRH #21,17.00,54.37,3
SRIII38BWRH #10,20.00,63.96,0
SRIII38BWRH #12,20.00,63.96,0
SRIII38BWRH #13,20.00,63.96,0
SRIII38BWRH #15,20.00,63.96,3
SRIII38BWRH #17,20.00,63.96,3
SRIII38BWRH #18,20.00,63.96,0
SRIII38BWRH #20,20.00,63.96,3
SRIII38BWRH #22,20.00,63.96,0
SRIII38BDPRH #13,14.00,53.38,0
SRIII38BDPRH #10,20.00,63.96,0
SRIII38BDPRH #12,20.00,63.96,0
SRIII38BDPRH #15,20.00,63.96,0
SRIII38BDPRH #17,20.00,63.96,0
SRIII38BDPRH #18,20.00,63.96,0
SRIII38BDPRH #20,20.00,63.96,0
SRIII38BDPRH #23,20.00,63.96,0
SRIII38BRRH #16,13.00,49.57,3
SRIII38BRRH #17,17.00,54.37,3
SRIII38BRRH #19,17.00,54.37,3
SRIII38BRRH #9,20.00,63.96,0
SRIII38BRRH #13,20.00,63.96,3
SRIII38BRRH #15,20.00,63.96,3
SRIII38BRRH #18,20.00,63.96,3
SRIII38BRRH #20,20.00,63.96,3
SRIII38BRRH #21,20.00,63.96,0
SRIII38BRRH #23,20.00,63.96,3
805R7002 #18,18.00,57.56,3
805R7002 #12,25.00,79.95,3
805R7002 #14,25.00,79.95,3
805R7002 #16,25.00,79.95,3
805R2328 #12,35.00,111.93,0
805R2328 #14,35.00,111.93,0
805R2328 #16,35.00,111.93,0
805R1526 #18,26.00,83.15,3
805R1526 #12,31.00,99.14,3
805R1526 #14,31.00,99.14,3
805R1526 #16,31.00,99.14,0
HYSR-0002 #10,38.00,121.52,3
HYSR-0002 #12,38.00,121.52,3
HYSR-0002 #14,38.00,121.52,3
HYSR-0002 #16,38.00,121.52,3
HYSR-0002 #18,38.00,121.52,3
HYSR-0002 #20,38.00,121.52,0
CS-1166BY #12,58.00,171.22,3
CS-1166BY #14,58.00,171.22,3
CS-1166BY #16,58.00,171.22,3
CS-1166BY #18,58.00,171.22,3
CS-1166BY #20,58.00,171.22,3
1RI50285W #12,14.00,53.38,0
1RI50285W #14,14.00,53.38,3
1RI50285W #16,14.00,53.38,0
1RI50285W #18,17.00,54.37,3
774R2333 #12,37.00,118.33,3
774R2333 #14,37.00,118.33,3
774R2333 #16,37.00,118.33,3
811R2732 #12,28.00,89.54,3
811R2732 #14,28.00,89.54,3
811R2732 #16,28.00,89.54,3
1RI50285R #12,14.00,53.38,3
1RI50285R #14,14.00,53.38,0
1RI50285R #16,14.00,53.38,0
1RI50285G #12,14.00,53.38,0
1RI50285G #14,14.00,53.38,0
1RI50285G #16,14.00,53.38,0
1RI50285B #12,14.00,53.38,0
1RI50285B #16,14.00,53.38,0
1RI50285B #14,17.00,54.37,0
HYSR-0003 #10,35.00,111.93,0
HYSR-0003 #12,35.00,111.93,3
HYSR-0003 #14,35.00,111.93,3
HYSR-0003 #16,35.00,111.93,0
HYSR-0003 #18,35.00,111.93,0
HYSR-0003 #20,35.00,111.93,0
HYSR-0001 #14,40.00,127.92,3
HYSR-0001 #16,40.00,127.92,3
HYSR-0001 #18,40.00,127.92,3
HYSR-0001 #20,40.00,127.92,3
HYSR-0001 #10,40.00,127.92,3
HYSR-0001 #12,40.00,127.92,3
SRIII38PWRH #18,17.00,54.37,3
SRIII38PWRH #22,17.00,54.37,3
SRIII38PWRH #20,18.00,57.56,0
CS-798PCY #12,53.00,156.46,0
CS-798PCY #18,53.00,156.46,0
R17057 #12,22.00,70.36,3
R17057 #14,22.00,70.36,3
R17057 #16,22.00,70.36,3
R17821 #12,25.00,79.95,3
R17821 #14,25.00,79.95,3
R17821 #16,25.00,79.95,3
R17879RH #14,110.00,297.66,0
R17879RH #16,110.00,297.66,0
R17879RH #18,110.00,297.66,0
R16578 #12,34.00,108.73,3
R16578 #14,34.00,108.73,3
R16578 #16,34.00,108.73,3
R17878RHB #14,67.00,197.78,0
R17878RHB #12,70.00,206.64,0
R17878RHB #18,73.00,215.50,0
R17878RHB #16,74.00,218.45,0
R17875RHG #14,49.00,144.65,0
R17875RHG #16,49.00,144.65,0
R17875RHG #18,49.00,144.65,0
R17875RHG #12,49.00,144.65,0
R17876RHG #14,65.00,191.88,0
R17876RHG #16,65.00,191.88,0
R17876RHG #18,65.00,191.88,0
R17881RH #14,100.00,270.60,0
R17881RH #16,100.00,270.60,0
R17881RH #18,100.00,270.60,0
811R2732Y #12,18.00,57.56,3
811R2732Y #14,18.00,57.56,3
811R2732Y #16,18.00,57.56,3
811R2732Y #18,18.00,57.56,3
R16922 #12,35.00,111.93,0
R16922 #14,35.00,111.93,0
R16922 #16,38.00,121.52,3
R16981 #12,36.00,115.13,0
R16981 #16,36.00,115.13,0
R16981 #14,38.00,121.52,0
R16984 #12,30.00,95.94,0
R16984 #14,30.00,95.94,0
R16984 #16,30.00,95.94,0
R16993 #12,42.00,123.98,0
R16993 #14,42.00,123.98,0
R16993 #16,42.00,123.98,3
R16994RH #12,34.00,108.73,3
R16994RH #14,35.00,111.93,3
R16994RH #16,35.00,111.93,3
R16994RH #18,35.00,111.93,0
R16998 #12,40.00,127.92,0
R16998 #14,40.00,127.92,0
R16998 #16,40.00,127.92,0
R17670 #12,17.00,54.37,3
R17670 #14,26.00,83.15,3
R17670 #16,26.00,83.15,0
R17665RH #10,34.00,108.73,3
R17665RH #12,34.00,108.73,3
R17665RH #14,34.00,108.73,3
R17665RH #16,34.00,108.73,3
R17665RH #18,34.00,108.73,3
AC131061RH #12,14.00,53.38,3
AC131061RH #14,14.00,53.38,3
AC131061RH #16,14.00,53.38,3
AC131061RH #18,14.00,53.38,3
ALOPR002BRH #12,70.00,206.64,3
ALOPR002BRH #14,71.00,209.59,3
ALOPR002BRH #16,73.00,215.50,3
ALOPR002BRH #18,74.00,218.45,3
AS3437RH #16,56.00,165.31,3
AS3437RH #18,56.00,165.31,3
AS3437RH #12,60.00,177.12,0
AS3437RH #14,60.00,177.12,0
AH2250RH #12,41.00,121.03,3
AH2250RH #14,42.00,123.98,3
AH2250RH #16,43.00,126.94,3
AH2250RH #18,44.00,129.89,3
RP0010 #12,56.00,165.31,3
RP0010 #14,56.00,165.31,3
RP0010 #16,56.00,165.31,3
RP0010 #18,56.00,165.31,3
RP0010 #20,56.00,165.31,3
RP0010 #22,56.00,165.31,0
MVSR-0016WAQS #12,38.00,121.52,0
MVSR-0016WAQS #14,38.00,121.52,0
MVSR-0016WAQS #16,38.00,121.52,0
MVSR-0016WAQS #18,38.00,121.52,0
AC131071RH #12,18.00,57.56,3
AC131071RH #14,18.00,57.56,3
AC131071RH #16,18.00,57.56,3
AC131071RH #18,18.00,57.56,3
AC131089RH #12,18.00,57.56,3
AC131089RH #14,18.00,57.56,3
AC131089RH #16,18.00,57.56,3
AC131089RH #18,18.00,57.56,3
AC131091RH #12,18.00,57.56,3
AC131091RH #14,18.00,57.56,3
AC131091RH #16,18.00,57.56,3
AC131091RH #18,18.00,57.56,3
AC131091Y #12,18.00,57.56,3
AC131091Y #14,18.00,57.56,3
AC131091Y #16,18.00,57.56,3
AC131091Y #18,18.00,57.56,3
AC130318Y #12,18.00,57.56,3
AC130318Y #14,18.00,57.56,3
AC130318Y #16,18.00,57.56,3
AC130318Y #18,18.00,57.56,3
AR6919YW #12,13.00,49.57,3
AR6919YW #14,13.00,49.57,3
AR6919YW #16,13.00,49.57,3
AR6919YW #18,13.00,49.57,3
AC130151Y #12,13.00,49.57,3
AC130151Y #14,13.00,49.57,3
AC130151Y #16,13.00,49.57,3
AC130151Y #18,13.00,49.57,3
AC145457RH #12,24.00,76.75,0
AC145457RH #16,25.00,79.95,0
AC145457RH #14,34.00,108.73,0
AC145457RH #18,34.00,108.73,0
AR6919YWR #12,13.00,49.57,3
AR6919YWR #14,13.00,49.57,3
AR6919YWR #16,13.00,49.57,3
AR6919YWR #18,13.00,49.57,3
AR6919YWS #12,13.00,49.57,3
AR6919YWS #14,13.00,49.57,3
AR6919YWS #16,13.00,49.57,3
AR6919YWS #18,13.00,49.57,3
AR6848RH #12,49.00,144.65,0
AR6848RH #14,49.00,144.65,0
AR6848RH #16,49.00,144.65,0
AR6848RH #18,49.00,144.65,0
AR6919RHR #12,13.00,49.57,0
AR6919RHR #14,13.00,49.57,0
AR6919RHR #16,13.00,49.57,3
AR6919RHR #18,13.00,49.57,0
AR6772RH #12,41.00,121.03,0
AR6772RH #14,41.00,121.03,0
AR6772RH #16,41.00,121.03,0
AR6772RH #18,41.00,121.03,0
AR6850RH #12,36.00,115.13,3
AR6850RH #14,36.00,115.13,0
AR6850RH #16,36.00,115.13,0
AR6850RH #18,36.00,115.13,0
AR6840RH #12,35.00,111.93,0
AR6840RH #14,35.00,111.93,0
AR6840RH #16,35.00,111.93,0
AR6840RH #18,35.00,111.93,0
AC141791RH #12,11.00,41.94,3
AC141791RH #14,11.00,41.94,3
AC141791RH #16,11.00,41.94,3
AC141791RH #18,11.00,41.94,3
AC141791Y #12,11.00,41.94,3
AC141791Y #14,11.00,41.94,3
AC141791Y #16,11.00,41.94,3
AC141791Y #18,11.00,41.94,3
AC141792RH #12,14.00,53.38,0
AC141792RH #14,14.00,53.38,3
AC141792RH #16,14.00,53.38,3
AC141792RH #18,14.00,53.38,0
AR6919RHS #12,13.00,49.57,0
AR6919RHS #14,13.00,49.57,3
AR6919RHS #16,13.00,49.57,0
AR6919RHS #18,13.00,49.57,0
AC141792Y #12,14.00,53.38,3
AC141792Y #14,14.00,53.38,3
AC141792Y #16,14.00,53.38,3
AC141792Y #18,14.00,53.38,3
DRQR001 #12,41.00,121.03,3
DRQR001 #14,41.00,121.03,3
DRQR001 #16,41.00,121.03,0
DRQR001 #18,41.00,121.03,0
DRQR002 #12,41.00,121.03,3
DRQR002 #14,41.00,121.03,3
DRQR002 #16,41.00,121.03,3
DRQR002 #18,41.00,121.03,0
DRQR004 #16,41.00,121.03,0
AR6919RHW #12,13.00,49.57,0
AR6919RHW #14,13.00,49.57,0
AR6919RHW #18,13.00,49.57,0
AR6919RHW #16,13.00,49.57,0
AC142041RHPW #12,24.00,76.75,0
AC142041RHPW #14,24.00,76.75,0
AC142041RHPW #16,25.00,79.95,0
AC142041RHPW #18,26.00,83.15,3
AR3474RHSW #12,24.00,76.75,0
AR3474RHSW #14,24.00,76.75,0
AR3474RHSW #16,24.00,76.75,0
AR3474RHSW #18,24.00,76.75,0
AR3477RHW #12,16.00,61.01,0
AR3477RHW #14,16.00,61.01,0
AR3477RHW #16,16.00,61.01,0
AR3477RHW #18,17.00,54.37,0
AR3482RHSW #12,26.00,83.15,0
AR3482RHSW #14,26.00,83.15,3
AR3482RHSW #16,28.00,89.54,3
AR3482RHSW #18,29.00,92.74,0
AR3483RHW #12,24.00,76.75,3
AR3483RHW #14,24.00,76.75,3
AR3483RHW #16,24.00,76.75,3
AR3483RHW #18,24.00,76.75,3
AC130231RHBW #14,23.00,73.55,0
AC130231RHBW #16,23.00,73.55,0
AC130231RHBW #12,24.00,76.75,0
AC130231RHBW #18,24.00,76.75,0
AR4244-NRHBW #12,29.00,92.74,0
AR4244-NRHBW #14,29.00,92.74,0
AR4244-NRHBW #16,29.00,92.74,0
AR4244-NRHBW #18,30.00,95.94,0
AC142039RHPW #12,22.00,70.36,0
AC142039RHPW #14,22.00,70.36,3
AC142039RHPW #16,22.00,70.36,0
AC142039RHPW #18,22.00,70.36,0
ALSIL0003PS #12,17.00,54.37,0
ALSIL0003PS #14,17.00,54.37,0
ALSIL0003PS #16,28.00,89.54,0
ALSIL0003PS #18,28.00,89.54,0
SET-2347R #12,38.00,121.52,3
SET-2347R #14,38.00,121.52,0
SET-2347R #16,38.00,121.52,0
SET-2347R #18,38.00,121.52,0
SET-2346R #12,38.00,121.52,0
SET-2346R #14,38.00,121.52,0
SET-2346R #16,38.00,121.52,0
SET-2346R #18,38.00,121.52,0
AC131062RH #12,23.00,73.55,0
AC131062RH #14,23.00,73.55,0
AC131062RH #16,23.00,73.55,0
AC131062RH #18,23.00,73.55,0
AC131078RH #12,20.00,63.96,3
AC131078RH #14,20.00,63.96,3
AC131078RH #16,20.00,63.96,3
AC131078RH #18,20.00,63.96,0
AC131069RH #12,17.00,54.37,0
AC131069RH #14,17.00,54.37,3
AC131069RH #16,17.00,54.37,0
AC131069RH #18,17.00,54.37,0
AC131092RH #12,17.00,54.37,3
AC131092RH #14,17.00,54.37,3
AC131092RH #16,17.00,54.37,3
AC131092RH #18,17.00,54.37,0
AC131096RH #12,17.00,54.37,3
AC131096RH #14,17.00,54.37,3
AC131096RH #16,17.00,54.37,3
AC131096RH #18,17.00,54.37,3
AC130318RH #12,18.00,57.56,3
AC130318RH #14,18.00,57.56,3
AC130318RH #16,18.00,57.56,3
AC130318RH #18,18.00,57.56,3
AR6697RH #12,28.00,89.54,3
AR6697RH #14,28.00,89.54,3
AR6697RH #16,28.00,89.54,0
AR6697RH #18,28.00,89.54,3
AR6699RH #12,29.00,92.74,3
AR6699RH #14,29.00,92.74,0
AR6699RH #16,29.00,92.74,0
AR6699RH #18,29.00,92.74,3
AR6684RH #12,26.00,83.15,3
AR6684RH #14,26.00,83.15,3
AR6684RH #16,26.00,83.15,0
AR6684RH #18,26.00,83.15,3
AR6692RH #12,28.00,89.54,3
AR6692RH #14,28.00,89.54,0
AR6692RH #16,28.00,89.54,0
AR6692RH #18,28.00,89.54,0
AR6695RH #12,28.00,89.54,3
AR6695RH #14,28.00,89.54,3
AR6695RH #16,28.00,89.54,3
AR6695RH #18,28.00,89.54,3
AR6685RH #12,29.00,92.74,3
AR6685RH #14,29.00,92.74,3
AR6685RH #16,29.00,92.74,0
AR6685RH #18,29.00,92.74,0
AC131093RH #18,26.00,83.15,3
AC131093RH #14,26.00,83.15,3
AC131093RH #16,26.00,83.15,3
AC131093RH #12,26.00,83.15,3
AC130287RH #12,25.00,79.95,3
AC130287RH #14,25.00,79.95,3
AC130287RH #16,25.00,79.95,0
AC130287RH #18,25.00,79.95,0
AC130124RH #12,20.00,63.96,3
AC130124RH #14,20.00,63.96,3
AC130124RH #16,20.00,63.96,3
AC130124RH #18,20.00,63.96,3
PD001W #6,14.00,53.38,0
PD001W #8,14.00,53.38,0
PD001W #9,14.00,53.38,0
PD001W #10,14.00,53.38,0
PD003 #4,22.00,70.36,3
"PD003 #4,5",22.00,70.36,0
PD003 #5,22.00,70.36,0
PD004 #7,18.00,57.56,3
PD004 #8,18.00,57.56,3
PD004 #9,18.00,57.56,3
PD004 #6,18.00,57.56,3
PD004 #10,18.00,57.56,0
PD004 #11,18.00,57.56,0
PD006W #6,14.00,53.38,3
PD006W #7,14.00,53.38,0
PD006W #8,14.00,53.38,0
PD006W #9,14.00,53.38,0
PD007W #6,14.00,53.38,0
PD007W #9,14.00,53.38,0
PD007W #10,14.00,53.38,0
PD008W #6,14.00,53.38,0
PD008W #8,14.00,53.38,0
PD008W #9,14.00,53.38,0
PD009W #10,14.00,53.38,0
PD009W #7,14.00,53.38,0
PD009W #6,14.00,53.38,0
PD009W #8,14.00,53.38,0
PD0010W #7,22.00,70.36,3
PD0010W #8,22.00,70.36,3
PD0010W #9,22.00,70.36,3
PD0010W #11,22.00,70.36,0
PD0012W #10,14.00,53.38,0
PD0012W #6,14.00,53.38,0
PD0012W #7,14.00,53.38,3
PD0012W #8,14.00,53.38,0
PD0012W #9,14.00,53.38,0
PD0013W #8,14.00,53.38,0
PD0013W #6,14.00,53.38,0
PD0013W #7,14.00,53.38,0
PD0013W #9,14.00,53.38,0
PD0013W #10,14.00,53.38,0
PD0013W #11,14.00,53.38,0
PD0014W #6,14.00,53.38,0
PD0014W #7,14.00,53.38,0
PD0014W #10,14.00,53.38,0
PD0014W #8,14.00,53.38,0
PD0015W #9,14.00,53.38,0
PD0015W #6,14.00,53.38,0
PD0016W #9,14.00,53.38,3
PD0016W #6,14.00,53.38,0
PD0016W #7,14.00,53.38,0
PD0016W #8,14.00,53.38,0
PD0016W #10,14.00,53.38,0
PD0017W #9,18.00,57.56,3
PD0017W #7,18.00,57.56,0
PD0017W #11,18.00,57.56,0
AC131065RH #14,23.00,73.55,3
AC131065RH #16,23.00,73.55,3
AC131065RH #18,23.00,73.55,3
AC131065RH #12,23.00,73.55,0
AC131100RH #18,17.00,54.37,3
AC131100RH #14,17.00,54.37,3
AC131100RH #16,17.00,54.37,3
AC131100RH #12,17.00,54.37,3
AC141974RH #18,26.00,83.15,0
AC141974RH #14,26.00,83.15,0
AC141974RH #16,26.00,83.15,0
AC141974RH #12,26.00,83.15,0
AR4247-NRH #16,23.00,73.55,0
AR4247-NRH #18,23.00,73.55,0
AR4247-NRH #12,23.00,73.55,0
AR4247-NRH #14,23.00,73.55,0
AR6580RH #12,23.00,73.55,3
AR6580RH #14,23.00,73.55,3
AR6580RH #16,23.00,73.55,3
AR6580RH #18,23.00,73.55,3
AR6982RH #12,16.00,61.01,0
AR6982RH #14,16.00,61.01,3
AR6982RH #16,16.00,61.01,3
AR6982RH #18,16.00,61.01,3
AR6968RH #12,22.00,70.36,0
AR6968RH #14,22.00,70.36,0
AR6968RH #16,22.00,70.36,0
AR6968RH #18,22.00,70.36,0
AR6984RH #12,18.00,57.56,0
AR6984RH #14,18.00,57.56,0
AR6984RH #16,18.00,57.56,3
AR6984RH #18,18.00,57.56,3
ACMH0593RH #12,28.00,89.54,0
ACMH0612RH #12,41.00,121.03,0
ACMH0612RH #14,41.00,121.03,0
ACMH0612RH #16,41.00,121.03,0
ACMH0612RH #18,41.00,121.03,0
AC130243RH #12,24.00,76.75,3
AC130243RH #14,24.00,76.75,3
AC130243RH #16,24.00,76.75,3
AC130243RH #18,24.00,76.75,3
AR5733RH #12,23.00,73.55,3
AR5733RH #14,23.00,73.55,3
AR5733RH #16,23.00,73.55,3
AR5733RH #18,23.00,73.55,3
AC130235RH #12,22.00,70.36,3
AC130235RH #14,22.00,70.36,0
AC130235RH #16,22.00,70.36,0
AC130235RH #18,22.00,70.36,0
AC130134RH #12,23.00,73.55,0
AC130134RH #14,23.00,73.55,0
AC130134RH #16,23.00,73.55,0
AC130134RH #18,24.00,76.75,0
AC130233RH #12,25.00,79.95,3
AC130233RH #14,25.00,79.95,3
AC130233RH #16,25.00,79.95,3
AC130233RH #18,25.00,79.95,3
AC130248RH #12,16.00,61.01,0
AC130248RH #14,16.00,61.01,0
AC130248RH #16,16.00,61.01,0
AC130248RH #18,16.00,61.01,0
AC130151RH #12,13.00,49.57,0
AC130151RH #14,13.00,49.57,0
AC130151RH #16,13.00,49.57,0
AC130151RH #18,13.00,49.57,0
AR4257-NRH #12,16.00,61.01,0
AR4257-NRH #14,16.00,61.01,0
AR4257-NRH #16,16.00,61.01,0
AR4257-NRH #18,16.00,61.01,0
AR4257-NRH #10,18.00,57.56,0
AR4253-NRH #12,22.00,70.36,0
AR4253-NRH #14,22.00,70.36,0
AR4253-NRH #16,22.00,70.36,0
AR4253-NRH #18,22.00,70.36,0
AR6952RH #12,30.00,95.94,0
AR6952RH #14,30.00,95.94,0
AR6952RH #16,30.00,95.94,0
AR6952RH #18,30.00,95.94,0
AC131235RH #12,31.00,99.14,3
AC131235RH #14,31.00,99.14,0
AC131235RH #16,34.00,108.73,0
AC131235RH #18,37.00,118.33,0
AC130867ARH #14,17.00,54.37,0
AC130867ARH #16,17.00,54.37,0
AC130867ARH #18,18.00,57.56,0
AC130867ARH #12,23.00,73.55,0
AC02061001RH #12,14.00,53.38,0
AC02061001RH #16,14.00,53.38,0
AC02061001RH #14,18.00,57.56,0
AC02061001RH #18,18.00,57.56,0
AC130188RH #12,25.00,79.95,3
AC130188RH #14,25.00,79.95,3
AC130188RH #16,25.00,79.95,3
AC130188RH #18,25.00,79.95,3
AR6675CRH #12,22.00,70.36,0
AR6675CRH #14,22.00,70.36,0
AR6675CRH #16,22.00,70.36,0
AR6675CRH #18,22.00,70.36,0
AR1557RH #12,24.00,76.75,0
AR1557RH #14,24.00,76.75,3
AR1557RH #16,24.00,76.75,3
AR1557RH #18,24.00,76.75,0
AR6674CRH #12,17.00,54.37,3
AR6674CRH #14,23.00,73.55,3
AR6674CRH #16,25.00,79.95,0
AR6674CRH #18,25.00,79.95,0
AC130314RH #12,14.00,53.38,0
AC130314RH #14,14.00,53.38,0
AC130314RH #16,14.00,53.38,0
AC130314RH #18,14.00,53.38,0
OBRCYR01W #9,53.00,156.46,0
OBRCYR01W #12,53.00,156.46,0
OBRCYR01W #14,53.00,156.46,0
OBRCYR01W #16,53.00,156.46,0
OBRCYR01W #19,53.00,156.46,0
OBRCYR01W #22,53.00,156.46,0
OBRCYR01G #9,53.00,156.46,3
OBRCYR01G #12,53.00,156.46,3
OBRCYR01G #14,53.00,156.46,3
OBRCYR01G #16,53.00,156.46,3
OBRCYR01G #19,53.00,156.46,3
OBRCYR01G #22,53.00,156.46,3
OBRCYR01B #16,31.00,99.14,0
OBRCYR01B #12,35.00,111.93,0
OBRCYR01B #14,35.00,111.93,3
OBRCYR01B #19,53.00,156.46,0
OBRCYR01B #22,53.00,156.46,0
OBRCYR01P #9,53.00,156.46,0
OBRCYR01P #16,53.00,156.46,0
OBRCYR01P #12,53.00,156.46,0
OBRCYR01P #14,53.00,156.46,0
OBRCYR01P #19,53.00,156.46,0
OBRCYR01P #22,53.00,156.46,0
OBRCYR01AQ #9,53.00,156.46,0
OBRCYR01AQ #12,53.00,156.46,3
OBRCYR01AQ #14,53.00,156.46,3
OBRCYR01AQ #16,53.00,156.46,0
OBRCYR01AQ #19,53.00,156.46,0
OBRCYR01AQ #22,53.00,156.46,0
AR100RH #12,17.00,54.37,0
AR100RH #14,17.00,54.37,0
AR100RH #16,17.00,54.37,0
AR100RH #18,17.00,54.37,0
AR101RH #16,17.00,54.37,0
AR101RH #12,18.00,57.56,0
AR101RH #14,18.00,57.56,0
AR101RH #18,18.00,57.56,0
AR102RH #12,24.00,76.75,3
AR102RH #14,24.00,76.75,3
AR102RH #16,24.00,76.75,0
AR102RH #18,24.00,76.75,0
AR103RH #12,24.00,76.75,0
AR103RH #14,24.00,76.75,3
AR103RH #16,24.00,76.75,3
AR103RH #18,24.00,76.75,3
AR104RH #12,24.00,76.75,0
AR104RH #14,24.00,76.75,0
AR104RH #16,24.00,76.75,0
AR104RH #18,24.00,76.75,0
AC131094RH #12,17.00,54.37,3
AC131094RH #14,17.00,54.37,3
AC131094RH #16,17.00,54.37,3
AC131094RH #18,17.00,54.37,3
AR105RH #12,24.00,76.75,0
AR105RH #14,24.00,76.75,3
AR105RH #16,24.00,76.75,3
AR105RH #18,24.00,76.75,3
OBRCYR01S #9,53.00,156.46,0
OBRCYR01S #12,53.00,156.46,3
OBRCYR01S #16,53.00,156.46,0
OBRCYR01S #19,53.00,156.46,0
OBRCYR01S #22,53.00,156.46,0
OBRCYR01S #14,53.00,156.46,0
OBRCYR01A #9,53.00,156.46,3
OBRCYR01A #12,53.00,156.46,3
OBRCYR01A #14,53.00,156.46,0
OBRCYR01A #16,53.00,156.46,3
OBRCYR01A #22,53.00,156.46,0
OBRCYR01A #19,53.00,156.46,0
PUM0031R14K #12,229.00,507.01,0
PUM0031R14K #17,249.00,551.29,0
PUM0031R14K #13,300.00,664.20,0
PUM0031R14K #18,343.00,717.21,0
PUM0031R14K #16,374.00,782.03,0
PHM0020R14K #13,227.00,502.58,0
PHM0020R14K #18,231.00,511.43,0
PHM0020R14K #17,237.00,524.72,0
PHM0020R14K #14,241.00,533.57,0
PHM0020R14K #15,256.00,566.78,0
PAR0614R14K #12,359.00,750.67,0
PAR0614R14K #13,359.00,750.67,0
PAR0614R14K #14,359.00,750.67,0
PAR0614R14K #15,359.00,750.67,0
PAR0614R14K #16,359.00,750.67,0
PAR0614R14K #17,359.00,750.67,0
PAR0614R14K #18,359.00,750.67,0
PAR0614R14K #19,359.00,750.67,0
PAR0618R14K #12,322.00,712.91,0
PAR0618R14K #17,322.00,712.91,0
PAR0618R14K #13,363.00,759.03,0
PAR0618R14K #14,363.00,759.03,0
PAR0618R14K #15,363.00,759.03,3
PAR0618R14K #16,363.00,759.03,0
PAR0618R14K #18,363.00,759.03,0
PAR0618R14K #19,363.00,759.03,0
PAR0618R14K #11,363.00,759.03,0
SR1227R14K #12,252.00,557.93,0
SR1227R14K #13,253.00,560.14,0
SR1227R14K #14,262.00,580.07,0
SR1227R14K #15,263.00,582.28,0
SR1227R14K #17,270.00,597.78,0
SR1227R14K #18,270.00,597.78,0
PAR0273R14K #13,328.00,685.85,0
PAR0273R14K #12,449.00,938.86,0
PAR0273R14K #14,449.00,938.86,0
PAR0273R14K #15,449.00,938.86,3
PAR0273R14K #16,449.00,938.86,0
PAR0273R14K #17,449.00,938.86,0
PAR0273R14K #18,449.00,938.86,0
PAR0273R14K #19,449.00,938.86,0
PAR0609R14K #12,311.00,688.55,0
PAR0609R14K #19,343.00,717.21,0
PAR0609R14K #18,347.00,725.58,0
PAR0609R14K #13,366.00,765.31,0
PAR0609R14K #14,366.00,765.31,0
PAR0609R14K #15,366.00,765.31,0
PAR0609R14K #16,366.00,765.31,0
PAR0609R14K #17,366.00,765.31,0
PHM0029R14K #12,496.00,1037.14,0
PHM0029R14K #13,496.00,1037.14,0
PHM0029R14K #14,496.00,1037.14,0
PHM0029R14K #15,496.00,1037.14,0
PHM0029R14K #17,496.00,1037.14,0
PHM0029R14K #16,584.00,1221.14,0
PHM0029R14K #18,584.00,1221.14,0
PHM0029R14K #19,584.00,1221.14,0
PUM0035R14K #13,263.00,582.28,0
PUM0035R14K #12,268.00,593.35,0
PUM0035R14K #16,413.00,863.58,3
PUM0035R14K #17,413.00,863.58,0
PUM0035R14K #18,413.00,863.58,3
PAR0623R14K #12,439.00,917.95,0
PAR0623R14K #13,439.00,917.95,0
PAR0623R14K #14,439.00,917.95,0
PAR0623R14K #15,439.00,917.95,0
PAR0623R14K #16,439.00,917.95,0
PAR0623R14K #17,439.00,917.95,0
PAR0623R14K #18,439.00,917.95,0
PAR0623R14K #19,439.00,917.95,0
PAR0339R14K #12,420.00,878.22,0
PAR0339R14K #13,420.00,878.22,0
PAR0339R14K #14,420.00,878.22,0
PAR0339R14K #15,420.00,878.22,0
PAR0339R14K #16,420.00,878.22,0
PAR0339R14K #17,420.00,878.22,0
PAR0339R14K #18,420.00,878.22,3
PAR0339R14K #19,420.00,878.22,0
PAR0339R14K #11,420.00,878.22,0
PAR0606R14K #12,403.00,842.67,3
PAR0606R14K #13,403.00,842.67,3
PAR0606R14K #14,403.00,842.67,0
PAR0606R14K #15,403.00,842.67,0
PAR0606R14K #16,403.00,842.67,3
PAR0606R14K #17,403.00,842.67,0
PAR0606R14K #18,403.00,842.67,0
PAR0606R14K #19,403.00,842.67,0
PAR0325R14K #16,334.00,698.39,0
PAR0325R14K #12,343.00,717.21,0
PAR0325R14K #13,343.00,717.21,0
PAR0325R14K #14,343.00,717.21,0
PAR0325R14K #15,413.00,863.58,0
PAR0325R14K #17,413.00,863.58,0
PAR0325R14K #18,413.00,863.58,0
PAR0325R14K #19,413.00,863.58,0
PAR0332R14K #12,537.00,1122.87,3
PAR0332R14K #13,537.00,1122.87,0
PAR0332R14K #14,537.00,1122.87,0
PAR0332R14K #15,537.00,1122.87,0
PAR0332R14K #16,537.00,1122.87,0
PAR0332R14K #17,537.00,1122.87,0
PAR0332R14K #18,537.00,1122.87,0
PAR0332R14K #19,537.00,1122.87,0
PAR0319R14K #12,403.00,842.67,0
PAR0319R14K #13,403.00,842.67,3
PAR0319R14K #14,403.00,842.67,0
PAR0319R14K #15,403.00,842.67,0
PAR0319R14K #16,403.00,842.67,3
PAR0319R14K #17,403.00,842.67,0
PAR0319R14K #18,403.00,842.67,0
PSR0264R14K #12,554.00,1158.41,3
PSR0264R14K #13,554.00,1158.41,0
PSR0264R14K #14,554.00,1158.41,3
PSR0264R14K #15,554.00,1158.41,0
PSR0264R14K #16,554.00,1158.41,0
PSR0264R14K #17,554.00,1158.41,3
PSR0264R14K #18,554.00,1158.41,0
PSR0264R14K #19,554.00,1158.41,0
PSR0264R14K #11,554.00,1158.41,0
PSR0264R14K #20,554.00,1158.41,0
KKS1514K #42CM,268.00,593.35,3
KKS1514K #45CM,274.00,606.64,3
KKS1514K #50CM,347.00,725.58,3
KKS1514K #55CM,369.00,771.58,3
KGD2014K #45CM,208.00,460.51,0
KGD2014K #42CM,208.00,460.51,0
KGD2014K #50CM,228.00,504.79,0
KGD2014K #55CM,244.00,540.22,0
KFDR1914K #42,254.00,562.36,3
KFDR1914K #45,275.00,608.85,3
KFDR1914K #50,303.00,670.84,3
KFDR1914K #55,323.00,715.12,3
KFD2514K #42,331.00,692.12,3
KFD2514K #50,347.00,725.58,0
KFD2514K #45,354.00,740.21,3
KFD2514K #55,422.00,882.40,3
KKS2014K #45CM,424.00,886.58,3
KKS2014K #50CM,466.00,974.41,3
KKS2014K #55CM,530.00,1108.23,0
KFD2014K #45,180.00,398.52,0
KFD2014K #42,180.00,398.52,0
KFD2014K #50,200.00,442.80,0
KFD2014K #55,201.00,445.01,0
KGD3014K #45CM,439.00,917.95,0
KGD3014K #42CM,439.00,917.95,0
KGD3014K #50CM,480.00,1003.68,0
KGD3014K #55CM,516.00,1078.96,0
HS-0985RRH #14,41.00,121.03,0
HS-0985RRH #16,41.00,121.03,3
HS-0985RRH #18,41.00,121.03,3
HS-0984RRH #14,41.00,121.03,3
HS-0984RRH #16,41.00,121.03,3
HS-0984RRH #18,41.00,121.03,3
HS-0970RRH #14,26.00,83.15,3
HS-0970RRH #16,26.00,83.15,3
HS-0970RRH #18,26.00,83.15,0
HS-0963RRH #14,44.00,129.89,0
HS-0963RRH #16,44.00,129.89,0
HS-0963RRH #18,44.00,129.89,0
HS-0960RRH #14,31.00,99.14,3
HS-0960RRH #16,31.00,99.14,3
HS-0960RRH #18,31.00,99.14,3
HS-1107RRH #14,30.00,95.94,3
HS-1107RRH #16,30.00,95.94,3
HS-1107RRH #18,30.00,95.94,0
HS-1107RRH #12,31.00,99.14,3
HS-1103RRH #14,64.00,188.93,3
HS-1103RRH #16,64.00,188.93,3
HS-1103RRH #18,64.00,188.93,3
HS-1102RRH #14,43.00,126.94,3
HS-1102RRH #16,43.00,126.94,3
HS-1102RRH #18,43.00,126.94,3
HR-0901PRH #18,55.00,162.36,3
HR-0901PRH #16,55.00,162.36,3
HR-0901PRH #14,55.00,162.36,3
HR-0902PRH #14,30.00,95.94,0
HR-0902PRH #16,30.00,95.94,0
HR-0902PRH #18,30.00,95.94,0
HR-0900PRH #14,41.00,121.03,3
HR-0900PRH #16,41.00,121.03,3
HR-0900PRH #18,41.00,121.03,3
ALKJ0001R #12,56.00,165.31,3
ALKJ0001R #16,56.00,165.31,0
ALKJ0001R #18,56.00,165.31,3
SR-3086RH #12,29.00,92.74,0
SR-3086RH #14,29.00,92.74,3
SR-3086RH #16,29.00,92.74,3
SR-3086RH #18,29.00,92.74,0
SR-6343YG #12,23.00,73.55,3
SR-6343YG #14,23.00,73.55,3
SR-6343YG #16,23.00,73.55,3
SR-6343YG #18,23.00,73.55,3
SR-6344RG #12,23.00,73.55,0
SR-6344RG #14,23.00,73.55,3
SR-6344RG #16,23.00,73.55,3
SR-6344RG #18,23.00,73.55,0
SR-6344YG #12,17.00,54.37,3
SR-6344YG #14,18.00,57.56,3
SR-6344YG #16,18.00,57.56,3
SR-6344YG #18,23.00,73.55,0
SR-6344RH #10,16.00,61.01,0
SR-6344RH #12,26.00,83.15,3
SR-6344RH #14,29.00,92.74,3
SR-6344RH #16,29.00,92.74,3
SR-6344RH #18,29.00,92.74,3
SR-6269YG #12,29.00,92.74,0
SR-6269YG #14,29.00,92.74,0
SR-6269YG #16,29.00,92.74,3
SR-6269YG #18,29.00,92.74,3
SR-6269RG #12,29.00,92.74,3
SR-6269RG #14,29.00,92.74,3
SR-6269RG #16,29.00,92.74,3
SR-6269RG #18,29.00,92.74,3
SR-6269RH #18,29.00,92.74,0
SR-6269RH #16,29.00,92.74,3
SR-6269RH #14,29.00,92.74,3
SR-6269RH #12,29.00,92.74,3
SR-3086RG #12,29.00,92.74,3
SR-3086RG #14,29.00,92.74,3
SR-3086RG #16,29.00,92.74,3
SR-3086RG #18,29.00,92.74,3
SR-3086YG #18,29.00,92.74,0
SR-3086YG #16,29.00,92.74,0
SR-3086YG #14,29.00,92.74,0
SR-3086YG #12,29.00,92.74,0
SR-6343RH #12,23.00,73.55,0
SR-6343RH #14,23.00,73.55,3
SR-6343RH #16,23.00,73.55,3
SR-6343RH #18,23.00,73.55,3
SR-6343RG #12,23.00,73.55,3
SR-6343RG #14,23.00,73.55,3
SR-6343RG #16,23.00,73.55,3
SR-6343RG #18,23.00,73.55,3
ALCYRK0001RRH #10,14.00,53.38,0
ALCYRK0001RRH #12,16.00,61.01,0
ALCYRK0001RRH #14,16.00,61.01,0
ALCYRK0001RRH #16,16.00,61.01,0
ALCYRK0001RRH #18,17.00,54.37,0
ALCYRK0001RRH #20,17.00,54.37,0
ALCYRK0002RRH #12,17.00,54.37,0
ALCYRK0002RRH #14,17.00,54.37,0
ALCYRK0002RRH #16,17.00,54.37,0
ALCYRK0002RRH #18,17.00,54.37,0
ALCYRK0002RRH #10,17.00,54.37,3
ALCYRK0003RRH #10,16.00,61.01,0
ALCYRK0003RRH #12,16.00,61.01,0
ALCYRK0003RRH #14,16.00,61.01,0
ALCYRK0003RRH #16,16.00,61.01,0
ALCYRK0003RRH #18,16.00,61.01,0
ALCYRK0003RRH #20,16.00,61.01,0
R-0529 #12,31.00,99.14,3
R-0529 #14,34.00,108.73,3
R-0529 #16,34.00,108.73,3
R-0529 #18,34.00,108.73,0
R-0532 #16,23.00,73.55,0
R-0532 #18,23.00,73.55,0
R-0533 #16,23.00,73.55,0
R-0533 #14,23.00,73.55,0
R-0533 #12,23.00,73.55,0
R-0533 #18,23.00,73.55,0
R-0535 #10,16.00,61.01,0
R-0535 #16,16.00,61.01,0
R-0535 #18,16.00,61.01,0
R-0536 #18,23.00,73.55,0
R-0536 #16,23.00,73.55,0
R-0536 #14,23.00,73.55,0
R-0537RHW #18,38.00,121.52,0
R-0537RHW #12,38.00,121.52,3
R-0537RHW #10,38.00,121.52,0
R-0537RHW #14,38.00,121.52,3
R-0537RHW #16,38.00,121.52,3
R-0537RHW #20,38.00,121.52,0
R-0537RHW #22,38.00,121.52,0
R-0538 #18,23.00,73.55,0
R-0538 #16,23.00,73.55,0
R-0538 #14,23.00,73.55,0
R-0538 #12,23.00,73.55,0
R004 #10,37.00,118.33,0
R004 #12,41.00,121.03,3
R004 #14,42.00,123.98,3
R004 #16,44.00,129.89,3
R004 #18,47.00,138.74,0
HR-0306WB #14,49.00,144.65,0
HR-0306WB #12,49.00,144.65,3
HR-0306WB #16,49.00,144.65,0
HR-0306WB #18,49.00,144.65,0
HR-0306WB #10,49.00,144.65,0
HR-0306WB #20,49.00,144.65,0
HR-0306 #14,49.00,144.65,0
HR-0306 #12,49.00,144.65,0
HR-0306 #16,49.00,144.65,0
HR-0306 #18,49.00,144.65,0
HR-0306 #10,49.00,144.65,0
HR-0306 #20,49.00,144.65,0
R-0012 #12,38.00,121.52,3
R-0012 #10,38.00,121.52,3
R-0012 #14,38.00,121.52,3
R-0012 #16,38.00,121.52,3
R-0012 #18,38.00,121.52,3
R-0013 #12,24.00,76.75,0
R-0013 #14,24.00,76.75,3
R-0013 #16,24.00,76.75,3
R-0013 #18,24.00,76.75,3
R-0014 #12,23.00,73.55,3
R-0014 #14,23.00,73.55,3
R-0014 #16,23.00,73.55,3
R-0014 #18,23.00,73.55,3
R-0015 #12,23.00,73.55,0
R-0015 #14,23.00,73.55,0
R-0015 #16,23.00,73.55,0
R-0015 #18,23.00,73.55,0
CS-1076 #20,40.00,127.92,0
CS-1091RBY #12,76.00,224.35,3
CS-1091RBY #14,76.00,224.35,3
CS-1091RBY #16,76.00,224.35,0
CS-1091RBY #18,76.00,224.35,3
CS-1091RBY #20,76.00,224.35,0
CS-1129A #16,48.00,141.70,0
CS-1129A #18,48.00,141.70,0
CS-1133A #16,53.00,156.46,0
CS-1133A #18,53.00,156.46,3
CS-1134A #18,50.00,147.60,0
CS-1135A #16,54.00,159.41,3
CS-1135A #18,55.00,162.36,3
CS-1182 #12,47.00,138.74,3
CS-1182 #14,47.00,138.74,3
CS-1182 #16,47.00,138.74,3
CS-1182 #18,47.00,138.74,0
CS-1199A #12,44.00,129.89,3
CS-1199A #14,44.00,129.89,3
CS-1199A #16,44.00,129.89,3
CS-1199A #18,44.00,129.89,0
CS-1199A #20,44.00,129.89,0
CS-1200A #12,52.00,153.50,0
CS-1200A #14,52.00,153.50,0
CS-1200A #16,52.00,153.50,0
R-0012Y #10,38.00,121.52,0
R-0012Y #14,38.00,121.52,0
R-0012Y #16,38.00,121.52,0
MVR-0275B #10,37.00,118.33,3
MVR-0275B #12,37.00,118.33,3
MVR-0275B #14,37.00,118.33,3
MVR-0275B #16,37.00,118.33,3
MVR-0275B #18,37.00,118.33,3
MVR-0275B #20,37.00,118.33,0
MVR-0275 #10,37.00,118.33,3
MVR-0275 #12,37.00,118.33,3
MVR-0275 #14,37.00,118.33,3
MVR-0275 #16,37.00,118.33,3
MVR-0275 #18,37.00,118.33,3
MVR-0275 #20,37.00,118.33,0
R-0017R #18,24.00,76.75,3
R-0017R #16,24.00,76.75,3
R-0017R #14,24.00,76.75,3
R-0017R #12,24.00,76.75,3
R-0017R #10,24.00,76.75,0
R-0017R #20,24.00,76.75,3
R-0017Y #10,24.00,76.75,3
R-0017Y #12,24.00,76.75,3
R-0017Y #14,24.00,76.75,3
R-0017Y #16,24.00,76.75,3
R-0017Y #18,24.00,76.75,3
R-0017Y #20,24.00,76.75,0
R-0017P #10,24.00,76.75,0
R-0017P #12,24.00,76.75,3
R-0017P #14,24.00,76.75,3
R-0017P #16,24.00,76.75,3
R-0017P #18,24.00,76.75,3
R-0017P #20,24.00,76.75,0
R-0012G #16,23.00,73.55,3
MT10052R #12,24.00,76.75,0
MT10052R #14,24.00,76.75,3
MT10052R #16,24.00,76.75,3
MT10052R #18,24.00,76.75,0
MT10059R #12,20.00,63.96,3
MT10059R #14,20.00,63.96,3
MT10059R #16,20.00,63.96,3
MT10059R #18,20.00,63.96,3
SJR-3029 #12,17.00,54.37,3
SJR-3029 #14,17.00,54.37,3
SJR-3029 #16,17.00,54.37,3
SJR-3029 #18,17.00,54.37,3
XJR-0123 #12,23.00,73.55,3
XJR-0123 #14,23.00,73.55,3
XJR-0123 #16,23.00,73.55,3
XJR-0123 #18,23.00,73.55,3
LTN-0035PRH #10,42.00,123.98,3
LTN-0035PRH #12,42.00,123.98,3
LTN-0035PRH #14,42.00,123.98,3
LTN-0035PRH #16,42.00,123.98,3
LTN-0035PRH #18,42.00,123.98,3
LTN-0035PRH #20,42.00,123.98,3
ALCYR0037PRH #10,34.00,108.73,3
ALCYR0037PRH #12,34.00,108.73,3
ALCYR0037PRH #14,34.00,108.73,3
ALCYR0037PRH #16,34.00,108.73,3
ALCYR0037PRH #18,34.00,108.73,0
ALCYR0037PRH #20,34.00,108.73,3
CS-1093B #12,73.00,215.50,3
CS-1093B #14,73.00,215.50,0
CS-1093B #16,73.00,215.50,0
CS-1093B #18,73.00,215.50,0
CS-1093B #20,73.00,215.50,3
ALCYRK0014RRH #14,25.00,79.95,0
ALCYRK0014RRH #18,28.00,89.54,0
ALCYRK0014RRH #12,30.00,95.94,3
ALCYRK0014RRH #16,30.00,95.94,0
ALCYR0043RRH #12,29.00,92.74,3
ALCYR0043RRH #14,29.00,92.74,0
ALCYR0043RRH #16,29.00,92.74,0
ALCYR0043RRH #18,29.00,92.74,0
ALCYR0043RRH #20,29.00,92.74,0
KJ0006RRH #12,43.00,126.94,3
KJ0006RRH #14,43.00,126.94,0
KJ0006RRH #16,43.00,126.94,0
KJ0006RRH #18,43.00,126.94,0
KJ0007RRH #12,35.00,111.93,0
KJ0007RRH #14,35.00,111.93,0
KJ0007RRH #16,35.00,111.93,0
KJ0007RRH #18,35.00,111.93,0
KJ0008RRH #12,35.00,111.93,3
KJ0008RRH #14,35.00,111.93,3
KJ0008RRH #16,35.00,111.93,0
KJ0008RRH #18,35.00,111.93,0
MR11212 #12,13.00,49.57,0
MR11212 #14,26.00,83.15,0
MR11212 #16,26.00,83.15,0
MR11212 #18,26.00,83.15,0
MR11216 #12,43.00,126.94,0
MR11216 #14,43.00,126.94,3
MR11216 #16,43.00,126.94,3
MR11216 #18,43.00,126.94,3
MR11225 #12,55.00,162.36,0
MR11225 #14,55.00,162.36,0
MR11225 #16,55.00,162.36,0
MR11225 #18,55.00,162.36,0
MT10054R #12,24.00,76.75,3
MT10054R #14,24.00,76.75,3
MT10054R #16,24.00,76.75,3
MT10054R #18,24.00,76.75,0
MT10054Y #12,24.00,76.75,3
MT10054Y #14,24.00,76.75,3
MT10054Y #16,24.00,76.75,3
MT10054Y #18,24.00,76.75,3
MT10055RG #12,24.00,76.75,3
MT10055RG #14,24.00,76.75,3
MT10055RG #16,24.00,76.75,3
MT10055RG #18,24.00,76.75,3
MT10055R #12,24.00,76.75,3
MT10055R #14,24.00,76.75,3
MT10055R #16,24.00,76.75,3
MT10055R #18,24.00,76.75,3
MT10055Y #12,24.00,76.75,3
MT10055Y #14,24.00,76.75,3
MT10055Y #16,24.00,76.75,3
MT10055Y #18,24.00,76.75,3
MT10060R #12,23.00,73.55,3
MT10060R #14,24.00,76.75,3
MT10060R #18,24.00,76.75,3
MT10060R #16,25.00,79.95,3
MT10060RG #12,20.00,63.96,3
MT10060RG #14,20.00,63.96,3
MT10060RG #16,20.00,63.96,3
MT10060RG #18,20.00,63.96,3
MT10060Y #12,20.00,63.96,0
MT10060Y #14,20.00,63.96,3
MT10060Y #16,20.00,63.96,0
MT10060Y #18,20.00,63.96,3
MT10061R #12,24.00,76.75,3
MT10061R #14,24.00,76.75,3
MT10061R #16,24.00,76.75,3
MT10061R #18,24.00,76.75,3
MT10061RG #12,24.00,76.75,3
MT10061RG #14,24.00,76.75,3
MT10061RG #16,24.00,76.75,3
MT10061RG #18,24.00,76.75,3
MT10061Y #12,24.00,76.75,3
MT10061Y #14,24.00,76.75,3
MT10061Y #16,24.00,76.75,3
MT10061Y #18,24.00,76.75,3
MR11222 #16,42.00,123.98,0
MR11208 #12,41.00,121.03,0
MR11208 #14,41.00,121.03,0
MR11208 #16,41.00,121.03,0
MR11208 #18,41.00,121.03,0
MR11209 #12,54.00,159.41,0
MR11209 #14,54.00,159.41,0
MR11209 #16,54.00,159.41,0
MR11209 #18,54.00,159.41,0
MR11213 #12,25.00,79.95,0
MR11213 #14,25.00,79.95,0
MR11213 #16,25.00,79.95,0
MR11213 #18,25.00,79.95,0
MR11214 #12,36.00,115.13,0
MR11214 #16,36.00,115.13,0
MR11214 #14,36.00,115.13,3
MR11214 #18,36.00,115.13,0
MR11215 #18,29.00,92.74,3
MR11215 #12,30.00,95.94,3
MR11215 #14,30.00,95.94,3
MR11215 #16,30.00,95.94,3
MR11217 #12,30.00,95.94,0
MR11217 #14,30.00,95.94,0
MR11217 #16,30.00,95.94,3
MR11217 #18,30.00,95.94,3
MR11219 #12,38.00,121.52,0
MR11219 #14,38.00,121.52,3
MR11219 #16,38.00,121.52,3
MR11219 #18,38.00,121.52,3
MR11224 #12,30.00,95.94,0
MR11224 #14,30.00,95.94,0
MR11224 #16,30.00,95.94,0
MR11224 #18,30.00,95.94,0
MR11229 #12,49.00,144.65,0
MR11229 #14,49.00,144.65,0
MR11229 #16,49.00,144.65,0
MR11229 #18,49.00,144.65,0
MR11234 #12,42.00,123.98,0
MR11234 #14,42.00,123.98,0
MR11234 #16,42.00,123.98,0
MR11234 #18,42.00,123.98,0
MR11242 #12,28.00,89.54,0
MR11242 #14,28.00,89.54,0
MR11242 #16,28.00,89.54,0
MR11242 #18,28.00,89.54,0
MR11243 #12,22.00,70.36,0
MR11243 #14,22.00,70.36,0
MR11243 #16,22.00,70.36,0
MR11243 #18,22.00,70.36,0
MR11244 #12,54.00,159.41,3
MR11244 #14,54.00,159.41,3
MR11244 #16,54.00,159.41,3
MR11244 #18,54.00,159.41,3
MR11245 #12,28.00,89.54,0
MR11245 #14,28.00,89.54,0
MR11245 #16,28.00,89.54,0
MR11245 #18,28.00,89.54,0
MT10056R #14,24.00,76.75,3
MT10056R #16,24.00,76.75,0
MT10056R #20,24.00,76.75,0
MT10056R #12,24.00,76.75,0
MT10057R #10,35.00,111.93,0
MT10057R #12,35.00,111.93,0
MT10057R #14,35.00,111.93,0
MT10057R #16,35.00,111.93,0
MT10057R #18,35.00,111.93,0
MT10057R #20,35.00,111.93,0
MT10058R #12,26.00,83.15,0
MT10058R #14,26.00,83.15,3
MT10058R #16,26.00,83.15,0
MT10058R #20,26.00,83.15,0
ALKJ0009RRH #22,48.00,141.70,0
ALKJ0009RRH #18,48.00,141.70,3
ALKJ0009RRH #12,48.00,141.70,0
ALKJ0009RRH #20,48.00,141.70,0
ALKJ0009RRH #14,48.00,141.70,3
ALKJ0009RRH #16,48.00,141.70,3
ALKJ0010RRH #16,48.00,141.70,3
ALKJ0010RRH #19,48.00,141.70,0
ALKJ0010RRH #21,48.00,141.70,0
ALKJ0010RRH #18,48.00,141.70,3
ALKJ0010RRH #13,48.00,141.70,3
ALKJ0010RRH #20,48.00,141.70,0
ALKJ0010RRH #17,48.00,141.70,0
ALKJ0010RRH #23,48.00,141.70,0
ALKJ0011RRH #18,48.00,141.70,3
ALKJ0011RRH #23,48.00,141.70,0
ALKJ0011RRH #13,48.00,141.70,0
ALKJ0011RRH #19,48.00,141.70,0
ALKJ0011RRH #21,48.00,141.70,0
ALKJ0011RRH #16,48.00,141.70,3
ALKJ0011RRH #17,48.00,141.70,0
ALKJ0012RRH #16,48.00,141.70,3
ALKJ0012RRH #17,48.00,141.70,3
ALKJ0012RRH #21,48.00,141.70,0
ALKJ0012RRH #12,48.00,141.70,0
ALKJ0012RRH #20,48.00,141.70,0
ALKJ0012RRH #13,48.00,141.70,0
ALKJ0012RRH #18,48.00,141.70,3
ALKJ0013RRH #18,48.00,141.70,3
ALKJ0013RRH #21,48.00,141.70,0
ALKJ0013RRH #23,48.00,141.70,0
ALKJ0013RRH #12,48.00,141.70,0
ALKJ0013RRH #13,48.00,141.70,0
ALKJ0013RRH #16,48.00,141.70,3
ALKJ0013RRH #14,48.00,141.70,3
ALKJ0013RRH #17,48.00,141.70,0
ALKJ0013RRH #19,48.00,141.70,0
SRD0043A #12,24.00,76.75,0
SRD0043A #14,24.00,76.75,3
SRD0043A #16,24.00,76.75,3
SRD0043A #18,24.00,76.75,0
AH1868RH #12,18.00,57.56,0
AH1868RH #14,18.00,57.56,0
AH1868RH #16,18.00,57.56,0
AH1868RH #18,18.00,57.56,0
SRC0054C #12,17.00,54.37,0
SRC0054C #14,17.00,54.37,0
SRC0054C #16,17.00,54.37,3
SRC0054C #18,17.00,54.37,0
SRH0096F #12,22.00,70.36,0
SRH0096F #14,22.00,70.36,0
SRH0096F #16,22.00,70.36,0
SRH0096F #18,22.00,70.36,0
ML03536B #12,22.00,70.36,0
ML03536B #14,22.00,70.36,0
ML03536B #16,22.00,70.36,0
ML03536B #18,22.00,70.36,0
MR11211 #12,40.00,127.92,3
MR11211 #14,40.00,127.92,0
MR11211 #16,40.00,127.92,0
MR11211 #18,40.00,127.92,0
MR11218 #12,28.00,89.54,0
MR11218 #16,28.00,89.54,3
MR11218 #18,28.00,89.54,3
MR11218 #14,28.00,89.54,3
MR11220 #12,26.00,83.15,3
MR11220 #14,26.00,83.15,3
MR11220 #16,26.00,83.15,3
MR11220 #18,26.00,83.15,3
MR11221 #12,37.00,118.33,3
MR11221 #14,37.00,118.33,3
MR11221 #16,37.00,118.33,3
MR11221 #18,37.00,118.33,0
MR11223 #12,28.00,89.54,0
MR11223 #14,28.00,89.54,3
MR11223 #16,28.00,89.54,3
MR11223 #18,28.00,89.54,3
MR11231 #12,36.00,115.13,3
MR11231 #14,36.00,115.13,3
MR11231 #16,36.00,115.13,3
MR11231 #18,36.00,115.13,3
AR7732 #12,22.00,70.36,3
AR7732 #14,22.00,70.36,3
AR7732 #16,22.00,70.36,3
AR7732 #18,22.00,70.36,0
AR7750 #12,23.00,73.55,3
AR7750 #14,23.00,73.55,3
AR7750 #16,23.00,73.55,3
AR7750 #18,23.00,73.55,3
AR7578 #12,18.00,57.56,0
AR7578 #14,18.00,57.56,3
AR7578 #16,18.00,57.56,3
AR7578 #18,18.00,57.56,3
AR7782 #12,30.00,95.94,0
AR7782 #14,34.00,108.73,0
AR7782 #16,35.00,111.93,0
AR7782 #18,36.00,115.13,0
ARR0579 #12,22.00,70.36,0
ARR0579 #14,22.00,70.36,0
ARR0579 #16,22.00,70.36,0
ARR0579 #18,22.00,70.36,0
ARR0561 #12,23.00,73.55,3
ARR0561 #14,23.00,73.55,3
ARR0561 #16,23.00,73.55,3
ARR0561 #18,23.00,73.55,3
ALS0310 #12,13.00,49.57,0
ALS0310 #14,13.00,49.57,0
ALS0310 #16,13.00,49.57,0
ALS0310 #18,13.00,49.57,0
AR3287 #12,13.00,49.57,0
AR3287 #14,13.00,49.57,3
AR3287 #16,13.00,49.57,3
AR3287 #18,13.00,49.57,3
AR4880 #12,23.00,73.55,3
AR4880 #14,23.00,73.55,3
AR4880 #16,23.00,73.55,3
AR4880 #18,23.00,73.55,3
AR2758 #12,18.00,57.56,3
AR2758 #14,18.00,57.56,3
AR2758 #16,18.00,57.56,3
AR2758 #18,18.00,57.56,3
ALCYRK0015RRH #12,26.00,83.15,0
ALCYRK0015RRH #14,26.00,83.15,0
ALCYRK0015RRH #16,26.00,83.15,0
ALCYRK0015RRH #18,29.00,92.74,0
A001138 #12,25.00,79.95,0
A001138 #14,25.00,79.95,0
A001138 #16,25.00,79.95,0
A001138 #18,25.00,79.95,0
ML03503 #12,28.00,89.54,0
ML03503 #14,28.00,89.54,0
ML03503 #16,28.00,89.54,0
ML03503 #18,28.00,89.54,0
ML03531A #12,23.00,73.55,3
ML03531A #14,23.00,73.55,3
ML03531A #16,23.00,73.55,3
ML03531A #18,23.00,73.55,3
ML03533A #12,26.00,83.15,3
ML03533A #14,26.00,83.15,3
ML03533A #16,26.00,83.15,3
ML03533A #18,26.00,83.15,3
ML03724A #12,26.00,83.15,3
ML03724A #14,26.00,83.15,0
ML03724A #16,26.00,83.15,0
ML03724A #18,26.00,83.15,0
ML03613A #12,28.00,89.54,3
ML03613A #14,28.00,89.54,3
ML03613A #16,28.00,89.54,3
ML03613A #18,28.00,89.54,0
ML03590A #12,26.00,83.15,0
ML03590A #14,26.00,83.15,0
ML03590A #16,26.00,83.15,0
ML03590A #18,26.00,83.15,0
ML04870A #12,26.00,83.15,3
ML04870A #14,26.00,83.15,0
ML04870A #16,26.00,83.15,0
ML04870A #18,26.00,83.15,0
ML04935A #14,25.00,79.95,0
ML04935A #16,25.00,79.95,0
ML04935B #12,25.00,79.95,0
ML04935B #14,25.00,79.95,0
ML04935B #16,25.00,79.95,0
ML04952B #12,34.00,108.73,3
ML04952B #14,34.00,108.73,3
ML04952B #16,34.00,108.73,3
ML04952B #18,34.00,108.73,3
ML04952A #12,34.00,108.73,0
ML04952A #14,34.00,108.73,0
ML04952A #16,34.00,108.73,0
ML04941A #18,20.00,63.96,3
ML04941A #16,20.00,63.96,3
ML04941A #14,20.00,63.96,3
ML04941A #12,20.00,63.96,3
ML05033A #12,26.00,83.15,0
ML05033A #14,26.00,83.15,3
ML05033A #16,26.00,83.15,0
ML05033A #18,26.00,83.15,0
ML05034A #12,28.00,89.54,0
ML05034A #14,28.00,89.54,0
ML05034A #16,28.00,89.54,0
ML05034A #18,28.00,89.54,0
ML05080A #12,31.00,99.14,3
ML05080A #14,31.00,99.14,3
ML05080A #16,31.00,99.14,3
ML05080A #18,31.00,99.14,3
SRZ4321B #12,28.00,89.54,3
SRZ4321B #14,28.00,89.54,3
SRZ4321B #16,28.00,89.54,3
SRZ4321B #18,28.00,89.54,0
SRZ4915A #12,30.00,95.94,3
SRZ4915A #14,30.00,95.94,3
SRZ4915A #16,30.00,95.94,0
SRZ4915A #18,30.00,95.94,0
SRB0206A #12,22.00,70.36,0
SRB0206A #14,22.00,70.36,0
SRB0206A #16,22.00,70.36,0
SRB0206A #18,22.00,70.36,0
SRB0048A #12,24.00,76.75,0
SRB0048A #14,24.00,76.75,0
SRB0048A #16,24.00,76.75,0
SRB0048A #18,24.00,76.75,0
SR05780A #12,20.00,63.96,0
SR05780A #14,20.00,63.96,0
SR05780A #16,20.00,63.96,0
SR05780A #18,20.00,63.96,0
SRB0208A #12,22.00,70.36,0
SRB0208A #14,22.00,70.36,0
SRB0208A #16,22.00,70.36,3
SRB0208A #18,22.00,70.36,0
SRB0258D #12,24.00,76.75,3
SRB0258D #14,24.00,76.75,0
SRB0258D #16,24.00,76.75,3
SRB0258D #18,24.00,76.75,3
SRD0051A #18,34.00,108.73,0
SRD0051A #16,34.00,108.73,0
SRD0051A #14,34.00,108.73,0
SRD0051A #12,34.00,108.73,3
SRF0014A #12,25.00,79.95,0
SRF0014A #14,25.00,79.95,0
SRF0014A #16,25.00,79.95,0
SRF0014A #18,25.00,79.95,0
MLC0016B #12,25.00,79.95,0
MLC0016B #14,25.00,79.95,3
MLC0016B #16,25.00,79.95,3
MLC0016B #18,25.00,79.95,0
SR04027C #12,34.00,108.73,3
SR04027C #14,34.00,108.73,0
SR04027C #16,34.00,108.73,0
SR04027C #18,34.00,108.73,0
ML03081A #12,40.00,127.92,3
ML03081A #14,40.00,127.92,0
ML03081A #16,40.00,127.92,3
ML03081A #18,40.00,127.92,0
ML03619A #12,34.00,108.73,3
ML03619A #14,34.00,108.73,3
ML03619A #16,34.00,108.73,3
ML03619A #18,34.00,108.73,3
KFRR604 #14,41.00,121.03,0
KFRR604 #17,41.00,121.03,0
KFRR604 #20,41.00,121.03,0
KFRR604 #21,41.00,121.03,0
KFRR517 #14,47.00,138.74,0
KFRR517 #15,47.00,138.74,0
KFRR517 #17,47.00,138.74,0
KFRR517 #19,47.00,138.74,0
KFRR517 #20,47.00,138.74,0
KFRR517 #21,47.00,138.74,0
KFRR517 #22,47.00,138.74,0
CAL0012ROKS #12,37.00,118.33,3
CAL0012ROKS #14,37.00,118.33,3
CAL0012ROKS #16,37.00,118.33,0
CAL0012ROKS #18,37.00,118.33,3
CAL0013ROKS #12,31.00,99.14,3
CAL0013ROKS #14,31.00,99.14,3
CAL0013ROKS #16,31.00,99.14,3
CAL0013ROKS #18,31.00,99.14,3
CAL0014ROKS #12,26.00,83.15,3
CAL0014ROKS #14,26.00,83.15,3
CAL0014ROKS #16,26.00,83.15,0
CAL0014ROKS #18,26.00,83.15,0
CAL0015RS #12,18.00,57.56,0
CAL0015RS #14,18.00,57.56,0
CAL0015RS #16,18.00,57.56,0
CAL0015RS #18,18.00,57.56,3
ALSYG0001 #16,42.00,123.98,3
ALSYG0001 #17,42.00,123.98,3
ALSYG0001 #18,43.00,126.94,3
ALSYG0001 #19,43.00,126.94,3
ALSYG0001 #20,43.00,126.94,3
ALSYG0001 #21,43.00,126.94,0
ALSYG0001 #22,43.00,126.94,3
ALSYG0001 #23,43.00,126.94,3
ALSYG0001 #24,44.00,129.89,3
ALSYG0001 #25,44.00,129.89,0
ALSYG0002 #18,52.00,153.50,0
ALSYG0002 #19,52.00,153.50,0
ALSYG0002 #17,52.00,153.50,0
ALSYG0002 #20,53.00,156.46,0
ALSYG0002 #21,53.00,156.46,0
ALSYG0002 #22,53.00,156.46,0
ALSYG0002 #23,53.00,156.46,0
ALSYG0002 #24,53.00,156.46,0
ALSYG0002 #25,53.00,156.46,0
ALSYG0002 #26,54.00,159.41,0
ALSYG0002 #27,54.00,159.41,0
ALSYG0002 #28,54.00,159.41,0
ALSYG0003 #19,58.00,171.22,0
ALSYG0003 #20,58.00,171.22,0
ALSYG0003 #21,58.00,171.22,0
ALSYG0003 #22,58.00,171.22,0
ALSYG0003 #23,58.00,171.22,0
ALSYG0003 #24,58.00,171.22,0
ALSYG0003 #25,60.00,177.12,0
ALSYG0003 #26,60.00,177.12,0
ALSYG0003 #27,60.00,177.12,0
ALSYG0003 #28,61.00,180.07,0
ALSYG0003 #29,61.00,180.07,0
ALSYG0003 #30,61.00,180.07,0
ALSYG0004 #18,52.00,153.50,0
ALSYG0004 #19,52.00,153.50,0
ALSYG0004 #20,53.00,156.46,0
ALSYG0004 #21,53.00,156.46,0
ALSYG0004 #22,53.00,156.46,0
ALSYG0004 #23,53.00,156.46,0
ALSYG0004 #24,53.00,156.46,0
ALSYG0004 #25,53.00,156.46,0
ALSYG0004 #26,53.00,156.46,0
ALSYG0004 #27,53.00,156.46,0
ALSYG0004 #28,54.00,159.41,0
ALSYG0004 #29,54.00,159.41,0
ALSYG0004 #30,55.00,162.36,0
ALSYG0006 #15,30.00,95.94,3
ALSYG0006 #16,30.00,95.94,3
ALSYG0006 #17,30.00,95.94,3
ALSYG0006 #18,31.00,99.14,3
ALSYG0006 #19,31.00,99.14,3
ALSYG0006 #20,31.00,99.14,3
ALSYG0006 #21,34.00,108.73,0
ALSYG0006 #22,34.00,108.73,0
ALSYG0006 #23,35.00,111.93,0
ALSYG0007 #15,42.00,123.98,0
ALSYG0007 #16,42.00,123.98,3
ALSYG0007 #17,42.00,123.98,3
ALSYG0007 #18,42.00,123.98,3
ALSYG0007 #19,43.00,126.94,3
ALSYG0007 #20,43.00,126.94,3
ALSYG0007 #21,43.00,126.94,0
ALSYG0007 #22,43.00,126.94,0
ALSYG0007 #23,43.00,126.94,0
ALSYG0007 #24,43.00,126.94,0
ALSYG0007 #25,43.00,126.94,0
ALSYG0007 #26,43.00,126.94,0
ALSYG0008 #18,52.00,153.50,0
ALSYG0008 #19,52.00,153.50,0
ALSYG0008 #20,52.00,153.50,0
ALSYG0008 #21,53.00,156.46,0
ALSYG0008 #22,53.00,156.46,0
ALSYG0008 #23,53.00,156.46,0
ALSYG0008 #24,53.00,156.46,0
ALSYG0008 #25,53.00,156.46,0
ALSYG0008 #26,53.00,156.46,0
ALSYG0008 #27,54.00,159.41,0
ALSYG0008 #28,54.00,159.41,0
ALSYG0008 #29,54.00,159.41,0
ALSYG0010 #17,49.00,144.65,0
ALSYG0010 #18,49.00,144.65,0
ALSYG0010 #19,49.00,144.65,0
ALSYG0010 #20,49.00,144.65,0
ALSYG0010 #21,50.00,147.60,0
ALSYG0010 #22,50.00,147.60,0
ALSYG0010 #23,50.00,147.60,0
ALSYG0010 #24,50.00,147.60,0
ALSYG0010 #25,52.00,153.50,0
ALSYG0010 #26,52.00,153.50,0
ALSYG0010 #27,52.00,153.50,0
ALSYG0010 #28,52.00,153.50,0
ALSYG0010 #29,52.00,153.50,0
ALSYG0010 #30,53.00,156.46,0
ALCYR0272RRH #12,40.00,127.92,0
ALCYR0272RRH #14,40.00,127.92,0
ALCYR0272RRH #16,40.00,127.92,0
ALCYR0272RRH #18,40.00,127.92,0
ALCYR0274RRH #12,24.00,76.75,0
ALCYR0274RRH #14,24.00,76.75,0
ALCYR0274RRH #16,24.00,76.75,0
ALCYR0274RRH #18,24.00,76.75,0
HR-0303WB #10,49.00,144.65,0
HR-0303WB #12,49.00,144.65,3
HR-0303WB #14,49.00,144.65,0
HR-0303WB #16,49.00,144.65,0
HR-0303WB #18,49.00,144.65,0
HR-0303WB #20,49.00,144.65,0
HR-0071WB #10,37.00,118.33,0
HR-0071WB #12,37.00,118.33,0
HR-0071WB #14,37.00,118.33,0
HR-0071WB #16,37.00,118.33,0
HR-0071WB #18,37.00,118.33,0
R18334 #12,30.00,95.94,0
R18334 #14,30.00,95.94,0
R18334 #16,30.00,95.94,0
R18334 #18,30.00,95.94,0
R18485A #12,29.00,92.74,0
R18485A #14,29.00,92.74,0
R18485A #16,29.00,92.74,0
R18485A #18,29.00,92.74,0
R18445 #12,53.00,156.46,3
R18445 #14,53.00,156.46,3
R18445 #16,53.00,156.46,0
R18445 #18,53.00,156.46,0
ML04982A #12,35.00,111.93,3
ML04982A #14,35.00,111.93,3
ML04982A #16,35.00,111.93,3
ML04982A #18,35.00,111.93,0
SRD0371B #12,30.00,95.94,0
SRD0371B #14,30.00,95.94,0
SRD0371B #16,30.00,95.94,0
SRD0371B #18,30.00,95.94,0
ALCYR0095RHR #15,103.00,278.72,0
ALCYR0095RHR #12,103.00,278.72,0
ALCYR0095RHR #14,103.00,278.72,0
ALCYR0266 #14,14.00,53.38,0
ALCYR0266 #16,14.00,53.38,0
ALCYR0266 #18,14.00,53.38,3
ALCYR0266 #20,14.00,53.38,3
CS-873WR #12,77.00,227.30,3
CS-873WR #14,77.00,227.30,3
CS-873WR #16,77.00,227.30,3
CS-873WR #18,77.00,227.30,3
CS-873WY #12,77.00,227.30,3
CS-873WY #14,77.00,227.30,3
CS-873WY #16,77.00,227.30,3
CS-873WY #18,77.00,227.30,3
SRAYA05522 #12,54.00,159.41,3
SRAYA05522 #14,54.00,159.41,0
SRAYA05522 #16,54.00,159.41,0
SRAYA05522 #18,54.00,159.41,3
SRAYA05522 #20,54.00,159.41,0
SRAYA05525 #14,47.00,138.74,3
SRAYA05525 #16,47.00,138.74,3
SRAYA05525 #18,47.00,138.74,3
SRAYA05538 #14,35.00,111.93,0
SRAYA05538 #18,35.00,111.93,0
SRAYA05538 #20,35.00,111.93,0
SRAYA05540 #16,44.00,129.89,0
SRAYA05540 #18,44.00,129.89,0
SRAYA05541 #16,40.00,127.92,0
SRAYA05541 #14,40.00,127.92,0
SRAYA05541 #18,40.00,127.92,0
SRAYA05544 #18,42.00,123.98,0
SRAYA05544 #16,42.00,123.98,0
HR-0303W #10,49.00,144.65,0
HR-0303W #12,49.00,144.65,3
HR-0303W #14,49.00,144.65,0
HR-0303W #16,49.00,144.65,0
HR-0303W #18,49.00,144.65,0
HR-0303W #20,49.00,144.65,0
HR-0080 #12,37.00,118.33,0
HR-0080 #14,37.00,118.33,3
HR-0080 #16,37.00,118.33,0
HR-0080 #18,37.00,118.33,0
R18588 #12,67.00,197.78,3
R18588 #14,67.00,197.78,3
R18588 #16,67.00,197.78,3
R18588 #18,67.00,197.78,0
AR11229RH #12,30.00,95.94,0
AR11229RH #14,30.00,95.94,0
AR11229RH #16,30.00,95.94,0
AR11229RH #18,30.00,95.94,0
ML03534A #12,29.00,92.74,0
ML03534A #14,29.00,92.74,3
ML03534A #16,29.00,92.74,3
ML03534A #18,29.00,92.74,0
ALCYR0203RRH #12,43.00,126.94,3
ALCYR0203RRH #14,43.00,126.94,3
ALCYR0203RRH #16,43.00,126.94,3
ALCYR0203RRH #18,43.00,126.94,0
ALCYR0203RRH #20,43.00,126.94,0
ALCYR0222RRH #18,34.00,108.73,0
ALCYR0222RRH #14,34.00,108.73,3
ALCYR0222RRH #12,34.00,108.73,3
ALCYR0222RRH #16,34.00,108.73,0
ALCYR0261R #12,47.00,138.74,0
ALCYR0261R #13,47.00,138.74,0
ALCYR0261R #14,47.00,138.74,0
ALCYR0261R #15,47.00,138.74,0
ALCYR0261R #16,49.00,144.65,0
ALCYR0261R #17,49.00,144.65,0
ALCYR0261R #18,49.00,144.65,0
ALCYR0261R #20,49.00,144.65,0
ALCYR0261R #21,49.00,144.65,0
ALCYR0262R #12,64.00,188.93,0
ALCYR0262R #14,64.00,188.93,0
ALCYR0262R #16,67.00,197.78,0
ALCYR0262R #17,70.00,206.64,0
ALCYR0263 #18,25.00,79.95,0
ALCYR0263 #20,25.00,79.95,0
ALCYR0263 #12,25.00,79.95,3
ALCYR0263 #14,25.00,79.95,3
ALCYR0263 #16,25.00,79.95,0
ALCYR0263 #11,25.00,79.95,0
ALCYR0263 #17,25.00,79.95,0
ALCYR0263 #19,25.00,79.95,0
ALCYR0263 #13,25.00,79.95,0
ALCYR0276RRH #10,24.00,76.75,0
ALCYR0276RRH #12,24.00,76.75,3
ALCYR0276RRH #14,24.00,76.75,0
ALCYR0276RRH #16,24.00,76.75,3
ALCYR0276RRH #18,24.00,76.75,0
ALCYR0276RRH #20,24.00,76.75,0
SRAYA05516 #12,31.00,99.14,0
SRAYA05516 #14,31.00,99.14,3
SRAYA05516 #16,31.00,99.14,0
SRAYA05516 #18,31.00,99.14,0
SRAYA05519 #12,26.00,83.15,0
SRAYA05519 #11,26.00,83.15,0
SRAYA05519 #10,26.00,83.15,3
SRAYA05520 #12,37.00,118.33,0
SRAYA05520 #14,37.00,118.33,3
SRAYA05520 #16,37.00,118.33,3
SRAYA05520 #18,37.00,118.33,3
SRAYA05520 #20,37.00,118.33,3
SRAYA05524 #12,54.00,159.41,3
SRAYA05524 #14,54.00,159.41,3
SRAYA05524 #16,54.00,159.41,0
SRAYA05524 #18,54.00,159.41,3
SRAYA05524 #20,54.00,159.41,0
R-0018R #12,24.00,76.75,3
R-0018R #14,24.00,76.75,3
R-0018R #16,24.00,76.75,3
R-0018R #18,24.00,76.75,3
HR-0071W #10,37.00,118.33,3
HR-0071W #12,37.00,118.33,3
HR-0071W #14,37.00,118.33,0
HR-0071W #16,37.00,118.33,0
HR-0071W #18,37.00,118.33,0
HR-0071W #20,37.00,118.33,0
R9523WRH # 10,23.00,73.55,3
R9523WRH # 12,23.00,73.55,3
R9523WRH # 14,23.00,73.55,3
R9523WRH # 16,23.00,73.55,3
R9523WRH # 18,23.00,73.55,0
R9523WRH # 20,23.00,73.55,3
R9523WRH # 22,23.00,73.55,3
SRB0100C #12,17.00,54.37,0
SRB0100C #14,17.00,54.37,0
SRB0100C #16,17.00,54.37,0
SRB0100C #18,17.00,54.37,0
SRH0094C #12,23.00,73.55,0
SRH0094C #14,23.00,73.55,0
SRH0094C #16,23.00,73.55,0
SRH0094C #18,23.00,73.55,0
R18573 #12,31.00,99.14,0
R18573 #14,31.00,99.14,0
R18573 #16,31.00,99.14,0
R18573 #18,31.00,99.14,0
CRA10192 #16,49.00,144.65,3
ALCYR0223RRH #14,34.00,108.73,3
ALCYR0223RRH #16,34.00,108.73,0
ALCYR0223RRH #18,34.00,108.73,0
ALCYR0223RRH #20,34.00,108.73,0
ALCYR0223RRH #12,34.00,108.73,3
SRAYA05521 #12,18.00,57.56,3
SRAYA05521 #14,18.00,57.56,3
SRAYA05521 #16,18.00,57.56,3
SRAYA05521 #17,18.00,57.56,0
HR-0073W #12,17.00,54.37,0
HR-0073W #14,17.00,54.37,0
HR-0073W #16,17.00,54.37,0
HR-0073W #18,17.00,54.37,0
ALCYR0265 #12,26.00,83.15,0
ALCYR0265 #10,26.00,83.15,0
ALCYR0265 #14,26.00,83.15,0
ALCYR0265 #16,26.00,83.15,0
ALCYR0265 #18,26.00,83.15,0
SRAYA05536 #14,25.00,79.95,0
SRAYA05536 #16,25.00,79.95,0
SRAYA05536 #18,25.00,79.95,0
SRAYA05536 #20,25.00,79.95,0
HR-0072W #14,26.00,83.15,0
HR-0072W #16,26.00,83.15,0
HR-0072W #18,26.00,83.15,0
HR-0072W #12,26.00,83.15,0
HR-0079 #12,37.00,118.33,3
HR-0079 #14,37.00,118.33,3
HR-0079 #16,37.00,118.33,3
HR-0079 #18,37.00,118.33,3
SRB0128B #12,18.00,57.56,0
SRB0128B #14,18.00,57.56,0
SRB0128B #16,18.00,57.56,0
SRB0128B #18,18.00,57.56,0
SRB0134A #12,20.00,63.96,3
SRB0134A #14,20.00,63.96,3
SRB0134A #16,20.00,63.96,3
SRB0134A #18,20.00,63.96,3
SRCZ079A #12,17.00,54.37,0
SRCZ079A #14,17.00,54.37,3
SRCZ079A #16,17.00,54.37,3
SRCZ079A #18,17.00,54.37,3
SR1791710 #12,14.00,53.38,3
SR1791710 #14,14.00,53.38,0
SR1791710 #16,14.00,53.38,0
SR1791710 #18,14.00,53.38,0
R18485 #12,30.00,95.94,3
R18485 #14,30.00,95.94,3
R18485 #16,30.00,95.94,3
R18485 #18,30.00,95.94,3
R18485AQ #12,29.00,92.74,3
R18485AQ #14,29.00,92.74,3
R18485AQ #16,29.00,92.74,3
R18485AQ #18,29.00,92.74,3
ALCYR0208RRH #12,30.00,95.94,0
ALCYR0208RRH #14,30.00,95.94,3
ALCYR0208RRH #16,30.00,95.94,0
ALCYR0208RRH #18,30.00,95.94,3
ALCYR0220RRH #12,20.00,63.96,0
ALCYR0220RRH #14,20.00,63.96,0
ALCYR0220RRH #16,20.00,63.96,0
ALCYR0220RRH #18,20.00,63.96,0
ALCYR0226RRH #16,26.00,83.15,3
ALCYR0226RRH #18,26.00,83.15,0
ALCYR0226RRH #14,26.00,83.15,3
ALCYR0226RRH #12,26.00,83.15,3
ALCYR0227RRH #12,37.00,118.33,3
ALCYR0227RRH #18,37.00,118.33,3
ALCYR0227RRH #14,38.00,121.52,3
ALCYR0227RRH #16,40.00,127.92,3
ALCYR0249RRH #12,17.00,54.37,0
ALCYR0249RRH #14,17.00,54.37,3
ALCYR0249RRH #16,17.00,54.37,3
ALCYR0249RRH #18,17.00,54.37,0
ALCYR0249RRH #10,17.00,54.37,0
ALCYR0250RRH #12,23.00,73.55,3
ALCYR0250RRH #14,23.00,73.55,0
ALCYR0250RRH #16,23.00,73.55,0
ALCYR0250RRH #18,23.00,73.55,0
ALCYR0250RRH #20,23.00,73.55,0
ALCYR0250RRH #10,28.00,89.54,3
SRAYA05517 #12,31.00,99.14,0
SRAYA05517 #10,31.00,99.14,0
SRAYA05517 #14,31.00,99.14,0
SRAYA05517 #18,31.00,99.14,0
SRAYA05517 #20,31.00,99.14,0
SRAYA05705 #12,26.00,83.15,3
SRAYA05705 #14,26.00,83.15,3
SRAYA05705 #16,26.00,83.15,0
SRAYA05705 #18,26.00,83.15,0
SRAYA05523 #14,47.00,138.74,3
SRAYA05523 #16,47.00,138.74,3
SRAYA05523 #18,47.00,138.74,3
SRAYA05530 #14,55.00,162.36,0
SRAYA05530 #16,55.00,162.36,0
SRAYA05530 #18,55.00,162.36,0
SRAYA05534 #14,84.00,227.30,0
SRAYA05534 #12,84.00,227.30,0
SRAYA05534 #16,84.00,227.30,0
SRAYA05534 #18,84.00,227.30,0
SRAYA05534 #20,84.00,227.30,0
SRAYA05528 #14,55.00,162.36,0
SRAYA05528 #16,55.00,162.36,0
SRAYA05528 #18,55.00,162.36,0
SRAYA05532 #14,53.00,156.46,0
SRAYA05532 #16,53.00,156.46,0
SRAYA05532 #18,53.00,156.46,0
SRAYA05539 #14,44.00,129.89,0
SRAYA05539 #16,44.00,129.89,0
SRAYA05539 #18,44.00,129.89,0
SRAYA05518 #12,23.00,73.55,3
SRAYA05518 #14,23.00,73.55,3
SRAYA05518 #16,23.00,73.55,3
SRAYA05518 #18,23.00,73.55,0
SRAYA05518 #15,23.00,73.55,0
SRAYA05518 #17,23.00,73.55,0
SRAYA05518 #19,23.00,73.55,0
SRAYA05518 #20,23.00,73.55,0
CR10305 #12,38.00,121.52,3
CR10305 #14,38.00,121.52,3
CR10305 #16,38.00,121.52,3
CR10305 #18,38.00,121.52,3
CR10305 #20,38.00,121.52,3
ALKJ0059RRH #18,40.00,127.92,3
ALKJ0059RRH #12,40.00,127.92,0
ALKJ0059RRH #14,40.00,127.92,0
ALKJ0060RRH #12,40.00,127.92,0
ALKJ0060RRH #14,40.00,127.92,3
ALKJ0060RRH #16,40.00,127.92,0
ALKJ0060RRH #18,40.00,127.92,0
ALKJ0061RRH #16,35.00,111.93,0
ALKJ0061RRH #12,35.00,111.93,3
ALKJ0061RRH #14,35.00,111.93,3
ALKJ0062R #14,28.00,89.54,0
XYSR #16,37.00,118.33,3
XYSR #18,37.00,118.33,3
XYSR #14,37.00,118.33,3
XYSR #12,37.00,118.33,3
18873RRH #12,38.00,121.52,3
18873RRH #14,38.00,121.52,3
18873RRH #16,38.00,121.52,3
18873RRH #18,38.00,121.52,0
18872RRH #12,64.00,188.93,3
18872RRH #14,64.00,188.93,3
18872RRH #16,64.00,188.93,3
18872RRH #18,64.00,188.93,0
HR-0074R #16,29.00,92.74,0
HR-0074R #12,29.00,92.74,0
HR-0074R #14,29.00,92.74,0
HR-0074R #18,29.00,92.74,0
HR-0075R #16,29.00,92.74,0
HR-0075R #12,29.00,92.74,0
HR-0075R #14,29.00,92.74,0
HR-0076R #12,29.00,92.74,0
HR-0076R #14,29.00,92.74,0
HR-0076R #16,29.00,92.74,0
HR-0076R #18,29.00,92.74,0
HR-0077R #12,43.00,126.94,3
HR-0077R #14,43.00,126.94,3
HR-0077R #16,43.00,126.94,0
HR-0077R #18,43.00,126.94,0
HR-0078 #12,37.00,118.33,3
HR-0078 #14,37.00,118.33,3
HR-0078 #16,37.00,118.33,3
HR-0078 #18,37.00,118.33,3
HR-0081R #12,26.00,83.15,3
HR-0081R #14,26.00,83.15,3
HR-0081R #16,26.00,83.15,3
HR-0081R #18,26.00,83.15,3
R9523BRH #10,23.00,73.55,0
R9523BRH #12,23.00,73.55,0
R9523BRH #14,23.00,73.55,0
R9523BRH #16,23.00,73.55,0
R9523BRH #18,23.00,73.55,0
R9523BRH #20,23.00,73.55,0
R9523WY # 10,23.00,73.55,3
R9523WY # 12,23.00,73.55,3
R9523WY # 14,23.00,73.55,3
R9523WY # 16,23.00,73.55,3
R9523WY # 18,23.00,73.55,3
R9523WY # 20,23.00,73.55,3
R9523WY # 22,23.00,73.55,3
R9523WROS #10,23.00,73.55,3
R9523WROS #12,23.00,73.55,3
R9523WROS #14,23.00,73.55,3
R9523WROS #16,23.00,73.55,3
R9523WROS #18,23.00,73.55,0
R9523WROS #20,23.00,73.55,3
R9523WROS #22,23.00,73.55,3
R9523BRROS # 10,23.00,73.55,3
R9523BRROS # 12,23.00,73.55,3
R9523BRROS # 14,23.00,73.55,3
R9523BRROS # 16,23.00,73.55,3
R9523BRROS # 18,23.00,73.55,3
R9523BRROS # 20,23.00,73.55,3
R9523BRROS # 22,23.00,73.55,3
HR-0083R #12,24.00,76.75,0
HR-0083R #14,24.00,76.75,3
HR-0083R #16,24.00,76.75,3
HR-0083R #18,24.00,76.75,0
R010RH #16,24.00,76.75,0
R010RH #12,24.00,76.75,0
R010RH #14,24.00,76.75,0
R010RH #18,24.00,76.75,0
R010Y #14,20.00,63.96,0
R010Y #12,20.00,63.96,0
R010RG #12,20.00,63.96,3
R010RG #10,20.00,63.96,3
R010RG #14,20.00,63.96,3
R010RG #16,20.00,63.96,3
R010RG #18,20.00,63.96,3
MLW0069A #12,29.00,92.74,0
MLW0069A #14,29.00,92.74,0
MLW0069A #16,29.00,92.74,0
MLW0069A #18,29.00,92.74,0
ALSIL0008PG #10,20.00,63.96,3
ALSIL0008PG #12,20.00,63.96,3
ALSIL0008PG #14,20.00,63.96,3
ALSIL0008PG #16,20.00,63.96,3
ALSIL0008PG #18,20.00,63.96,3
ALCYR0305R #14,41.00,121.03,3
ALCYR0305R #16,41.00,121.03,0
ALCYR0348R #12,36.00,115.13,3
ALCYR0348R #14,36.00,115.13,3
ALCYR0348R #16,36.00,115.13,3
ALCYR0348R #18,36.00,115.13,0
ALCYR0349R #14,34.00,108.73,0
ALCYR0349R #16,34.00,108.73,0
ALCYR0349R #18,34.00,108.73,0
ALCYR0349R #12,35.00,111.93,0
HR-0083Y #12,24.00,76.75,0
HR-0083Y #14,24.00,76.75,0
HR-0083Y #16,24.00,76.75,3
HR-0083Y #18,24.00,76.75,0
ALSIL0007YG #10,20.00,63.96,3
ALSIL0007YG #12,20.00,63.96,3
ALSIL0007YG #14,20.00,63.96,3
ALSIL0007YG #16,20.00,63.96,3
ALSIL0007YG #18,20.00,63.96,3
CS240SB #12,46.02,135.85,3
CS240SB #14,46.02,135.85,3
CS240SB #16,46.02,135.85,3
CS240SB #18,46.02,135.85,3
KKS158K #40CM,97.00,262.48,0
KKS158K #55CM,113.00,305.78,0
KKS158K #42CM,129.00,317.34,3
KKS158K #45CM,134.00,329.64,0
KKS158K #50CM,145.00,356.70,0
REL011OBOKS #20,95.00,257.07,0
REL011OBOKS #25,100.00,270.60,0
REL012OBOKS #13,67.00,197.78,0
REL012OBOKS #16,74.00,218.45,0
REL013OBOKS #13,67.00,197.78,0
REL013OBOKS #16,71.00,209.59,0
REL014OBOKS #20,95.00,257.07,0
REL014OBOKS #25,102.00,276.01,0
REL014OBOKS #13,121.00,327.43,0
SL003 #19,90.00,243.54,0
SET-135P #12,31.00,99.14,3
SET-135P #14,31.00,99.14,3
SET-135P #16,31.00,99.14,3
SET-135P #18,31.00,99.14,3
SET-135P #20,31.00,99.14,0
SET-135P #22,31.00,99.14,0
SET-153P #12,41.00,121.03,3
SET-153P #14,41.00,121.03,3
SET-153P #16,41.00,121.03,3
SET-153P #18,41.00,121.03,3
SET-153P #20,41.00,121.03,0
SET-153P #22,41.00,121.03,0
CAM012 #12,28.00,89.54,3
CAM012 #14,28.00,89.54,3
CAM012 #16,28.00,89.54,3
CAM012 #18,28.00,89.54,0
CAM012 #19,28.00,89.54,0
CAM012 #21,28.00,89.54,0
CAM013 #12,28.00,89.54,0
CAM013 #14,28.00,89.54,0
CAM013 #16,28.00,89.54,0
CAM013 #18,28.00,89.54,0
CAM013 #20,28.00,89.54,0
CAM014 #18,38.00,121.52,3
CAM014 #14,38.00,121.52,3
CAM014 #12,38.00,121.52,3
CAM014 #11,38.00,121.52,0
CAM014 #13,38.00,121.52,3
CAM014 #15,38.00,121.52,3
CAM014 #16,38.00,121.52,3
CAM014 #17,38.00,121.52,3
CAM014 #19,38.00,121.52,3
CAM014 #20,38.00,121.52,0
CAM014 #21,38.00,121.52,0
PD0019LY #11,14.00,53.38,0
PD0019LY #8,14.00,53.38,0
PD0019LY #9,14.00,53.38,0
PD0021 #7,13.00,49.57,0
PD0022R #8,16.00,61.01,0
PD0022R #10,16.00,61.01,0
PD0022R #11,16.00,61.01,0
PD0022R #9,16.00,61.01,0
PD0023LY #6,14.00,53.38,0
PD0023LY #7,14.00,53.38,0
PD0023LY #10,14.00,53.38,3
PD0023LY #8,14.00,53.38,0
PD0024LY #8,10.00,38.13,0
PD0024LY #10,10.00,38.13,0
PD0024LY #9,10.00,38.13,3
PD0024LY #11,10.00,38.13,0
PD0025 #8,23.00,73.55,3
PD0025 #9,23.00,73.55,0
PD0025 #5,23.00,73.55,0
PD0025 #6,23.00,73.55,3
PD0025 #7,23.00,73.55,3
PD0026 #6,23.00,73.55,3
PD0026 #8,23.00,73.55,0
PD0026 #9,23.00,73.55,3
PD0026 #7,23.00,73.55,3
PD0026 #10,23.00,73.55,0
PD0027 #11,20.00,63.96,0
PD0027 #12,20.00,63.96,0
PD0027 #13,20.00,63.96,0
PD0027 #14,20.00,63.96,3
PD0027 #15,20.00,63.96,3
SRAYA05706 #12,24.00,76.75,3
SRAYA05706 #14,24.00,76.75,3
SRAYA05706 #16,24.00,76.75,0
SRAYA05706 #18,24.00,76.75,0
ALDLX0002RRH #12,38.00,121.52,0
ALDLX0002RRH #14,38.00,121.52,0
ALDLX0002RRH #16,38.00,121.52,0
ALDLX0002RRH #18,38.00,121.52,0
ALDLX0002RRH #20,38.00,121.52,0
ALDLX0009RRH #12,64.00,188.93,0
ALDLX0009RRH #14,64.00,188.93,0
ALDLX0009RRH #16,64.00,188.93,0
ALDLX0009RRH #18,64.00,188.93,0
ALDLX0013RRH #12,90.00,243.54,0
ALDLX0013RRH #14,90.00,243.54,0
ALDLX0014RRH #12,110.00,297.66,0
ALDLX0014RRH #14,110.00,297.66,0
ALDLX0014RRH #16,110.00,297.66,0
ALDLX0014RRH #18,110.00,297.66,0
ALDLX0018RRH #12,94.00,254.36,0
ALDLX0018RRH #16,94.00,254.36,0
ALDLX0018RRH #18,94.00,254.36,0
ALDLX0035RRH #12,118.00,319.31,0
ALDLX0035RRH #14,118.00,319.31,0
ALDLX0035RRH #16,118.00,319.31,0
ALDLX0035RRH #18,118.00,319.31,0
ALDLX0036RRH #12,86.00,232.72,0
ALDLX0036RRH #16,86.00,232.72,0
ALDLX0040RRH #12,78.00,230.26,0
ALDLX0040RRH #14,78.00,230.26,0
ALDLX0040RRH #16,78.00,230.26,0
ALDLX0040RRH #18,78.00,230.26,0
ALDLX0045RRH #12,82.00,221.89,0
ALDLX0045RRH #14,82.00,221.89,0
ALDLX0045RRH #16,82.00,221.89,0
ALDLX0045RRH #18,82.00,221.89,0
R-1216RH #17,37.00,118.33,0
R-1215RH #12,38.00,121.52,3
ALDLX0003RRH #12,113.00,305.78,0
ALDLX0003RRH #14,113.00,305.78,0
ALDLX0003RRH #16,113.00,305.78,0
ALDLX0003RRH #18,113.00,305.78,0
ALDLX0004RRH #12,90.00,243.54,0
ALDLX0004RRH #14,90.00,243.54,0
ALDLX0004RRH #16,90.00,243.54,0
ALDLX0004RRH #18,90.00,243.54,0
ALDLX0005RRH #12,92.00,248.95,0
ALDLX0006RRH #12,92.00,248.95,0
ALDLX0006RRH #14,92.00,248.95,0
ALDLX0006RRH #16,92.00,248.95,0
ALDLX0006RRH #18,92.00,248.95,0
ALDLX0008RRH #12,70.00,206.64,0
ALDLX0008RRH #14,70.00,206.64,0
ALDLX0011RRH #14,101.00,273.31,0
ALDLX0011RRH #16,101.00,273.31,0
ALDLX0011RRH #18,101.00,273.31,0
ALDLX0011RY #12,84.00,227.30,0
ALDLX0011RY #14,84.00,227.30,0
ALDLX0011RY #16,84.00,227.30,0
ALDLX0011RY #18,84.00,227.30,0
ALDLX0012RRH #12,64.00,188.93,0
ALDLX0012RRH #14,64.00,188.93,0
ALDLX0012RRH #16,64.00,188.93,0
ALDLX0012RRH #18,64.00,188.93,0
ALDLX0014RG #12,114.00,308.48,0
ALDLX0014RG #14,114.00,308.48,0
ALDLX0014RG #16,114.00,308.48,0
ALDLX0014RG #18,114.00,308.48,0
ALDLX0015RRH #16,70.00,206.64,0
ALDLX0015RRH #18,70.00,206.64,0
ALDLX0017RRH #12,60.00,177.12,0
ALDLX0017RRH #14,60.00,177.12,0
ALDLX0017RRH #16,60.00,177.12,0
ALDLX0017RRH #18,60.00,177.12,0
ALDLX0021RRH #12,70.00,206.64,0
ALDLX0021RRH #14,70.00,206.64,0
ALDLX0021RRH #16,70.00,206.64,0
ALDLX0021RY #12,70.00,206.64,0
ALDLX0021RY #14,70.00,206.64,0
ALDLX0021RY #16,70.00,206.64,0
ALDLX0021RY #18,70.00,206.64,0
ALDLX0022RRH #12,82.00,221.89,0
ALDLX0022RRH #14,82.00,221.89,0
ALDLX0022RRH #16,82.00,221.89,0
ALDLX0022RRH #18,82.00,221.89,0
ALDLX0025RRH #12,101.00,273.31,0
ALDLX0025RRH #14,101.00,273.31,0
ALDLX0025RRH #16,101.00,273.31,0
ALDLX0025RRH #18,101.00,273.31,0
ALDLX0026RRH #12,40.00,127.92,0
ALDLX0026RRH #14,40.00,127.92,0
ALDLX0026RRH #16,40.00,127.92,0
ALDLX0026RRH #18,40.00,127.92,0
ALDLX0030RY #18,118.00,319.31,0
ALDLX0030RY #14,118.00,319.31,0
ALDLX0030RY #12,118.00,319.31,0
ALDLX0030RY #16,118.00,319.31,0
ALDLX0032RRHG #12,104.00,281.42,0
ALDLX0032RRHG #14,104.00,281.42,0
ALDLX0032RRHG #16,104.00,281.42,0
ALDLX0032RRHG #18,104.00,281.42,0
ALDLX0037RRH #12,74.00,218.45,0
ALDLX0037RRH #14,74.00,218.45,0
ALDLX0037RRH #18,74.00,218.45,0
ALDLX0038RY #12,97.00,262.48,0
ALDLX0038RY #14,97.00,262.48,0
ALDLX0038RY #16,97.00,262.48,0
ALDLX0038RY #18,97.00,262.48,0
ALDLX0041RRH #12,148.00,364.08,0
ALDLX0041RRH #14,148.00,364.08,0
ALDLX0041RRH #16,148.00,364.08,0
ALDLX0041RRH #18,148.00,364.08,0
ALDLX0027RY #16,89.00,240.83,0
ALDLX0027RY #12,89.00,240.83,0
ALDLX0027RY #14,89.00,240.83,0
ALDLX0027RY #18,89.00,240.83,0
ALDLX0042RRH #16,68.00,200.74,0
ALDLX0042RRH #14,68.00,200.74,0
ALDLX0042RRH #18,68.00,200.74,0
ALDLX0043RRH #12,82.00,221.89,0
ALDLX0043RRH #16,82.00,221.89,0
ALDLX0043RRH #18,82.00,221.89,0
ALDLX0046RRH #16,82.00,221.89,0
ALDLX0046RRH #18,82.00,221.89,0
ALDLX0002RY #14,38.00,121.52,0
ALDLX0002RY #16,38.00,121.52,0
ALDLX0002RY #18,38.00,121.52,0
ALDLX0002RY #20,38.00,121.52,0
ALDLX0004RY #12,84.00,227.30,0
ALDLX0004RY #14,84.00,227.30,0
ALDLX0004RY #16,84.00,227.30,0
ALDLX0004RY #18,84.00,227.30,0
ALDLX0006RY #18,83.00,224.60,0
ALDLX0006RY #16,83.00,224.60,0
ALDLX0006RY #14,83.00,224.60,0
ALDLX0006RY #12,83.00,224.60,0
ALDLX0008RY #12,70.00,206.64,0
ALDLX0008RY #14,70.00,206.64,0
ALDLX0008RY #16,70.00,206.64,0
ALDLX0009RY #12,74.00,218.45,0
ALDLX0009RY #14,74.00,218.45,0
ALDLX0009RY #16,74.00,218.45,0
ALDLX0009RY #18,74.00,218.45,0
ALDLX0010RY #14,88.00,238.13,0
ALDLX0010RY #16,88.00,238.13,0
ALDLX0012RRHY #12,61.00,180.07,0
ALDLX0012RRHY #16,61.00,180.07,0
ALDLX0015RRHY #12,73.00,215.50,0
ALDLX0015RRHY #16,73.00,215.50,0
ALDLX0015RRHY #18,73.00,215.50,0
ALDLX0016RY #12,91.00,246.25,0
ALDLX0016RY #14,91.00,246.25,3
ALDLX0016RY #16,91.00,246.25,3
ALDLX0016RY #18,91.00,246.25,0
ALDLX0017RRHY #12,61.00,180.07,0
ALDLX0017RRHY #14,61.00,180.07,0
ALDLX0017RRHY #16,61.00,180.07,0
ALDLX0017RRHY #18,61.00,180.07,0
ALDLX0018RY #12,91.00,246.25,0
ALDLX0018RY #14,91.00,246.25,0
ALDLX0018RY #16,91.00,246.25,0
ALDLX0018RY #18,91.00,246.25,0
ALDLX0019RY #12,101.00,273.31,0
ALDLX0019RY #14,101.00,273.31,0
ALDLX0019RY #16,101.00,273.31,0
ALDLX0019RY #18,101.00,273.31,0
ALDLX0022RY #12,82.00,221.89,0
ALDLX0022RY #14,82.00,221.89,0
ALDLX0022RY #16,82.00,221.89,0
ALDLX0022RY #18,82.00,221.89,0
ALDLX0023RY #12,86.00,232.72,0
ALDLX0023RY #14,86.00,232.72,0
ALDLX0023RY #16,86.00,232.72,0
ALDLX0024RY #14,86.00,232.72,0
ALDLX0024RY #16,86.00,232.72,0
ALDLX0025RY #18,102.00,276.01,0
ALDLX0025RY #16,102.00,276.01,0
ALDLX0025RY #14,102.00,276.01,0
ALDLX0025RY #12,102.00,276.01,0
ALDLX0028RY #14,91.00,246.25,0
ALDLX0028RY #18,91.00,246.25,0
ALDLX0029RY #12,84.00,227.30,0
ALDLX0029RY #14,84.00,227.30,0
ALDLX0031RRHY #10,76.00,224.35,0
ALDLX0031RRHY #12,76.00,224.35,0
ALDLX0031RRHY #14,76.00,224.35,0
ALDLX0031RRHY #16,76.00,224.35,0
ALDLX0031RRHY #18,76.00,224.35,0
ALDLX0034RRHY #12,82.00,221.89,0
ALDLX0034RRHY #14,82.00,221.89,0
ALDLX0034RRHY #16,82.00,221.89,0
ALDLX0034RRHY #18,82.00,221.89,0
ALDLX0039RY #12,89.00,240.83,0
ALDLX0039RY #14,89.00,240.83,0
ALDLX0039RY #16,89.00,240.83,0
ALDLX0039RY #18,89.00,240.83,0
CS-057GB #24,76.00,224.35,3
ALCYR0380 #12,31.00,99.14,0
ALCYR0380 #14,31.00,99.14,0
ALCYR0380 #16,31.00,99.14,0
ALCYR0380 #18,31.00,99.14,0
ALCYR0380 #20,31.00,99.14,0
ALCYR0381 #16,41.00,121.03,0
ALCYR0381 #18,41.00,121.03,0
ALCYR0381 #20,41.00,121.03,0
ALCYR0382 #12,37.00,118.33,0
ALCYR0382 #16,37.00,118.33,0
ALCYR0382 #18,37.00,118.33,0
ALCYR0383 #22,77.00,227.30,0
ALCYR0385 #16,52.00,153.50,0
ALCYR0385 #18,52.00,153.50,0
ALCYR0386OBW #18,40.00,127.92,0
ALCYR0386OBW #20,40.00,127.92,0
ALCYR0386OBW #22,40.00,127.92,0
ALCYR0386OBW #24,40.00,127.92,0
ALCYR0386OBGR #18,35.00,111.93,0
ALCYR0386OBGR #20,35.00,111.93,0
ALCYR0386OBGR #22,35.00,111.93,0
ALCYR0386OBGR #24,35.00,111.93,0
ALCYR0386OBB #18,36.00,115.13,0
ALCYR0386OBB #20,36.00,115.13,0
ALCYR0386OBB #22,36.00,115.13,0
ALCYR0386OBB #24,36.00,115.13,0
ALCYR0386OBY #12,36.00,115.13,0
ALCYR0386OBY #14,36.00,115.13,0
ALCYR0386OBY #16,36.00,115.13,0
ALCYR0386OBY #18,36.00,115.13,0
ALCYR0386OBY #20,36.00,115.13,0
ALCYR0386OBY #22,36.00,115.13,0
ALCYR0386OBY #24,36.00,115.13,0
ALCYR0386OBV #12,36.00,115.13,0
ALCYR0386OBV #16,36.00,115.13,0
ALCYR0386OBV #18,36.00,115.13,0
ALCYR0386OBV #20,36.00,115.13,0
ALCYR0386OBV #22,36.00,115.13,0
ALCYR0386OBV #24,36.00,115.13,0
ALCYR0386OBR #12,37.00,118.33,0
ALCYR0386OBR #14,37.00,118.33,0
ALCYR0386OBR #16,37.00,118.33,0
ALCYR0386OBR #18,37.00,118.33,0
ALCYR0386OBR #20,37.00,118.33,0
ALCYR0386OBR #22,37.00,118.33,0
ALCYR0386OBR #24,37.00,118.33,0
ALCYR0384 #18,64.00,188.93,3
SET-212R #14,42.00,123.98,0
SET-212R #22,42.00,123.98,0
SET-212R #18,42.00,123.98,0
SET-212R #20,42.00,123.98,0
SET-212R #12,42.00,123.98,0
SET-187R #18,34.00,108.73,0
SET-214R #14,30.00,95.94,0
SET-214R #16,30.00,95.94,0
SET-214R #18,30.00,95.94,3
SET-214R #20,30.00,95.94,3
SET-214R #12,30.00,95.94,3
RZ001 #19,62.00,183.02,0
RZ002 #19,62.00,183.02,0
MT10046RG #12,18.00,57.56,3
MT10046RG #14,18.00,57.56,3
MT10046RG #16,18.00,57.56,3
MT10046RG #18,18.00,57.56,3
MT10046Y #18,18.00,57.56,0
MT10046Y #12,24.00,76.75,0
MT10046Y #14,24.00,76.75,0
MT10046Y #16,24.00,76.75,0
MT10046RB #16,18.00,57.56,0
MT10046RB #12,24.00,76.75,0
MT10046RB #14,24.00,76.75,0
MT10046RB #18,24.00,76.75,0
MT10048RG #12,18.00,57.56,3
MT10048RG #14,18.00,57.56,3
MT10048RG #16,18.00,57.56,3
MT10048RG #18,18.00,57.56,3
MT10048R #16,18.00,57.56,0
MT10048R #12,24.00,76.75,0
MT10048R #14,24.00,76.75,0
MT10048R #18,24.00,76.75,0
MT10051RG #12,18.00,57.56,0
MT10051RG #14,18.00,57.56,0
MT10051RG #16,18.00,57.56,0
MT10051RG #18,18.00,57.56,0
MT10063RG #12,18.00,57.56,3
MT10063RG #14,18.00,57.56,3
MT10063RG #16,18.00,57.56,3
MT10063RG #18,18.00,57.56,3
MT10063Y #12,18.00,57.56,0
MT10063Y #14,18.00,57.56,3
MT10063Y #16,18.00,57.56,0
MT10063Y #18,18.00,57.56,3
MT10063R #12,18.00,57.56,0
MT10063R #14,18.00,57.56,0
MT10063R #16,18.00,57.56,3
MT10063R #18,18.00,57.56,0
MT10064RG #12,18.00,57.56,3
MT10064RG #14,18.00,57.56,3
MT10064RG #16,18.00,57.56,3
MT10064RG #18,18.00,57.56,3
MT10064Y #14,18.00,57.56,0
MT10064Y #16,18.00,57.56,0
MT10064Y #18,18.00,57.56,0
MT10064Y #12,24.00,76.75,0
MT10071RH #14,25.00,79.95,0
MT10071RG #12,25.00,79.95,0
MT10071RG #14,25.00,79.95,3
MT10071RG #16,25.00,79.95,3
MT10071RG #18,25.00,79.95,3
MT10072RH #12,22.00,70.36,0
MT10072RH #14,22.00,70.36,0
MT10072RH #16,22.00,70.36,3
MT10072RH #18,22.00,70.36,3
MT10073RG #12,23.00,73.55,0
MT10073RG #16,23.00,73.55,0
MT10073RG #18,23.00,73.55,0
MT10074RH #14,20.00,63.96,0
MT10074RH #16,20.00,63.96,0
MT10074RH #18,20.00,63.96,0
MT10048Y #12,18.00,57.56,0
MT10048Y #14,18.00,57.56,0
MT10048Y #16,18.00,57.56,3
MT10048Y #18,18.00,57.56,3
MT10050R #12,26.00,83.15,3
MT10050R #14,26.00,83.15,3
MT10050R #16,26.00,83.15,3
MT10050R #18,26.00,83.15,3
MT10051Y #14,18.00,57.56,0
MT10051Y #16,18.00,57.56,3
MT10051Y #18,18.00,57.56,0
MT10051Y #12,24.00,76.75,0
MT10068RG #12,17.00,54.37,0
MT10068RG #14,17.00,54.37,0
MT10068RG #18,17.00,54.37,3
MT10070RH #14,20.00,63.96,0
MT10070RH #16,20.00,63.96,0
MT10070RH #18,20.00,63.96,3
MT10071Y #14,25.00,79.95,0
MT10071Y #16,25.00,79.95,0
MT10071Y #18,25.00,79.95,3
MT10047RG #12,18.00,57.56,3
MT10047RG #14,18.00,57.56,3
MT10047RG #16,18.00,57.56,3
MT10047RG #18,18.00,57.56,3
MT10047Y #12,18.00,57.56,0
MT10047Y #14,18.00,57.56,3
MT10047Y #16,18.00,57.56,3
MT10047Y #18,18.00,57.56,3
MT10047R #12,18.00,57.56,0
MT10047R #14,18.00,57.56,0
MT10047R #16,18.00,57.56,3
MT10047R #18,18.00,57.56,0
MT10049RG #12,18.00,57.56,0
MT10049RG #14,18.00,57.56,0
MT10049RG #16,18.00,57.56,0
MT10049RG #18,18.00,57.56,0
MT10049Y #12,18.00,57.56,3
MT10049Y #14,18.00,57.56,3
MT10049Y #16,18.00,57.56,3
MT10049Y #18,18.00,57.56,3
MT10050RG #12,18.00,57.56,0
MT10050RG #14,18.00,57.56,0
MT10050RG #16,18.00,57.56,0
MT10050RG #18,18.00,57.56,0
MT10050Y #12,18.00,57.56,0
MT10050Y #14,18.00,57.56,0
MT10050Y #16,18.00,57.56,3
MT10050Y #18,18.00,57.56,0
MT10052RG #12,20.00,63.96,0
MT10052RG #14,20.00,63.96,3
MT10052RG #16,20.00,63.96,3
MT10052RG #18,24.00,76.75,0
MT10052Y #12,20.00,63.96,0
MT10052Y #14,20.00,63.96,0
MT10052Y #16,20.00,63.96,0
MT10052Y #18,20.00,63.96,0
MT10053Y #12,18.00,57.56,3
MT10053Y #14,18.00,57.56,3
MT10053Y #16,18.00,57.56,3
MT10053Y #18,18.00,57.56,3
MT10053R #12,18.00,57.56,0
MT10053R #14,18.00,57.56,0
MT10053R #16,18.00,57.56,0
MT10053R #18,18.00,57.56,0
MT10062RG #12,18.00,57.56,3
MT10062RG #14,18.00,57.56,3
MT10062RG #16,18.00,57.56,3
MT10062RG #18,18.00,57.56,0
MT10062Y #12,18.00,57.56,3
MT10062Y #14,18.00,57.56,3
MT10062Y #16,18.00,57.56,3
MT10062Y #18,18.00,57.56,3
MT10062R #12,18.00,57.56,0
MT10062R #14,18.00,57.56,3
MT10062R #16,18.00,57.56,3
MT10062R #18,18.00,57.56,3
MT10066RH #12,25.00,79.95,3
MT10066RH #14,25.00,79.95,3
MT10066RH #16,25.00,79.95,3
MT10066RH #18,25.00,79.95,3
MT10066Y #12,25.00,79.95,3
MT10066Y #14,25.00,79.95,3
MT10066Y #16,25.00,79.95,3
MT10066Y #18,25.00,79.95,3
MT10066RG #12,25.00,79.95,3
MT10066RG #14,25.00,79.95,3
MT10066RG #16,25.00,79.95,3
MT10066RG #18,25.00,79.95,3
MT10067RH #12,20.00,63.96,0
MT10067RH #14,20.00,63.96,0
MT10067RH #16,20.00,63.96,0
MT10067RH #18,20.00,63.96,0
MT10067Y #12,20.00,63.96,3
MT10067Y #14,20.00,63.96,3
MT10067Y #16,20.00,63.96,3
MT10067Y #18,20.00,63.96,3
MT10067RG #12,20.00,63.96,3
MT10067RG #14,20.00,63.96,3
MT10067RG #16,20.00,63.96,3
MT10067RG #18,20.00,63.96,3
MT10069RH #12,17.00,54.37,3
MT10069RH #14,17.00,54.37,3
MT10069RH #16,17.00,54.37,3
MT10069RH #18,17.00,54.37,3
MT10069Y #12,17.00,54.37,3
MT10069Y #14,17.00,54.37,3
MT10069Y #16,17.00,54.37,3
MT10069Y #18,17.00,54.37,3
MT10069RG #12,17.00,54.37,3
MT10069RG #14,17.00,54.37,3
MT10069RG #16,17.00,54.37,3
MT10069RG #18,17.00,54.37,3
MT10070Y #12,20.00,63.96,0
MT10070Y #16,20.00,63.96,0
MT10070RG #12,20.00,63.96,0
MT10070RG #14,20.00,63.96,3
MT10070RG #16,20.00,63.96,3
MT10070RG #18,20.00,63.96,3
ALCYR0364RH #10,17.00,54.37,0
ALCYR0364RH #18,17.00,54.37,0
ALCYR0364RG #10,17.00,54.37,0
ALCYR0364RG #12,17.00,54.37,0
ALCYR0364RG #14,17.00,54.37,0
ALCYR0364RG #16,17.00,54.37,0
ALCYR0364RG #18,17.00,54.37,0
CHB001 #20CM,26.00,83.15,0
CHB002 #20CM,23.00,73.55,0
BRACELET3 #18CM,103.00,278.72,0
RING00418K #11,154.00,378.84,0
RING00418K #17,154.00,378.84,0
RING00418K #19,154.00,378.84,0
RING00418K #18,170.00,376.38,0
RING00418K #12,237.00,524.72,3
RING00418K #14,237.00,524.72,0
RING00418K #16,237.00,524.72,0
RING00418K #13,237.00,524.72,0
PAR1080G8K #11,229.00,507.01,0
PAR1080G8K #17,229.00,507.01,0
PAR1080G8K #19,229.00,507.01,0
PAR1080G8K #12,318.00,704.05,0
PAR1080G8K #14,318.00,704.05,0
PAR1080G8K #16,318.00,704.05,0
PAR1080G8K #18,318.00,704.05,0
PAR1080G8K #13,318.00,704.05,0
PAR1080G8K #15,318.00,704.05,0
PAR1087G8K #16,170.00,376.38,0
PAR1087G8K #18,314.00,695.20,0
PAR1087G8K #14,314.00,695.20,0
PAR1087G8K #12,314.00,695.20,0
PAR1087G8K #10,314.00,695.20,0
PAR1087G8K #19,314.00,695.20,0
PAR1087G8K #13,314.00,695.20,0
PAR1087G8K #17,314.00,695.20,0
PAR1087G8K #15,314.00,695.20,0
PAR1085G8K #12,189.00,418.45,0
PAR1085G8K #19,189.00,418.45,0
PAR1085G8K #14,257.00,569.00,0
PAR1085G8K #16,257.00,569.00,0
PAR1085G8K #18,257.00,569.00,0
PAR1085G8K #20,257.00,569.00,0
PAR1085G8K #15,257.00,569.00,0
PAR1085G8K #17,257.00,569.00,0
PAR1085G8K #13,257.00,569.00,0
MT10053RG #12,18.00,57.56,3
MT10053RG #14,18.00,57.56,3
MT10053RG #16,18.00,57.56,3
MT10053RG #18,18.00,57.56,3
ALCYR0388 #10,29.00,92.74,0
ALCYR0388 #12,29.00,92.74,0
ALCYR0388 #14,29.00,92.74,0
ALCYR0388 #16,29.00,92.74,0
ALCYR0388 #18,29.00,92.74,0
ALCYR0388 #20,29.00,92.74,0
ALCYR0389 #12,29.00,92.74,3
ALCYR0389 #14,29.00,92.74,3
ALCYR0389 #16,29.00,92.74,3
ALCYR0389 #18,29.00,92.74,3
ALCYR0390 #12,40.00,127.92,3
ALCYR0390 #14,40.00,127.92,3
ALCYR0390 #16,40.00,127.92,3
ALCYR0390 #18,40.00,127.92,0
ALCYR0391 #12,26.00,83.15,0
ALCYR0391 #14,26.00,83.15,0
ALCYR0391 #16,26.00,83.15,0
ALCYR0391 #18,26.00,83.15,0
ALCYR0392 #14,14.00,53.38,0
ALCYR0392 #16,14.00,53.38,0
ALCYR0392 #18,14.00,53.38,0
ALCYR0397G #12,22.00,70.36,0
ALCYR0397G #16,22.00,70.36,0
ALCYR0397G #18,22.00,70.36,0
ALCYR0397S #16,22.00,70.36,0
ALCYR0397S #18,22.00,70.36,0
ALCYR0397R #12,22.00,70.36,0
ALCYR0397R #14,22.00,70.36,0
ALCYR0397R #16,22.00,70.36,0
ALCYR0397R #18,22.00,70.36,0
ALCYR0398L #12,23.00,73.55,0
ALCYR0398L #14,23.00,73.55,0
ALCYR0398L #16,23.00,73.55,0
ALCYR0398L #18,23.00,73.55,0
ALCYR0398O #12,23.00,73.55,3
ALCYR0398O #14,23.00,73.55,0
ALCYR0398O #16,23.00,73.55,0
ALCYR0398O #18,23.00,73.55,0
ALCYR0398W #12,23.00,73.55,0
ALCYR0398W #18,23.00,73.55,0
ALCYR0400G #12,13.00,49.57,3
ALCYR0400G #14,13.00,49.57,0
ALCYR0400G #16,13.00,49.57,0
ALCYR0400G #18,13.00,49.57,0
ALCYR0400LB #12,13.00,49.57,0
ALCYR0400LB #14,13.00,49.57,0
ALCYR0400LB #16,13.00,49.57,0
ALCYR0400LB #18,13.00,49.57,0
ALCYR0400R #12,13.00,49.57,0
ALCYR0400R #14,13.00,49.57,0
ALCYR0400R #16,13.00,49.57,0
ALCYR0400R #18,13.00,49.57,0
ALCYR0400S #12,13.00,49.57,0
ALCYR0400S #16,13.00,49.57,0
ALCYR0400S #18,13.00,49.57,0
ALCYR0401S #12,22.00,70.36,0
ALCYR0401S #16,22.00,70.36,0
ALCYR0401S #18,22.00,70.36,0
ALCYR0401R #12,22.00,70.36,0
ALCYR0401R #14,22.00,70.36,0
ALCYR0401R #16,22.00,70.36,0
ALCYR0401R #18,22.00,70.36,0
ALCYR0401G #12,22.00,70.36,0
ALCYR0401G #14,22.00,70.36,0
ALCYR0401G #16,22.00,70.36,0
ALCYR0401G #18,22.00,70.36,0
ALCYR0401AQ #12,22.00,70.36,0
ALCYR0401AQ #14,22.00,70.36,0
ALCYR0401AQ #16,22.00,70.36,0
ALCYR0401AQ #18,22.00,70.36,0
ALCYR0401W #12,22.00,70.36,0
ALCYR0401W #14,22.00,70.36,0
ALCYR0401W #16,22.00,70.36,0
ALCYR0401W #18,22.00,70.36,0
ALCYR0403G #12,14.00,53.38,0
ALCYR0403G #14,14.00,53.38,0
ALCYR0403G #16,14.00,53.38,0
ALCYR0403G #18,14.00,53.38,3
ALCYR0403R #12,14.00,53.38,0
ALCYR0403R #14,14.00,53.38,0
ALCYR0403R #16,14.00,53.38,0
ALCYR0403R #18,14.00,53.38,0
ALCYR0403S #12,14.00,53.38,0
ALCYR0403S #14,14.00,53.38,0
ALCYR0403S #16,14.00,53.38,0
ALCYR0403S #18,14.00,53.38,0
ALCYR0403AQ #12,14.00,53.38,0
ALCYR0403AQ #14,14.00,53.38,0
ALCYR0403AQ #16,14.00,53.38,0
ALCYR0403AQ #18,14.00,53.38,0
ALCYR0403W #12,14.00,53.38,0
ALCYR0403W #14,14.00,53.38,0
ALCYR0403W #16,14.00,53.38,0
ALCYR0403W #18,14.00,53.38,0
ALCYR0424RW #18,29.00,92.74,0
ALCYR0424RW #20,29.00,92.74,0
ALCYR0424RV #20,29.00,92.74,0
ALCYR0424RV #18,29.00,92.74,0
ALCYR0424RR #18,29.00,92.74,0
ALCYR0424RR #20,29.00,92.74,0
ALCYR0424RB #16,29.00,92.74,0
ALCYR0424RB #18,29.00,92.74,0
ALCYR0424RB #20,29.00,92.74,0
ALCYR0427RS #14,48.00,141.70,3
ALCYR0427RS #16,48.00,141.70,3
ALCYR0427RS #18,48.00,141.70,0
ALCYR0427RS #15,48.00,141.70,0
ALCYR0427RS #19,48.00,141.70,0
ALCYR0393 #10,24.00,76.75,0
ALCYR0393 #12,24.00,76.75,0
ALCYR0393 #14,24.00,76.75,0
ALCYR0393 #16,24.00,76.75,0
ALCYR0393 #18,24.00,76.75,0
ALCYR0393 #20,24.00,76.75,0
ALCYR0394RHWG #12,20.00,63.96,0
ALCYR0394RHWG #14,20.00,63.96,0
ALCYR0394RHWG #16,20.00,63.96,0
ALCYR0394RHWG #18,20.00,63.96,0
ALCYR0396 #12,34.00,108.73,3
ALCYR0396 #10,34.00,108.73,3
ALCYR0396 #14,34.00,108.73,0
ALCYR0396 #16,34.00,108.73,0
ALCYR0396 #18,34.00,108.73,0
ALCYR0396 #20,34.00,108.73,0
ALCYR0399 #10,31.00,99.14,3
ALCYR0399 #12,31.00,99.14,3
ALCYR0399 #14,31.00,99.14,0
ALCYR0399 #16,31.00,99.14,0
ALCYR0399 #18,31.00,99.14,0
ALCYR0399 #20,31.00,99.14,0
ALCYR0368 #14,41.00,121.03,0
ALCYR0368 #16,41.00,121.03,0
ALCYR0368 #18,41.00,121.03,0
ALCYR0417R #10,29.00,92.74,3
ALCYR0417R #12,29.00,92.74,3
ALCYR0417R #14,29.00,92.74,0
ALCYR0417R #16,29.00,92.74,0
ALCYR0417R #18,29.00,92.74,0
ALCYR0425RAQ #12,30.00,95.94,3
ALCYR0425RAQ #14,30.00,95.94,0
ALCYR0425RAQ #16,30.00,95.94,0
ALCYR0425RAQ #18,30.00,95.94,0
ALCYR0425RAQ #20,30.00,95.94,0
P-541 #22,30.00,95.94,0
P-541 #21,31.00,99.14,0
P-541 #15,35.00,111.93,0
P-541 #17,35.00,111.93,0
P-541 #13,35.00,111.93,0
P-541 #18,44.00,129.89,0
P-541 #19,44.00,129.89,0
P-541 #20,44.00,129.89,3
P-541 #12,49.00,144.65,3
P-541 #14,49.00,144.65,0
P-541 #16,49.00,144.65,0
P-487 #14,73.00,215.50,0
P-487 #16,73.00,215.50,0
P-487 #18,73.00,215.50,0
P-487 #20,73.00,215.50,0
P-487 #22,73.00,215.50,0
P-487 #24,73.00,215.50,0
P-487 #26,73.00,215.50,0
P-487 #28,73.00,215.50,3
P-487 #30,73.00,215.50,0
P-487 #21,73.00,215.50,0
P-487 #12,73.00,215.50,0
P-520 #11,30.00,95.94,0
P-520 #22,30.00,95.94,0
P-520 #21,35.00,111.93,0
P-520 #15,35.00,111.93,0
P-520 #18,35.00,111.93,0
P-520 #16,43.00,126.94,0
P-520 #17,43.00,126.94,0
P-520 #19,43.00,126.94,0
P-520 #23,43.00,126.94,0
P-533 #22,31.00,99.14,0
P-533 #15,43.00,126.94,0
P-533 #19,43.00,126.94,0
P-533 #21,43.00,126.94,0
P-533 #12,47.00,138.74,3
P-533 #14,47.00,138.74,3
P-533 #16,47.00,138.74,0
P-533 #18,47.00,138.74,0
P-533 #20,47.00,138.74,0
R-1003RH #12,42.00,123.98,0
R-1003RH #14,42.00,123.98,0
R-1003RH #16,42.00,123.98,0
R-1005RH #12,37.00,118.33,0
R-1005RH #14,37.00,118.33,0
R-1005RH #18,37.00,118.33,0
SET-215R #12,38.00,121.52,3
SET-215R #14,38.00,121.52,3
SET-215R #16,38.00,121.52,3
SET-215R #18,38.00,121.52,0
ALCYR0365RH #18,44.00,129.89,0
ALCYR0365RH #16,44.00,129.89,0
ALCYR0365RH #14,44.00,129.89,0
ALCYR0365RH #12,44.00,129.89,0
ALCYR0406R #12,29.00,92.74,0
ALCYR0406R #14,29.00,92.74,0
ALCYR0406R #16,29.00,92.74,3
ALCYR0406R #18,29.00,92.74,0
ALCYR0406R #20,29.00,92.74,0
ALCYR0407R #10,26.00,83.15,0
ALCYR0407R #14,26.00,83.15,0
ALCYR0407R #16,26.00,83.15,0
ALCYR0407R #18,26.00,83.15,0
ALCYR0407R #19,26.00,83.15,0
ALCYR0408R #10,31.00,99.14,3
ALCYR0408R #12,31.00,99.14,0
ALCYR0408R #14,31.00,99.14,0
ALCYR0408R #16,31.00,99.14,0
ALCYR0408R #18,31.00,99.14,0
ALCYR0408R #20,31.00,99.14,0
ALCYR0410R #10,30.00,95.94,0
ALCYR0410R #12,30.00,95.94,3
ALCYR0410R #14,30.00,95.94,0
ALCYR0410R #16,30.00,95.94,0
ALCYR0410R #18,30.00,95.94,0
ALCYR0410R #20,30.00,95.94,0
ALSS0366 #12,30.00,95.94,0
ALSS0366 #14,30.00,95.94,0
ALSS0366 #16,30.00,95.94,0
ALSS0366 #18,30.00,95.94,0
ALCYR0416R #10,30.00,95.94,3
ALCYR0416R #12,30.00,95.94,3
ALCYR0416R #14,30.00,95.94,0
ALCYR0416R #16,30.00,95.94,0
ALCYR0416R #18,30.00,95.94,0
OBR374 #14,18.00,57.56,0
OBR374 #15,18.00,57.56,0
OBR374 #20,18.00,57.56,0
ALCYR0428R #13,31.00,99.14,0
ALCYR0428R #15,31.00,99.14,0
ALCYR0428R #16,31.00,99.14,0
ALCYR0428R #18,31.00,99.14,0
ALCYR0428R #20,31.00,99.14,0
R10001 #12,29.00,92.74,3
R10001 #14,29.00,92.74,3
R10001 #16,29.00,92.74,0
R10001 #18,29.00,92.74,0
R10001 #20,29.00,92.74,0
R10001 #15,29.00,92.74,0
R10001 #17,29.00,92.74,0
P-526 #14,31.00,99.14,0
P-526 #12,31.00,99.14,0
P-526 #15,31.00,99.14,0
P-526 #16,31.00,99.14,0
P-526 #18,31.00,99.14,0
P-526 #20,31.00,99.14,0
R-1004RH #12,38.00,121.52,0
R-1004RH #14,38.00,121.52,0
R-1004RH #16,38.00,121.52,0
R-1004RH #18,38.00,121.52,0
R-1006RH #12,29.00,92.74,0
R-1006RH #14,29.00,92.74,0
R-1006RH #16,29.00,92.74,0
R-1006RH #18,29.00,92.74,0
R-1007RH #10,34.00,108.73,0
R-1007RH #12,34.00,108.73,0
R-1007RH #14,34.00,108.73,0
R-1007RH #16,34.00,108.73,0
R-1007RH #18,34.00,108.73,0
R-1007RH #20,34.00,108.73,0
R-1008RH #10,23.00,73.55,3
R-1008RH #12,23.00,73.55,3
R-1008RH #16,23.00,73.55,0
R-1008RH #18,23.00,73.55,0
R-1008RH #20,23.00,73.55,0
R-1008RH #14,23.00,73.55,0
R-1009RH #10,26.00,83.15,3
R-1009RH #12,26.00,83.15,3
R-1009RH #15,26.00,83.15,0
R-1009RH #17,26.00,83.15,0
R-1009RH #18,26.00,83.15,0
R-1009RH #20,26.00,83.15,0
R-1009RH #22,26.00,83.15,0
ALMAR0001P #12,38.00,121.52,0
ALMAR0001P #15,38.00,121.52,0
ALMAR0002P #12,61.00,180.07,0
ALMAR0002P #14,61.00,180.07,0
ALMAR0002P #17,61.00,180.07,0
ALMAR0002P #19,61.00,180.07,0
ALMAR0003P #12,55.00,162.36,0
ALMAR0003P #17,55.00,162.36,0
ALMAR0003P #19,55.00,162.36,0
ALMAR0004P #10,47.00,138.74,3
ALMAR0004P #11,47.00,138.74,0
ALMAR0004P #14,47.00,138.74,0
ALMAR0004P #16,47.00,138.74,3
ALMAR0004P #18,47.00,138.74,3
ALMAR0004P #17,47.00,138.74,0
ALMAR0004P #19,47.00,138.74,3
ALMAR0005P #11,48.00,141.70,3
ALMAR0005P #14,48.00,141.70,3
ALMAR0005P #15,48.00,141.70,0
ALMAR0005P #16,48.00,141.70,0
ALMAR0005P #18,48.00,141.70,0
ALMAR0006P #11,47.00,138.74,3
ALMAR0006P #14,47.00,138.74,3
ALMAR0006P #16,47.00,138.74,0
ALMAR0006P #18,47.00,138.74,0
ALCYR0367RH #12,22.00,70.36,0
ALCYR0367RH #14,22.00,70.36,0
ALCYR0367RH #16,22.00,70.36,0
ALCYR0367RH #18,22.00,70.36,0
ALCYR0414R #10,28.00,89.54,3
ALCYR0414R #12,28.00,89.54,3
ALCYR0414R #16,28.00,89.54,0
ALCYR0414R #18,28.00,89.54,0
ALCYR0414R #14,28.00,89.54,0
ALCYR0414R #20,28.00,89.54,0
ALCYR0415R #10,26.00,83.15,3
ALCYR0415R #12,26.00,83.15,3
ALCYR0415R #14,26.00,83.15,0
ALCYR0415R #16,26.00,83.15,0
ALCYR0415R #18,26.00,83.15,0
ALCYR0415R #20,26.00,83.15,0
ALCYR0418R #12,29.00,92.74,0
ALCYR0418R #14,29.00,92.74,0
ALCYR0418R #16,29.00,92.74,0
ALCYR0418R #18,29.00,92.74,0
SR1999P #10,25.00,79.95,0
SR1999P #12,25.00,79.95,0
SR1999P #14,25.00,79.95,0
SR1999P #16,25.00,79.95,0
SR1999P #18,25.00,79.95,0
SR1999P #20,25.00,79.95,0
SR1999W #10,25.00,79.95,0
SR1999W #12,25.00,79.95,0
SR1999W #14,25.00,79.95,0
SR1999W #16,25.00,79.95,0
SR1999W #18,25.00,79.95,0
SR1999W #20,25.00,79.95,0
ALCYR0402W #12,17.00,54.37,0
ALCYR0402W #14,17.00,54.37,0
ALCYR0402W #16,17.00,54.37,0
ALCYR0402W #18,17.00,54.37,0
ALCYR0402R #12,17.00,54.37,0
ALCYR0402R #14,17.00,54.37,0
ALCYR0402R #16,17.00,54.37,0
ALCYR0402R #18,17.00,54.37,0
ALCYR0402G #12,17.00,54.37,3
ALCYR0402G #14,17.00,54.37,0
ALCYR0402G #16,17.00,54.37,0
ALCYR0402G #18,17.00,54.37,0
ALCYR0402AQ #12,17.00,54.37,0
ALCYR0402AQ #14,17.00,54.37,0
ALCYR0402AQ #16,17.00,54.37,0
ALCYR0402AQ #18,17.00,54.37,0
ALBAG0013R #10,41.00,121.03,3
ALBAG0013R #12,41.00,121.03,0
ALBAG0013R #14,41.00,121.03,3
ALBAG0013R #16,41.00,121.03,0
ALBAG0013R #18,41.00,121.03,0
ALBAG0013R #17,41.00,121.03,0
ALBAG0013R #19,41.00,121.03,0
ALBAG0013R #20,41.00,121.03,0
ALCYR0409R #10,25.00,79.95,0
ALCYR0409R #12,25.00,79.95,0
ALCYR0409R #14,25.00,79.95,0
ALCYR0409R #16,25.00,79.95,0
ALCYR0409R #18,25.00,79.95,0
ALCYR0409R #20,25.00,79.95,0
ALCYR0419R #10,20.00,63.96,0
ALCYR0419R #12,20.00,63.96,0
ALCYR0419R #14,20.00,63.96,0
ALCYR0419R #16,20.00,63.96,0
ALCYR0419R #18,20.00,63.96,0
ALCYR0419R #20,20.00,63.96,0
ALCYR0423RW #14,25.00,79.95,0
ALCYR0423RW #16,25.00,79.95,0
ALCYR0423RW #18,25.00,79.95,0
ALCYR0423RW #20,25.00,79.95,0
ALCYR0423RW #17,25.00,79.95,0
ALCYR0423RB #12,25.00,79.95,0
ALCYR0423RB #14,25.00,79.95,0
ALCYR0423RB #16,25.00,79.95,0
ALCYR0423RB #18,25.00,79.95,0
ALCYR0423RV #16,25.00,79.95,0
ALCYR0423RV #18,25.00,79.95,0
ALCYR0423RG #16,25.00,79.95,0
ALCYR0423RG #18,25.00,79.95,0
ALCYR0423RR #16,25.00,79.95,0
ALCYR0423RR #18,25.00,79.95,0
ALCYR0423RSH #16,25.00,79.95,0
ALCYR0423RSH #18,25.00,79.95,0
ALCYR0423RSH #20,25.00,79.95,0
ALCYR0423RSH #17,25.00,79.95,0
ALCYR0423RSH #19,25.00,79.95,0
ALCYR0426RW #14,18.00,57.56,0
ALCYR0426RW #16,18.00,57.56,0
ALCYR0426RW #15,18.00,57.56,0
ALCYR0426RW #17,18.00,57.56,0
ALCYR0426RW #18,18.00,57.56,0
ALCYR0426RW #20,18.00,57.56,0
ALCYR0426RB #14,18.00,57.56,0
ALCYR0426RB #16,18.00,57.56,0
ALCYR0426RB #15,18.00,57.56,0
ALCYR0426RB #17,18.00,57.56,0
ALCYR0426RB #18,18.00,57.56,0
ALCYR0426RB #19,18.00,57.56,0
ALCYR0426RV #14,18.00,57.56,0
ALCYR0426RV #16,18.00,57.56,0
ALCYR0426RV #18,18.00,57.56,0
ALCYR0426RV #15,18.00,57.56,0
ALCYR0426RV #17,18.00,57.56,0
ALCYR0426RV #19,18.00,57.56,0
ALCYR0426RR #14,18.00,57.56,0
ALCYR0426RR #16,18.00,57.56,0
ALCYR0426RR #18,18.00,57.56,0
ALCYR0426RG #14,18.00,57.56,0
ALCYR0426RG #15,18.00,57.56,0
ALCYR0426RG #16,18.00,57.56,0
ALCYR0426RG #17,18.00,57.56,0
ALCYR0426RSH #14,18.00,57.56,0
ALCYR0426RSH #16,18.00,57.56,0
ALCYR0426RSH #15,18.00,57.56,0
ALCYR0426RSH #17,18.00,57.56,0
ALCYR0426RSH #18,18.00,57.56,0
RING02178K #12,88.00,238.13,0
RING02178K #14,88.00,238.13,0
RING02178K #18,88.00,238.13,0
RING02178K #16,111.00,300.37,0
RING02178K #17,111.00,300.37,0
RING02178K #19,111.00,300.37,0
ALKJ0070R #15,38.00,121.52,0
R10002 #12,41.00,121.03,0
R10002 #17,41.00,121.03,0
R10002 #15,41.00,121.03,0
R10003 #12,43.00,126.94,0
R10003 #16,43.00,126.94,0
R10003 #19,43.00,126.94,0
R10003 #21,43.00,126.94,0
AH4174 #18CM,139.00,341.94,0
AH4174 #19CM,139.00,341.94,0
AH4174 #17CM,139.00,341.94,0
AH4174 #20CM,145.00,356.70,0
RMSS8K #19,239.00,529.15,0
RMSS8K #12,290.00,642.06,0
RMSS8K #14,290.00,642.06,0
RMSS8K #16,290.00,642.06,0
RMSS8K #18,290.00,642.06,0
RMSS8K #11,290.00,642.06,0
RMSS8K #13,290.00,642.06,0
RMSS8K #17,290.00,642.06,0
RMSS8K #10,290.00,642.06,0
RMSS8K #15,290.00,642.06,0
RING00718K #12,249.00,551.29,0
RING00718K #14,249.00,551.29,0
RING00718K #16,249.00,551.29,0
RING00718K #18,249.00,551.29,0
RING00718K #17,249.00,551.29,0
RING00718K #20,249.00,551.29,0
PSR07048K #17,235.00,520.29,0
PSR07048K #12,289.00,639.85,0
PSR07048K #14,289.00,639.85,0
PSR07048K #16,289.00,639.85,3
PSR07048K #18,289.00,639.85,0
PSR07048K #11,289.00,639.85,0
PSR07048K #13,289.00,639.85,0
PSR07048K #19,289.00,639.85,0
HP010 #14,89.00,240.83,3
HP016 #12,29.00,92.74,0
HP016 #14,29.00,92.74,0
HP016 #18,29.00,92.74,0
HP016 #16,29.00,92.74,0
HP063RH #12,142.00,349.32,0
HP063RH #14,143.00,351.78,0
HP063RH #16,145.00,356.70,0
HP063RH #18,145.00,356.70,0
AR12921 #12,28.00,89.54,3
AR12921 #14,28.00,89.54,3
AR12921 #16,28.00,89.54,3
AR12921 #18,28.00,89.54,3
AR12922 #12,23.00,73.55,0
AR12922 #14,23.00,73.55,0
AR12922 #16,23.00,73.55,0
AR12922 #18,23.00,73.55,0
R-1031 #14,35.00,111.93,0
R-1031 #12,35.00,111.93,0
R-1031 #10,35.00,111.93,0
R-1031 #16,35.00,111.93,0
R-1031 #18,35.00,111.93,0
HP073 #12,31.00,99.14,3
HP073 #14,31.00,99.14,3
HP073 #16,31.00,99.14,3
HP073 #18,31.00,99.14,0
HP074 #14,30.00,95.94,3
HP071 #14,28.00,89.54,3
HP071 #12,28.00,89.54,3
HP071 #16,28.00,89.54,0
HP071 #18,28.00,89.54,0
HP011 #12,54.00,159.41,3
HP011 #14,55.00,162.36,0
HP011 #16,56.00,165.31,0
HP011 #18,56.00,165.31,0
HP012 #12,42.00,123.98,0
HP012 #14,44.00,129.89,0
HP012 #16,44.00,129.89,0
HP012 #18,44.00,129.89,3
HP015 #12,31.00,99.14,0
HP015 #14,31.00,99.14,0
HP015 #16,31.00,99.14,0
HP015 #18,31.00,99.14,0
HP018 #12,49.00,144.65,3
HP018 #14,49.00,144.65,3
HP018 #16,52.00,153.50,3
HP018 #18,53.00,156.46,3
R-1010 #12,23.00,73.55,0
R-1010 #14,23.00,73.55,0
R-1010 #16,23.00,73.55,0
R-1010 #18,23.00,73.55,0
R-1013 #12,37.00,118.33,3
R-1013 #14,37.00,118.33,0
R-1013 #16,37.00,118.33,3
R-1013 #18,37.00,118.33,3
R-1016 #12,31.00,99.14,0
R-1016 #14,31.00,99.14,0
R-1016 #15,31.00,99.14,0
R-1016 #16,31.00,99.14,0
R-1016 #17,31.00,99.14,0
R-1016 #19,31.00,99.14,0
R-1016 #20,31.00,99.14,0
ALCYR0443P #11,35.00,111.93,0
ALCYR0443P #14,35.00,111.93,0
ALCYR0443P #16,35.00,111.93,0
ALCYR0443P #18,35.00,111.93,0
ALCYR0443P #10,35.00,111.93,0
ALCYR0443P #13,35.00,111.93,0
ALCYR0445P #12,56.00,165.31,0
ALCYR0445P #15,56.00,165.31,0
ALCYR0445P #17,56.00,165.31,0
ALCYR0446P #15,44.00,129.89,0
ALCYR0446P #17,44.00,129.89,0
R-1019 #12,29.00,92.74,3
R-1019 #14,29.00,92.74,0
R-1019 #16,29.00,92.74,0
R-1019 #18,29.00,92.74,0
R-1019 #20,29.00,92.74,0
R-1021 #12,52.00,153.50,0
R-1021 #14,52.00,153.50,3
R-1021 #16,52.00,153.50,0
R-1021 #18,52.00,153.50,0
R-1022 #10,41.00,121.03,3
R-1022 #12,41.00,121.03,3
R-1022 #14,41.00,121.03,0
R-1022 #16,41.00,121.03,0
R-1022 #18,41.00,121.03,0
R-1022 #20,41.00,121.03,0
ALCYR0394RHWW#18,20.00,63.96,0
ALCYR0394RHWR #12,20.00,63.96,0
ALCYR0394RHWR #14,20.00,63.96,0
ALCYR0394RHWR #16,20.00,63.96,0
ALCYR0394RHWR #18,20.00,63.96,0
SRAYA05546 #12,30.00,95.94,0
SRAYA05546 #14,30.00,95.94,0
SRAYA05546 #16,30.00,95.94,0
SRAYA05546 #18,30.00,95.94,0
SRAYA05546 #20,30.00,95.94,0
R-1023 #10,31.00,99.14,3
R-1023 #12,31.00,99.14,3
R-1023 #14,31.00,99.14,0
R-1023 #16,31.00,99.14,0
R-1023 #18,31.00,99.14,0
R-1023 #20,31.00,99.14,0
R-1028 #12,52.00,153.50,0
R-1028 #14,52.00,153.50,0
R-1028 #16,52.00,153.50,0
R-1028 #18,52.00,153.50,0
R-1029 #12,26.00,83.15,0
R-1029 #14,26.00,83.15,0
R-1029 #16,26.00,83.15,0
R-1029 #18,26.00,83.15,0
R-1032 #12,24.00,76.75,0
R-1032 #14,24.00,76.75,0
R-1032 #16,24.00,76.75,0
R-1032 #18,24.00,76.75,0
R-1032 #20,24.00,76.75,0
R-1033 #12,28.00,89.54,0
R-1033 #14,28.00,89.54,0
R-1033 #16,28.00,89.54,0
R-1033 #18,28.00,89.54,0
ALCYR0459 #12,48.00,141.70,3
ALCYR0459 #14,48.00,141.70,3
ALCYR0459 #16,48.00,141.70,3
ALCYR0459 #18,48.00,141.70,0
R-1035 #12,37.00,118.33,3
R-1035 #14,37.00,118.33,0
R-1035 #16,37.00,118.33,3
R-1035 #18,37.00,118.33,0
ALCYR0474RRH #12,36.00,115.13,0
ALCYR0474RRH #16,36.00,115.13,0
ALCYR0474RRH #14,36.00,115.13,0
ALCYR0474RRH #18,36.00,115.13,0
R-1037 #12,44.00,129.89,3
R-1037 #14,44.00,129.89,3
R-1037 #16,44.00,129.89,0
R-1037 #18,44.00,129.89,0
R-1037 #15,44.00,129.89,0
R-1037 #17,44.00,129.89,0
R-1037 #19,44.00,129.89,0
R-1037 #20,44.00,129.89,0
ALSS0374S #11,76.00,224.35,0
ALSS0374S #12,76.00,224.35,0
ALSS0374S #13,76.00,224.35,0
ALSS0374S #14,76.00,224.35,0
ALSS0374S #21,76.00,224.35,0
ALSS0376S #14,38.00,121.52,0
ALSS0376S #18,38.00,121.52,0
ALSS0376S #16,38.00,121.52,0
ALSS0376S #17,38.00,121.52,0
ALSS0376S #12,38.00,121.52,0
ALCYR0475RRH #12,40.00,127.92,0
ALCYR0475RRH #14,40.00,127.92,0
ALCYR0475RRH #16,40.00,127.92,0
ALCYR0475RRH #18,40.00,127.92,0
ALCYR0475RRH #17,40.00,127.92,0
ALCYR0476RRH #12,35.00,111.93,0
ALCYR0476RRH #14,35.00,111.93,0
ALCYR0476RRH #16,35.00,111.93,0
ALCYR0476RRH #18,35.00,111.93,0
ALCYR0477 #10,20.00,63.96,3
ALCYR0477 #11,20.00,63.96,3
ALCYR0477 #14,20.00,63.96,0
ALCYR0477 #16,20.00,63.96,0
ALCYR0477 #19,20.00,63.96,0
CR0024 # 12,35.00,111.93,0
CR0024 # 16,35.00,111.93,0
CR0024 # 18,35.00,111.93,0
ALKJ0069R #16,70.00,206.64,0
ALKJ0069R #21,70.00,206.64,0
ALCYR0482RRH #12,29.00,92.74,0
ALCYR0482RRH #14,29.00,92.74,0
ALCYR0482RRH #16,29.00,92.74,0
ALCYR0482RRH #18,29.00,92.74,0
ALCYR0482RRH #20,29.00,92.74,0
SRAYA05547 #14,37.00,118.33,0
SRAYA05547 #16,37.00,118.33,0
SRAYA05547 #18,37.00,118.33,0
ALCYR0455R #10,44.00,129.89,3
ALCYR0455R #12,44.00,129.89,3
ALCYR0455R #14,44.00,129.89,0
ALCYR0455R #16,44.00,129.89,0
ALCYR0455R #18,44.00,129.89,0
ALCYR0456R #10,49.00,144.65,0
ALCYR0456R #11,49.00,144.65,3
ALCYR0456R #12,49.00,144.65,3
ALCYR0456R #13,49.00,144.65,3
ALCYR0456R #14,49.00,144.65,3
ALCYR0456R #15,49.00,144.65,3
ALCYR0456R #16,49.00,144.65,0
ALCYR0456R #17,49.00,144.65,0
ALCYR0456R #18,49.00,144.65,0
ALCYR0456R #19,49.00,144.65,0
ALCYR0456R #20,49.00,144.65,0
R-1038 #14,43.00,126.94,0
R-1038 #16,43.00,126.94,0
R-1038 #18,43.00,126.94,0
ALCYR0481RRH #10,31.00,99.14,0
ALCYR0481RRH #12,31.00,99.14,0
ALCYR0481RRH #14,31.00,99.14,0
ALCYR0481RRH #16,31.00,99.14,0
ALCYR0481RRH #18,31.00,99.14,0
R-1041 #12,41.00,121.03,3
R-1041 #16,41.00,121.03,3
R-1041 #19,41.00,121.03,3
R-1041 #11,41.00,121.03,3
R-1041 #13,41.00,121.03,3
R-1041 #14,41.00,121.03,0
R-1041 #17,41.00,121.03,0
R-1041 #18,41.00,121.03,0
R-1041 #20,41.00,121.03,0
R-1041 #15,41.00,121.03,3
R-1042 #12,42.00,123.98,3
R-1042 #14,42.00,123.98,0
R-1042 #16,42.00,123.98,0
R-1042 #18,42.00,123.98,0
R-1042 #20,42.00,123.98,0
R-1012 #12,47.00,138.74,0
R-1012 #18,47.00,138.74,0
R-1012 #19,47.00,138.74,0
R-1012 #20,47.00,138.74,0
R-1014RH #12,52.00,153.50,3
R-1014RH #14,52.00,153.50,0
R-1014RH #16,52.00,153.50,0
R-1014RH #18,52.00,153.50,0
R-1015RH #12,64.00,188.93,0
R-1015RH #11,64.00,188.93,3
R-1015RH #14,64.00,188.93,0
R-1015RH #16,64.00,188.93,0
R-1015RH #18,64.00,188.93,0
R-1015RH #20,64.00,188.93,0
R010RHR #12,24.00,76.75,3
R010RHR #14,24.00,76.75,3
R010RHR #16,24.00,76.75,3
R010RHR #18,24.00,76.75,0
R-1017 #12,18.00,57.56,0
R-1017 #14,18.00,57.56,3
R-1017 #18,18.00,57.56,3
R-1017 #16,18.00,57.56,3
R-1018 #12,40.00,127.92,3
R-1018 #14,40.00,127.92,3
R-1018 #16,40.00,127.92,3
R-1018 #18,40.00,127.92,3
R-1020 #12,43.00,126.94,3
R-1020 #14,43.00,126.94,0
R-1020 #16,43.00,126.94,0
R-1020 #18,43.00,126.94,0
ALCYR0453RRH #10,35.00,111.93,3
ALCYR0453RRH #12,35.00,111.93,3
ALCYR0453RRH #14,35.00,111.93,0
ALCYR0453RRH #16,35.00,111.93,0
ALCYR0453RRH #18,35.00,111.93,0
ALCYR0453RRH #20,35.00,111.93,0
ALCYR0453RRH #21,35.00,111.93,0
SRAYA05548 #16,38.00,121.52,0
ALCYR0454R #12,56.00,165.31,0
ALCYR0454R #14,56.00,165.31,0
ALCYR0454R #16,56.00,165.31,0
ALCYR0454R #18,56.00,165.31,0
SRAYA05549 #17,58.00,171.22,0
SRAYA05549 #19,58.00,171.22,0
SRAYA05549 #21,58.00,171.22,0
SRAYA05550 #13,58.00,171.22,0
SRAYA05550 #14,58.00,171.22,0
SRAYA05550 #16,58.00,171.22,0
SRAYA05550 #20,58.00,171.22,0
SRAYA05550 #23,58.00,171.22,0
SRAYA05551 #11,50.00,147.60,3
SRAYA05551 #12,50.00,147.60,0
SRAYA05551 #14,50.00,147.60,0
SRAYA05551 #16,50.00,147.60,0
SRAYA05551 #18,50.00,147.60,0
SRAYA05551 #19,50.00,147.60,0
SRAYA05551 #20,50.00,147.60,0
R-1024 #12,41.00,121.03,3
R-1024 #14,41.00,121.03,0
R-1024 #16,41.00,121.03,0
R-1024 #18,41.00,121.03,0
R-1024 #20,41.00,121.03,0
R-1025 #12,47.00,138.74,0
R-1025 #14,47.00,138.74,0
R-1025 #16,47.00,138.74,0
R-1025 #18,47.00,138.74,0
R-1026 #12,37.00,118.33,0
R-1026 #14,37.00,118.33,0
R-1026 #16,37.00,118.33,0
R-1026 #18,37.00,118.33,0
R-1026 #20,37.00,118.33,0
R-1027 #10,37.00,118.33,3
R-1027 #12,37.00,118.33,3
R-1027 #14,37.00,118.33,0
R-1027 #16,37.00,118.33,0
R-1027 #18,37.00,118.33,0
R-1027 #20,37.00,118.33,0
R-1027 #22,37.00,118.33,0
R-1030 #14,34.00,108.73,0
R-1030 #16,34.00,108.73,0
R-1030 #18,34.00,108.73,0
R-1034 #12,66.00,194.83,0
R-1034 #14,66.00,194.83,0
R-1034 #16,66.00,194.83,0
R-1034 #18,66.00,194.83,0
ALCYR0460RRH #14,55.00,162.36,3
ALCYR0460RRH #12,55.00,162.36,3
ALCYR0460RRH #16,55.00,162.36,3
ALCYR0460RRH #18,55.00,162.36,3
R-1036 #16,56.00,165.31,0
R-1036 #18,56.00,165.31,0
R-1036 #20,56.00,165.31,0
R-1036 #12,58.00,171.22,0
ALSS0375S #12,25.00,79.95,0
ALSS0375S #14,25.00,79.95,0
ALSS0375S #16,25.00,79.95,0
ALBAG0018R #12,28.00,89.54,0
ALBAG0018R #14,28.00,89.54,0
ALBAG0018R #16,28.00,89.54,0
ALBAG0018R #18,28.00,89.54,0
ALBAG0019R #12,28.00,89.54,0
ALBAG0019R #14,28.00,89.54,0
ALBAG0019R #16,28.00,89.54,0
ALBAG0019R #18,28.00,89.54,0
ALCYR0478RRH #12,54.00,159.41,3
ALCYR0478RRH #14,54.00,159.41,3
ALCYR0478RRH #16,54.00,159.41,3
ALCYR0478RRH #18,54.00,159.41,3
R-1039 #12,62.00,183.02,3
R-1039 #14,62.00,183.02,0
R-1039 #18,62.00,183.02,0
R-1039 #20,62.00,183.02,0
R-1039 #13,62.00,183.02,0
R-1039 #17,62.00,183.02,0
R-1039 #19,62.00,183.02,0
R-1040 #12,62.00,183.02,3
R-1040 #14,62.00,183.02,0
R-1040 #16,62.00,183.02,0
R-1040 #18,62.00,183.02,0
ALCYR0442P #10,77.00,227.30,3
ALCYR0442P #12,77.00,227.30,0
ALCYR0442P #16,77.00,227.30,0
ALCYR0444P #12,44.00,129.89,0
ALCYR0444P #15,44.00,129.89,0
ALCYR0447PRH #12,67.00,197.78,0
ALCYR0447PRH #13,67.00,197.78,0
ALCYR0447PRH #15,67.00,197.78,0
ALCYR0447PRH #19,67.00,197.78,0
ALCYR0448PRH #13,35.00,111.93,0
ALCYR0448PRH #15,35.00,111.93,0
ALCYR0448PRH #16,35.00,111.93,0
ALCYR0448PRH #20,35.00,111.93,0
ALCYR0448PRH #12,35.00,111.93,0
ALCYR0448PRH #14,35.00,111.93,0
ALCYR0448PRH #18,35.00,111.93,0
ALCYR0450PRH #13,37.00,118.33,3
ALCYR0450PRH #14,37.00,118.33,3
ALCYR0450PRH #15,37.00,118.33,0
ALCYR0394RHWA #12,20.00,63.96,0
ALCYR0394RHWA #14,20.00,63.96,0
ALCYR0394RHWA #16,20.00,63.96,0
ALCYR0394RHWA #18,20.00,63.96,0
ALCYR0394RHWB #12,20.00,63.96,0
ALCYR0394RHWB #14,20.00,63.96,0
ALCYR0394RHWB #18,20.00,63.96,0
ALCYR0394RHWB #16,20.00,63.96,0
ALCYR0457RRH #12,49.00,144.65,0
ALCYR0457RRH #14,49.00,144.65,0
ALCYR0457RRH #16,49.00,144.65,0
ALCYR0457RRH #18,49.00,144.65,0
ALCYR0458RRH #12,53.00,156.46,3
ALCYR0458RRH #14,53.00,156.46,0
ALCYR0458RRH #16,53.00,156.46,0
ALCYR0458RRH #18,53.00,156.46,0
ALCYR0479RRH #12,56.00,165.31,3
ALCYR0479RRH #14,56.00,165.31,0
ALCYR0479RRH #16,56.00,165.31,0
ALCYR0479RRH #18,56.00,165.31,0
ALCYR0480RRH #12,47.00,138.74,0
ALCYR0480RRH #14,47.00,138.74,0
ALCYR0480RRH #16,47.00,138.74,0
ALCYR0480RRH #18,47.00,138.74,0
ALCYR0397LB #12,22.00,70.36,0
ALCYR0397LB #14,22.00,70.36,0
ALCYR0397LB #16,22.00,70.36,0
ALCYR0397LB #18,22.00,70.36,0
ALCYR0493RHR #11,25.00,79.95,0
ALCYR0493RHR #14,25.00,79.95,0
ALCYR0493RHR #16,25.00,79.95,0
ALCYR0493RHR #18,25.00,79.95,0
ALCYR0493RHV #14,25.00,79.95,0
ALCYR0493RHV #16,25.00,79.95,0
ALCYR0493RHV #18,25.00,79.95,0
ALCYR0493RHB #11,25.00,79.95,0
ALCYR0493RHB #14,25.00,79.95,0
ALCYR0493RHB #16,25.00,79.95,0
ALCYR0493RHB #18,25.00,79.95,0
SRAYA05710RH #12,48.00,141.70,0
SRAYA05710RH #14,48.00,141.70,0
SRAYA05710RH #16,48.00,141.70,0
SRAYA05710RH #18,48.00,141.70,0
SRAYA05711RH #12,37.00,118.33,0
SRAYA05711RH #14,37.00,118.33,0
SRAYA05711RH #16,37.00,118.33,0
SRAYA05711RH #18,37.00,118.33,0
ALCYR0499RH #12,43.00,126.94,0
ALCYR0499RH #16,43.00,126.94,0
ALCYR0499RH #18,43.00,126.94,0
ALCYR0500RH #10,25.00,79.95,0
ALCYR0500RH #12,25.00,79.95,0
ALCYR0500RH #14,25.00,79.95,0
ALCYR0500RH #16,25.00,79.95,0
ALCYR0500RH #18,25.00,79.95,0
ALCYR0500RH #20,25.00,79.95,0
ALCYR0500RH #22,25.00,79.95,0
ALCYR0501RH #12,26.00,83.15,0
ALCYR0501RH #14,26.00,83.15,0
ALCYR0501RH #16,26.00,83.15,0
ALCYR0501RH #18,26.00,83.15,0
R011M #10,20.00,63.96,0
R011M #12,20.00,63.96,0
R011M #15,20.00,63.96,0
R011M #16,20.00,63.96,0
R011M #18,20.00,63.96,0
R012M #10,23.00,73.55,0
R012M #12,23.00,73.55,0
R012M #14,23.00,73.55,0
R012M #16,23.00,73.55,0
R013M #12,26.00,83.15,0
R013M #14,26.00,83.15,0
R013M #15,26.00,83.15,0
R014M #9,18.00,57.56,0
R014M #12,18.00,57.56,0
R014M #14,18.00,57.56,0
R014M #16,18.00,57.56,0
R016M #9,20.00,63.96,0
R016M #12,20.00,63.96,0
R016M #16,20.00,63.96,0
ALBAG0016R #10,36.00,115.13,3
ALBAG0016R #12,36.00,115.13,3
ALBAG0016R #14,36.00,115.13,3
ALBAG0016R #16,36.00,115.13,0
ALBAG0016R #18,36.00,115.13,0
ALCYR0494RHG #12,23.00,73.55,0
ALCYR0494RHG #14,23.00,73.55,0
ALCYR0494RHG #16,23.00,73.55,0
ALCYR0494RHG #18,23.00,73.55,0
ALCYR0495RHR #11,23.00,73.55,0
ALCYR0495RHR #14,23.00,73.55,0
ALCYR0495RHR #16,23.00,73.55,0
ALCYR0495RHR #18,23.00,73.55,0
ALCYR0495RHB #11,23.00,73.55,0
ALCYR0495RHV #14,23.00,73.55,0
ALCYR0495RHV #16,23.00,73.55,0
ALCYR0495RHV #18,23.00,73.55,0
ALCYR0496RHG #12,14.00,53.38,0
ALCYR0496RHG #14,14.00,53.38,0
ALCYR0496RHG #16,14.00,53.38,0
ALCYR0496RHG #18,14.00,53.38,0
ALCYR0496RHLB #14,14.00,53.38,0
ALCYR0496RHLB #16,14.00,53.38,0
ALCYR0496RHLB #18,14.00,53.38,0
ALCYR0496RHS #12,14.00,53.38,0
ALCYR0496RHS #14,14.00,53.38,0
ALCYR0496RHS #16,14.00,53.38,0
ALCYR0496RHS #18,14.00,53.38,0
ALCYR0496RHR #12,14.00,53.38,0
ALCYR0496RHR #14,14.00,53.38,0
ALCYR0496RHR #16,14.00,53.38,0
ALCYR0496RHR #18,14.00,53.38,0
ALCYR0497RHG #12,18.00,57.56,0
ALCYR0497RHG #14,18.00,57.56,0
ALCYR0497RHG #16,18.00,57.56,0
ALCYR0497RHG #18,18.00,57.56,0
ALCYR0497RHLB #12,18.00,57.56,0
ALCYR0498RHS #12,13.00,49.57,0
ALCYR0498RHS #14,13.00,49.57,0
ALCYR0498RHS #18,13.00,49.57,0
ALCYR0498RHLB #12,13.00,49.57,0
ALCYR0498RHLB #14,13.00,49.57,0
ALCYR0498RHLB #16,13.00,49.57,0
ALCYR0498RHLB #18,13.00,49.57,0
ALCYR0498RHR #16,13.00,49.57,0
ALCYR0498RHR #18,13.00,49.57,0
ALCYR0498RHG #12,13.00,49.57,0
ALCYR0498RHG #14,13.00,49.57,0
ALCYR0498RHG #16,13.00,49.57,0
ALCYR0498RHG #18,13.00,49.57,0
ALCYR0502RH #10,41.00,121.03,3
ALCYR0502RH #12,41.00,121.03,3
ALCYR0502RH #14,41.00,121.03,3
ALCYR0502RH #16,41.00,121.03,0
ALCYR0502RH #18,41.00,121.03,0
ALCYR0503RH #10,28.00,89.54,0
ALCYR0503RH #18,28.00,89.54,0
ALCYR0503RH #12,28.00,89.54,0
ALCYR0503RH #14,28.00,89.54,0
ALCYR0504RH #10,29.00,92.74,3
ALCYR0504RH #12,29.00,92.74,0
ALCYR0504RH #14,29.00,92.74,0
ALCYR0504RH #16,29.00,92.74,0
ALCYR0504RH #18,29.00,92.74,0
SRAYA05712RH #14,47.00,138.74,0
SRAYA05712RH #16,47.00,138.74,0
SRAYA05712RH #18,47.00,138.74,0
SRAYA05713RH #14,49.00,144.65,0
SRAYA05713RH #16,49.00,144.65,0
SRAYA05713RH #18,49.00,144.65,0
SRAYA05714RH #12,48.00,141.70,0
SRAYA05714RH #14,48.00,141.70,0
SRAYA05714RH #16,48.00,141.70,0
SRAYA05714RH #18,48.00,141.70,0
R-1044 #14,43.00,126.94,0
R-1044 #16,43.00,126.94,0
R-1044 #18,43.00,126.94,0
ALCYR0505RH #10,25.00,79.95,3
ALCYR0505RH #12,25.00,79.95,3
ALCYR0505RH #14,25.00,79.95,0
ALCYR0505RH #16,25.00,79.95,0
ALCYR0505RH #18,25.00,79.95,0
ALCYR0505RH #15,25.00,79.95,0
ALCYR0516RRH #12,103.00,278.72,0
ALCYR0516RRH #14,103.00,278.72,0
ALCYR0516RRH #15,103.00,278.72,0
ALCYR0516RRH #17,103.00,278.72,0
ALCYR0516RRH #18,103.00,278.72,0
ALCYR0516RRH #19,103.00,278.72,0
ALCYR0516RRH #21,103.00,278.72,0
ALCYR0516RRH #20,103.00,278.72,0
SRAYA05715RRH #14,36.00,115.13,0
SRAYA05715RRH #16,36.00,115.13,0
SRAYA05715RRH #18,36.00,115.13,0
ALCYR0519 #13,52.00,153.50,0
ALCYR0519 #17,52.00,153.50,0
ALCYR0519 #18,52.00,153.50,0
ALCYR0519 #20,52.00,153.50,0
ALCYR0519 #21,52.00,153.50,0
ALCYR0520R #10,35.00,111.93,0
ALCYR0520R #11,35.00,111.93,3
ALCYR0520R #12,35.00,111.93,3
ALCYR0520R #14,35.00,111.93,0
ALCYR0520R #15,35.00,111.93,0
ALCYR0520R #16,35.00,111.93,0
ALCYR0520R #17,35.00,111.93,0
ALCYR0520R #19,35.00,111.93,0
ALCYR0520R #20,35.00,111.93,0
ALCYR0521RRH #12,22.00,70.36,0
ALCYR0521RRH #14,22.00,70.36,0
ALCYR0521RRH #16,22.00,70.36,0
ALCYR0521RRH #18,22.00,70.36,0
ALCYR0522RRH #10,26.00,83.15,0
ALCYR0522RRH #11,26.00,83.15,3
ALCYR0522RRH #14,26.00,83.15,0
ALCYR0522RRH #16,26.00,83.15,0
ALCYR0522RRH #19,26.00,83.15,0
ALCYR0522RRH #20,26.00,83.15,0
PD0019R #11,14.00,53.38,0
PD0019R #8,14.00,53.38,0
PD0019R #10,14.00,53.38,0
PD0022LY #6,16.00,61.01,0
PD0022LY #7,16.00,61.01,0
PD0022LY #11,16.00,61.01,0
PD0022LY #8,16.00,61.01,0
PD0022P #8,16.00,61.01,0
PD0024P #11,10.00,38.13,0
PD0024R #8,10.00,38.13,0
PD0024R #9,10.00,38.13,0
PD0024R #11,10.00,38.13,0
PD0031R #6,13.00,49.57,0
PD0031R #8,13.00,49.57,0
PD0031LB #8,13.00,49.57,0
PD0031LY #7,13.00,49.57,0
PD0031LY #8,13.00,49.57,0
PD0031LY #9,13.00,49.57,0
PD0032LY #10,12.00,45.76,0
PD0032P #8,12.00,45.76,0
PD0032P #10,12.00,45.76,0
PD0032P #11,12.00,45.76,0
PD0032LB #10,12.00,45.76,0
PD0032LB #11,12.00,45.76,0
PD0032R #9,12.00,45.76,0
PD0034LY #9,12.00,45.76,0
PD0034W #10,12.00,45.76,0
PD0034W #11,12.00,45.76,0
PD0034W #6,12.00,45.76,0
PD0034W #7,12.00,45.76,0
PD0034W #9,12.00,45.76,0
PD0034W #8,12.00,45.76,0
PD0034R #10,12.00,45.76,0
PD0034R #11,12.00,45.76,0
PD0035LY #10,12.00,45.76,0
PD0023LP #7,14.00,53.38,0
PD0023LP #9,14.00,53.38,0
PD0023R #7,14.00,53.38,0
PD0023R #10,14.00,53.38,0
PD0023W #7,14.00,53.38,3
PD0023W #6,14.00,53.38,0
PD0023W #9,14.00,53.38,0
PD0023W #10,14.00,53.38,0
PD0029G #7,14.00,53.38,0
PD0029G #9,14.00,53.38,0
PD0029G #11,14.00,53.38,0
PD0029P #6,14.00,53.38,0
PD0029P #8,14.00,53.38,0
PD0029P #10,14.00,53.38,0
PD0030P #8,13.00,49.57,0
PD0030P #11,13.00,49.57,0
PD0030P #10,13.00,49.57,0
PD0030G #7,13.00,49.57,0
PD0030G #10,13.00,49.57,0
ALCYR0449PLB #12,11.00,41.94,0
ALCYR0449PLB #14,11.00,41.94,0
ALCYR0449PLB #16,11.00,41.94,0
ALCYR0449PLB #18,11.00,41.94,0
ALCYR0449PG #12,11.00,41.94,0
ALCYR0449PG #14,11.00,41.94,0
ALCYR0449PG #16,11.00,41.94,0
ALCYR0449PG #18,11.00,41.94,0
ALCYR0449PR #12,11.00,41.94,0
PD0029W #6,14.00,53.38,0
PD0029W #10,14.00,53.38,0
PD0029W #11,14.00,53.38,0
CS-0275PRH #12,49.00,144.65,3
CS-0275PRH #14,49.00,144.65,0
CS-0275PRH #18,49.00,144.65,0
CS-025PRH #16,49.00,144.65,0
ALCER0177PG #11,26.00,83.15,0
ALCER0177PG #12,26.00,83.15,0
ALCER0177PG #13,26.00,83.15,0
ALCER0177PG #9,26.00,83.15,0
ALCER0177PG #20,26.00,83.15,0
ALCYR0541RRH #12,101.00,273.31,0
ALCYR0545R #12,55.00,162.36,0
ALCYR0545R #14,55.00,162.36,0
ALCYR0545R #16,55.00,162.36,0
ALCYR0545R #18,55.00,162.36,0
ALCYR0545R #20,55.00,162.36,0
ALCER0174PY #14,96.00,259.78,0
ALCER0174PY #16,96.00,259.78,0
ALCER0176PBR #12,61.00,180.07,3
ALCER0176PBR #14,61.00,180.07,0
ALCER0176PBR #16,61.00,180.07,0
ALCER0176PBR #18,61.00,180.07,0
ALCER0175PRH #12,61.00,180.07,0
ALCER0175PRH #14,61.00,180.07,0
ALCER0175PRH #18,61.00,180.07,0
ALSS0368 #12,23.00,73.55,0
ALSS0368 #16,23.00,73.55,0
ALSS0368 #21,23.00,73.55,0
ALSS0369 #12,44.00,129.89,0
ALSS0369 #14,44.00,129.89,3
ALSS0369 #16,44.00,129.89,0
ALSS0369 #18,44.00,129.89,0
ALSS0370 #18,31.00,99.14,0
ALSS0370 #20,31.00,99.14,0
ALSS0370 #12,31.00,99.14,0
ALSS0370 #14,31.00,99.14,0
ALSS0370 #16,31.00,99.14,0
ALSS0371 #12,64.00,188.93,0
ALSS0371 #14,64.00,188.93,0
ALSS0372 #14,64.00,188.93,0
ALSS0372 #11,64.00,188.93,0
ALSS0372 #16,64.00,188.93,0
ALSS0372 #19,64.00,188.93,0
ALSS0372 #13,64.00,188.93,0
ALSS0373 #15,28.00,89.54,0
ALSS0373 #13,28.00,89.54,0
ALCYR0375 #12,38.00,121.52,3
ALCYR0375 #14,38.00,121.52,0
ALCYR0375 #16,38.00,121.52,0
ALCYR0375 #18,38.00,121.52,0
ALCYR0375 #20,38.00,121.52,0
PYR0352G8K #16,161.00,396.06,0
PYR0352G8K #14,255.00,564.57,0
SR-5708RBLUE #12,28.00,89.54,0
SR-5708RBLUE #14,28.00,89.54,0
SR-5708RBLUE #16,28.00,89.54,0
SR-5708RBLUE #18,28.00,89.54,0
SR-5708RBLUE #20,28.00,89.54,0
SR-5708RRED #12,28.00,89.54,0
SR-5708RRED #16,28.00,89.54,0
SR-5708RRED #18,28.00,89.54,0
SR-5708RRED #20,28.00,89.54,0
CR10252OLIVE #12,20.00,63.96,3
CR10252OLIVE #14,20.00,63.96,3
CR10252OLIVE #16,20.00,63.96,0
CR10252OLIVE #18,20.00,63.96,3
CR10252GREY #12,20.00,63.96,3
CR10252GREY #14,20.00,63.96,3
CR10252GREY #16,20.00,63.96,3
CR10252GREY #18,20.00,63.96,3
CR10252PURPLE #12,20.00,63.96,3
CR10252PURPLE #14,20.00,63.96,0
CR10252PURPLE #16,20.00,63.96,3
CR10252PURPLE #18,20.00,63.96,3
PYR0352G14K #16,471.00,984.86,0
PYR0352G14K #11,471.00,984.86,0
PD0040 #11,14.00,53.38,0
PD0040 #12,14.00,53.38,0
PD0040 #14,14.00,53.38,0
PD0040 #15,14.00,53.38,0
ALCYR0602RRH #14,25.00,79.95,0
ALCYR0602RRH #16,25.00,79.95,0
ALCYR0602RRH #18,25.00,79.95,0
ALCYR0610RWV #12,44.00,129.89,0
ALCYR0610RWV #14,44.00,129.89,0
ALCYR0610RWV #16,44.00,129.89,0
ALCYR0610RWB #12,44.00,129.89,0
ALCYR0610RWB #14,44.00,129.89,0
ALCYR0610RWB #16,44.00,129.89,0
ALCYR0610RWB #18,44.00,129.89,0
ALCYR0614RRH #10,30.00,95.94,0
ALCYR0614RRH #12,30.00,95.94,0
ALCYR0614RRH #14,30.00,95.94,0
ALCYR0614RRH #16,30.00,95.94,0
ALCYR0614RRH #18,30.00,95.94,0
ALSS0381RRH #13,56.00,165.31,0
ALSS0381RRH #14,56.00,165.31,0
ALSS0381RRH #15,56.00,165.31,0
ALSS0381RRH #16,56.00,165.31,0
ALSS0381RRH #17,56.00,165.31,0
ALSS0381RRH #18,56.00,165.31,0
ALSS0381RRH #20,56.00,165.31,0
ALSS0380S #12,31.00,99.14,0
ALSS0380S #14,31.00,99.14,0
ALSS0380S #16,31.00,99.14,0
ALSS0380S #18,31.00,99.14,0
SRAYA05716RH #12,24.00,76.75,0
SRAYA05716RH #14,24.00,76.75,0
SRAYA05716RH #16,24.00,76.75,0
SRAYA05716RH #18,24.00,76.75,0
SRAYA05716RH #20,24.00,76.75,0
ALCYR0593RRH #16,22.00,70.36,0
ALCYR0593RRH #18,22.00,70.36,0
ALCYR0594RRH #10,20.00,63.96,0
ALCYR0594RRH #12,20.00,63.96,0
ALCYR0596RRH #12,43.00,126.94,0
ALCYR0596RRH #14,43.00,126.94,0
ALCYR0596RRH #16,43.00,126.94,0
ALCYR0596RRH #18,43.00,126.94,0
ALCYR0596RRH #20,43.00,126.94,0
ALCYR0600RRH #12,40.00,127.92,3
ALCYR0600RRH #14,40.00,127.92,3
ALCYR0600RRH #16,40.00,127.92,0
ALCYR0600RRH #18,40.00,127.92,0
ALCYR0600RRH #20,40.00,127.92,0
ALCYR0600RRH #22,40.00,127.92,0
ALCYR0604RRH #12,28.00,89.54,0
ALCYR0604RRH #14,28.00,89.54,0
ALCYR0604RRH #16,28.00,89.54,0
ALCYR0604RRH #18,28.00,89.54,0
ALCYR0604RRH #20,28.00,89.54,0
ALCYR0604RRH #22,28.00,89.54,0
ALCYR0605RRH #10,29.00,92.74,0
ALCYR0605RRH #14,29.00,92.74,3
ALCYR0605RRH #16,29.00,92.74,0
ALCYR0605RRH #18,29.00,92.74,0
ALCYR0606RRH #12,31.00,99.14,3
ALCYR0606RRH #14,31.00,99.14,0
ALCYR0606RRH #20,31.00,99.14,0
ALCYR0606RRH #22,31.00,99.14,0
ALCYR0607RRH #12,40.00,127.92,0
ALCYR0607RRH #14,40.00,127.92,0
ALCYR0607RRH #16,40.00,127.92,0
ALCYR0607RRH #18,40.00,127.92,0
SET0055RRH #12,35.00,111.93,3
SET0055RRH #14,35.00,111.93,3
SET0055RRH #16,35.00,111.93,0
SET0055RRH #18,35.00,111.93,0
SET0055RRH #20,35.00,111.93,0
SET0055RRH #22,35.00,111.93,0
ALCYR0613RRH #14,36.00,115.13,0
ALCYR0613RRH #16,36.00,115.13,0
ALCYR0613RRH #18,36.00,115.13,0
ALCYR0613RRH #22,36.00,115.13,0
ALCYR0613RRH #20,36.00,115.13,0
ALCYR0613RRH #12,36.00,115.13,0
ALCYR0616RRH #10,34.00,108.73,3
ALCYR0616RRH #12,34.00,108.73,3
ALCYR0616RRH #14,34.00,108.73,0
ALCYR0616RRH #16,34.00,108.73,0
ALCYR0616RRH #18,34.00,108.73,0
ALCYR0617RRH #12,66.00,194.83,0
ALCYR0617RRH #13,66.00,194.83,0
ALCYR0617RRH #14,66.00,194.83,0
ALCYR0617RRH #15,66.00,194.83,0
ALCYR0617RRH #17,66.00,194.83,0
ALCYR0617RRH #18,66.00,194.83,0
ALCYR0617RRH #19,66.00,194.83,0
ALCYR0617RRH #20,66.00,194.83,0
CR0027RRH #9,77.00,227.30,3
CR0027RRH #10,77.00,227.30,0
CR0027RRH #12,77.00,227.30,3
CR0027RRH #16,77.00,227.30,0
CR0027RRH #14,136.00,334.56,0
ALCYR0618RRH #12,62.00,183.02,0
ALCYR0618RRH #14,62.00,183.02,0
ALCYR0618RRH #18,62.00,183.02,0
ALCYR0618RRH #20,62.00,183.02,0
ALCYR0618RRH #16,62.00,183.02,0
ALCYR0618RRH #13,62.00,183.02,0
ALBAG0021RRH #12,77.00,227.30,0
ALBAG0021RRH #14,77.00,227.30,3
ALBAG0021RRH #16,77.00,227.30,0
ALBAG0021RRH #18,77.00,227.30,0
ALBAG0021RRH #20,77.00,227.30,0
ALBAG0022RWRH #12,50.00,147.60,0
ALBAG0022RWRH #14,50.00,147.60,0
ALBAG0022RWRH #16,50.00,147.60,0
ALBAG0022RWRH #18,50.00,147.60,0
ALBAG0022RWRH #20,50.00,147.60,0
ALBAG0022RWRH #22,50.00,147.60,0
ALBAG0022RWRH #15,50.00,147.60,0
ALBAG0022RRRH #12,50.00,147.60,3
ALBAG0022RRRH #14,50.00,147.60,0
ALBAG0022RRRH #16,50.00,147.60,0
ALBAG0022RRRH #18,50.00,147.60,0
ALBAG0022RRRH #20,50.00,147.60,0
ALBAG0022RRRH #17,50.00,147.60,0
ALBAG0022RRRH #15,50.00,147.60,0
ALBAG0022RBRH #12,50.00,147.60,0
ALBAG0022RBRH #14,50.00,147.60,0
ALBAG0022RBRH #16,50.00,147.60,0
ALBAG0022RBRH #18,50.00,147.60,0
ALBAG0022RVRH #12,50.00,147.60,3
ALBAG0022RVRH #14,50.00,147.60,0
ALBAG0022RVRH #16,50.00,147.60,0
ALBAG0022RVRH #18,50.00,147.60,0
ALBAG0022RVRH #20,50.00,147.60,0
ALBAG0022RVRH #21,50.00,147.60,0
ALBAG0022RVRH #17,50.00,147.60,0
ALBAG0023RRH #15,36.00,115.13,0
ALBAG0023RRH #16,36.00,115.13,0
ALBAG0023RRH #18,36.00,115.13,0
ALBAG0023RRH #20,36.00,115.13,0
ALBAG0023RRH #21,36.00,115.13,0
ALBAG0024RRH #14,35.00,111.93,0
ALBAG0024RRH #15,35.00,111.93,3
ALBAG0024RRH #17,35.00,111.93,3
ALBAG0024RRH #19,35.00,111.93,0
ALBAG0024RRH #20,35.00,111.93,0
ALBAG0024RRH #21,35.00,111.93,0
ALCYR0595RRH #10,29.00,92.74,0
ALCYR0595RRH #12,29.00,92.74,0
ALCYR0595RRH #14,29.00,92.74,0
ALCYR0595RRH #16,29.00,92.74,0
ALCYR0595RRH #18,29.00,92.74,0
ALCYR0597RRH #12,65.00,191.88,0
ALCYR0597RRH #14,65.00,191.88,0
ALCYR0597RRH #16,65.00,191.88,0
ALCYR0597RRH #18,65.00,191.88,0
ALCYR0597RRH #20,65.00,191.88,0
ALCYR0597RRH #24,65.00,191.88,0
ALCYR0597RRH #17,65.00,191.88,0
ALCYR0597RRH #19,65.00,191.88,0
ALCYR0597RRH #21,65.00,191.88,0
ALCYR0597RRH #22,65.00,191.88,0
ALCYR0598RRH #11,35.00,111.93,0
ALCYR0598RRH #12,35.00,111.93,0
ALCYR0598RRH #15,35.00,111.93,0
ALCYR0598RRH #18,35.00,111.93,0
ALCYR0598RRH #20,35.00,111.93,0
ALCYR0603RRH #12,40.00,127.92,0
ALCYR0603RRH #14,40.00,127.92,0
ALCYR0603RRH #16,40.00,127.92,0
ALCYR0603RRH #18,40.00,127.92,0
ALCYR0611R #12,29.00,92.74,3
ALCYR0611R #14,29.00,92.74,3
ALCYR0611R #16,29.00,92.74,0
ALCYR0611R #18,29.00,92.74,0
ALCYR0611R #22,29.00,92.74,0
ALCYR0611R #20,29.00,92.74,0
ALCYR0612RW #12,42.00,123.98,0
ALCYR0612RW #14,42.00,123.98,0
ALCYR0612RW #16,42.00,123.98,0
ALCYR0612RW #18,42.00,123.98,0
ALCYR0612RB #12,42.00,123.98,0
ALCYR0612RB #14,42.00,123.98,0
ALCYR0612RV #12,42.00,123.98,3
ALCYR0612RV #14,42.00,123.98,0
ALCYR0612RV #16,42.00,123.98,0
ALCYR0612RV #18,42.00,123.98,0
ALCYR0612RR #12,42.00,123.98,0
ALCYR0612RR #14,42.00,123.98,0
ALCYR0612RR #16,42.00,123.98,0
ALCYR0612RR #18,42.00,123.98,0
ALCYR0615RRH #12,24.00,76.75,0
ALCYR0615RRH #14,24.00,76.75,0
ALCYR0615RRH #16,24.00,76.75,0
ALCYR0615RRH #18,24.00,76.75,0
ALCYR0615RRH #22,24.00,76.75,0
PAR1010G8K #15,276.00,611.06,0
PAR1010G8K #19,276.00,611.06,0
PAR1010G8K #18,429.00,897.04,0
PAR1010G8K #16,429.00,897.04,0
PAR1010G8K #14,429.00,897.04,0
PAR1010G8K #12,429.00,897.04,0
PAR1010G8K #11,429.00,897.04,0
PAR1010G8K #13,429.00,897.04,0
PAR1010G8K #17,429.00,897.04,0
PEARL0013K #6MM,53.00,156.46,3
ALCYR0404WPRH #12,50.00,147.60,3
ALCYR0404WPRH #13,50.00,147.60,0
ALCYR0404WPRH #14,50.00,147.60,0
ALCYR0405BPRH #12,54.00,159.41,0
ALCYR0405BPRH #13,54.00,159.41,0
ALCYR0405BPRH #14,54.00,159.41,0
ALCYR0405BPRH #16,54.00,159.41,0
ALCYR0405BPRH #22,54.00,159.41,0
R-1057 #16,43.00,126.94,0
R-1057 #18,43.00,126.94,0
R-1058 #18,43.00,126.94,0
R-1058 #16,43.00,126.94,0
R-1058 #14,43.00,126.94,0
R-1058 #12,43.00,126.94,3
R-1059 #12,43.00,126.94,0
R-1059 #14,43.00,126.94,0
R-1059 #16,43.00,126.94,0
R-1059 #18,43.00,126.94,0
R-1063 #19,53.00,156.46,0
R-1063 #21,53.00,156.46,0
R-1063 #22,53.00,156.46,0
R-1063 #24,53.00,156.46,0
R-1063 #26,53.00,156.46,0
R-1063 #20,86.00,232.72,0
R-1064 #24,79.00,233.21,0
R-1064 #23,79.00,233.21,0
R-1064 #21,79.00,233.21,0
R-1064 #19,79.00,233.21,0
R-1064 #26,79.00,233.21,0
R-1069 #19,86.00,232.72,0
R-1069 #21,86.00,232.72,0
R-1069 #24,86.00,232.72,0
R-1069 #26,86.00,232.72,0
R-1069 #20,86.00,232.72,0
R-1069 #22,109.00,294.95,0
ALDLX0054RH #12,83.00,224.60,0
ALDLX0054RH #13,83.00,224.60,0
ALDLX0054RH #14,83.00,224.60,0
ALDLX0054RH #16,83.00,224.60,0
ALDLX0054RH #17,83.00,224.60,0
ALDLX0054RH #18,83.00,224.60,0
ALDLX0054RH #19,83.00,224.60,0
ALDLX0054RH #20,83.00,224.60,0
R-1061 #14,36.00,115.13,0
R-1061 #16,36.00,115.13,0
R-1061 #18,36.00,115.13,0
R-1065 #22,61.00,180.07,0
R-1065 #19,61.00,180.07,3
R-1065 #16,61.00,180.07,3
R-1065 #14,61.00,180.07,3
R-1065 #12,61.00,180.07,3
R-1065 #18,61.00,180.07,0
SRAYA05708RH #14,30.00,95.94,0
SRAYA05708RH #16,30.00,95.94,0
SRAYA05708RH #18,30.00,95.94,0
SRAYA05709RH #13,35.00,111.93,0
SRAYA05709RH #14,35.00,111.93,0
SRAYA05709RH #15,35.00,111.93,0
SRAYA05709RH #16,35.00,111.93,0
SRAYA05709RH #17,35.00,111.93,0
SRAYA05709RH #18,35.00,111.93,0
SRAYA05709RH #20,35.00,111.93,0
SRAYA05709RH #21,35.00,111.93,0
ALCYR0483RRH #14,50.00,147.60,0
ALCYR0483RRH #20,50.00,147.60,0
ALCYR0483RRH #12,50.00,147.60,0
ALCYR0483RRH #19,50.00,147.60,0
ALCYR0483RRH #16,52.00,153.50,0
ALCYR0484RRH #12,47.00,138.74,0
ALCYR0484RRH #14,47.00,138.74,0
ALCYR0484RRH #16,47.00,138.74,0
ALCYR0485RH #13,38.00,121.52,0
ALCYR0485RH #14,38.00,121.52,0
ALCYR0485RH #15,38.00,121.52,0
ALCYR0485RH #16,38.00,121.52,0
ALCYR0485RH #18,38.00,121.52,0
ALCYR0485RH #20,38.00,121.52,0
ALCYR0485RH #21,38.00,121.52,0
ALCYR0485RH #12,38.00,121.52,0
R-1050 #12,29.00,92.74,0
R-1050 #14,29.00,92.74,0
R-1050 #16,29.00,92.74,0
R-1050 #18,29.00,92.74,0
R-1051 #10,34.00,108.73,3
R-1051 #12,34.00,108.73,3
R-1051 #14,34.00,108.73,3
R-1051 #16,34.00,108.73,3
R-1051 #18,34.00,108.73,3
R-1051 #20,34.00,108.73,3
R-1053 #10,35.00,111.93,0
R-1053 #12,35.00,111.93,3
R-1053 #14,35.00,111.93,0
R-1053 #16,35.00,111.93,0
R-1053 #18,35.00,111.93,0
R-1053 #20,35.00,111.93,0
R-1054 #12,52.00,153.50,3
R-1054 #14,52.00,153.50,3
R-1054 #16,52.00,153.50,3
R-1054 #18,52.00,153.50,3
R-1056 #12,42.00,123.98,3
R-1056 #14,42.00,123.98,3
R-1056 #16,42.00,123.98,3
R-1056 #18,42.00,123.98,3
R-1060 #12,36.00,115.13,3
R-1060 #14,36.00,115.13,3
R-1060 #16,36.00,115.13,3
R-1060 #18,36.00,115.13,3
NSR-0055 #10,25.00,79.95,0
NSR-0055 #12,25.00,79.95,0
NSR-0055 #14,25.00,79.95,0
NSR-0055 #16,25.00,79.95,0
NSR-0055 #18,25.00,79.95,0
NSR-0055 #20,25.00,79.95,0
ALCYR0720RRH #12,115.00,311.19,3
ALCYR0720RRH #14,115.00,311.19,3
ALCYR0720RRH #15,115.00,311.19,0
ALCYR0720RRH #17,115.00,311.19,0
ALCYR0720RRH #11,115.00,311.19,0
ALCYR0720RRH #16,115.00,311.19,0
ALCYR0721RRH #12,73.00,215.50,0
ALCYR0721RRH #13,73.00,215.50,0
ALCYR0721RRH #14,73.00,215.50,0
ALCYR0721RRH #15,73.00,215.50,0
ALCYR0721RRH #17,73.00,215.50,0
ALCYR0721RRH #20,73.00,215.50,0
ALCYR0721RRH #16,73.00,215.50,0
R-1066 #20,73.00,215.50,0
452R7620RH #10,35.00,111.93,0
452R7620RH #12,35.00,111.93,0
452R7620RH #14,35.00,111.93,0
452R7620RH #16,35.00,111.93,0
452R7620RH #18,35.00,111.93,0
452R7620RH #20,35.00,111.93,0
ALCYR0767RRH #12,73.00,215.50,0
ALCYR0767RRH #13,73.00,215.50,0
ALCYR0767RRH #15,73.00,215.50,0
ALCYR0767RRH #17,73.00,215.50,0
ALCYR0767RRH #20,73.00,215.50,0
PSR050 #17,163.00,360.88,0
PSR051 #17,186.00,411.80,0
PSR051 #10,186.00,411.80,0
PSR051 #12,186.00,411.80,0
ALCYR0752RRH #12,65.00,191.88,0
ALCYR0752RRH #14,65.00,191.88,0
ALCYR0752RRH #15,65.00,191.88,0
ALCYR0752RRH #17,65.00,191.88,0
ALCYR0752RRH #20,65.00,191.88,0
ALCYR0692RH #10,29.00,92.74,3
ALCYR0692RH #12,29.00,92.74,3
ALCYR0692RH #14,29.00,92.74,0
ALCYR0692RH #16,29.00,92.74,0
ALCYR0692RH #18,29.00,92.74,0
ALCYR0692RH #20,29.00,92.74,0
ALCYR0697RRH #10,29.00,92.74,0
ALCYR0697RRH #12,29.00,92.74,0
ALCYR0697RRH #16,29.00,92.74,0
ALCYR0697RRH #18,29.00,92.74,0
ALCYR0697RRH #20,29.00,92.74,0
ALCYR0708RRH #12,42.00,123.98,0
ALCYR0708RRH #13,42.00,123.98,0
ALCYR0708RRH #15,42.00,123.98,0
ALCYR0708RRH #16,42.00,123.98,3
ALCYR0708RRH #18,42.00,123.98,0
ALCYR0708RRH #20,42.00,123.98,0
ALCYR0711RRH #14,73.00,215.50,0
ALCYR0711RRH #15,73.00,215.50,0
ALCYR0711RRH #20,73.00,215.50,0
ALCYR0736R #14,58.00,171.22,3
ALCYR0736R #15,58.00,171.22,0
ALCYR0736R #18,58.00,171.22,0
ALCYR0736R #20,58.00,171.22,0
ALCYR0736R #12,58.00,171.22,0
ALCYR0738R #14,53.00,156.46,0
ALCYR0738R #16,53.00,156.46,0
ALCYR0738R #12,54.00,159.41,0
ALCYR0738R #18,54.00,159.41,0
ALCYR0758R #12,61.00,180.07,0
ALCYR0758R #13,61.00,180.07,0
ALCYR0758R #14,61.00,180.07,3
ALCYR0758R #18,61.00,180.07,0
ALCYR0758R #20,61.00,180.07,0
ALCYR0758R #23,61.00,180.07,0
ALCYR0761RRH #12,31.00,99.14,0
ALCYR0761RRH #14,31.00,99.14,0
ALCYR0761RRH #16,31.00,99.14,0
ALCYR0761RRH #18,31.00,99.14,0
ALCYR0761RRH #20,31.00,99.14,0
ALCYR0764RRH #12,28.00,89.54,0
ALCYR0764RRH #14,28.00,89.54,0
ALCYR0764RRH #16,28.00,89.54,0
ALCYR0764RRH #18,28.00,89.54,0
ALCYR0764RRH #20,28.00,89.54,0
ALCYR0765RRH #12,101.00,273.31,0
ALCYR0765RRH #14,101.00,273.31,0
ALCYR0765RRH #15,101.00,273.31,0
ALCYR0765RRH #17,101.00,273.31,0
ALCYR0765RRH #18,101.00,273.31,0
ALCYR0768RRH #12,50.00,147.60,0
ALCYR0768RRH #15,50.00,147.60,0
ALCYR0768RRH #17,50.00,147.60,0
ALCYR0768RRH #20,50.00,147.60,0
ALCYR0768RRH #21,50.00,147.60,0
ALCYR0620R #12,34.00,108.73,0
ALCYR0620R #14,34.00,108.73,0
ALCYR0620R #16,34.00,108.73,0
ALCYR0620R #18,34.00,108.73,0
ALKUL0019 #10,40.00,127.92,0
ALKUL0019 #12,40.00,127.92,0
ALKUL0019 #14,40.00,127.92,0
ALKUL0019 #16,40.00,127.92,0
ALKUL0019 #18,40.00,127.92,0
ALCYR0723R #11,29.00,92.74,0
ALCYR0723R #12,29.00,92.74,3
ALCYR0723R #13,29.00,92.74,0
ALCYR0723R #14,29.00,92.74,0
ALCYR0723R #15,29.00,92.74,0
ALCYR0723R #18,29.00,92.74,0
ALCYR0723R #19,29.00,92.74,0
ALCYR0723R #20,29.00,92.74,0
ALCYR0723R #21,29.00,92.74,0
ALSS0446R #12,23.00,73.55,0
ALSS0446R #16,23.00,73.55,0
ALSS0446R #11,23.00,73.55,0
ALSS0446R #15,23.00,73.55,0
ALSS0446R #17,23.00,73.55,0
ALSS0446R #18,23.00,73.55,0
ALSS0446R #21,23.00,73.55,0
ALSS0447R #14,52.00,153.50,0
ALSS0447R #17,52.00,153.50,0
ALSS0447R #18,52.00,153.50,0
ALSS0447R #20,52.00,153.50,0
ALCYR0769RRH #13,83.00,224.60,3
ALCYR0769RRH #14,83.00,224.60,0
ALCYR0769RRH #16,83.00,224.60,0
ALCYR0769RRH #17,83.00,224.60,0
ALCYR0769RRH #18,83.00,224.60,0
ALCYR0769RRH #19,83.00,224.60,0
ALCYR0769RRH #20,83.00,224.60,0
ALCYR0770RRH #9,73.00,215.50,0
ALCYR0770RRH #10,73.00,215.50,0
ALCYR0770RRH #12,73.00,215.50,0
ALCYR0773RRH #12,104.00,281.42,0
ALCYR0773RRH #14,104.00,281.42,0
ALCYR0773RRH #15,104.00,281.42,0
ALCYR0773RRH #17,104.00,281.42,0
ALCYR0773RRH #19,104.00,281.42,0
ALCYR0773RRH #20,104.00,281.42,0
ALCYR0773RRH #18,104.00,281.42,0
ALCYR0704RRH #13,109.00,294.95,3
ALCYR0704RRH #14,109.00,294.95,0
ALCYR0704RRH #15,109.00,294.95,0
ALCYR0704RRH #16,109.00,294.95,0
ALCYR0704RRH #17,109.00,294.95,0
ALCYR0704RRH #19,109.00,294.95,0
ALCYR0704RRH #21,109.00,294.95,0
ALCYR0704RRH #22,109.00,294.95,0
ALCYR0712RRH #11,89.00,240.83,0
ALCYR0712RRH #12,89.00,240.83,0
ALCYR0712RRH #15,89.00,240.83,0
ALCYR0712RRH #18,89.00,240.83,0
ALCYR0712RRH #20,89.00,240.83,0
ALCYR0712RRH #14,89.00,240.83,0
ALCYR0727RRH #12,56.00,165.31,0
ALCYR0727RRH #13,56.00,165.31,0
ALCYR0727RRH #15,56.00,165.31,0
ALCYR0727RRH #17,56.00,165.31,0
ALCYR0727RRH #18,56.00,165.31,0
ALCYR0727RRH #20,56.00,165.31,0
ALCYR0732RRH #12,83.00,224.60,0
ALCYR0732RRH #15,83.00,224.60,0
ALCYR0732RRH #16,83.00,224.60,0
ALCYR0732RRH #17,83.00,224.60,0
ALCYR0732RRH #18,83.00,224.60,0
ALCYR0732RRH #19,83.00,224.60,0
ALCYR0732RRH #20,83.00,224.60,0
ALCYR0732RRH #21,83.00,224.60,0
ALCYR0732RRH #11,83.00,224.60,0
ALCYR0732RRH #14,83.00,224.60,0
ALCYR0733RRH #12,65.00,191.88,0
ALCYR0733RRH #15,65.00,191.88,0
ALCYR0733RRH #17,65.00,191.88,0
ALCYR0733RRH #18,65.00,191.88,0
ALCYR0733RRH #20,65.00,191.88,0
ALCYR0733RRH #23,65.00,191.88,0
ALSS0452R #14,44.00,129.89,0
ALSS0452R #15,44.00,129.89,0
ALSS0452R #16,44.00,129.89,0
ALSS0452R #17,44.00,129.89,0
ALSS0452R #18,44.00,129.89,0
ALSS0452R #20,44.00,129.89,0
ALCYR0753RRH #13,94.00,254.36,0
ALCYR0753RRH #15,94.00,254.36,0
ALCYR0753RRH #16,94.00,254.36,0
ALCYR0753RRH #18,94.00,254.36,0
ALCYR0753RRH #20,94.00,254.36,0
ALCYR0756RRH #12,79.00,233.21,3
ALCYR0756RRH #13,79.00,233.21,0
ALCYR0756RRH #15,79.00,233.21,0
ALCYR0756RRH #16,79.00,233.21,0
ALCYR0756RRH #17,79.00,233.21,0
ALCYR0756RRH #20,79.00,233.21,0
ALCYR0771RRH #13,74.00,218.45,0
ALCYR0771RRH #15,74.00,218.45,0
ALCYR0771RRH #17,74.00,218.45,0
ALCYR0771RRH #18,74.00,218.45,0
ALCYR0771RRH #20,74.00,218.45,0
ALCYR0772RRH #13,121.00,327.43,0
ALCYR0772RRH #17,121.00,327.43,0
ALCYR0772RRH #20,121.00,327.43,0
ALCYR0772RRH #15,121.00,327.43,0
ALCYR0774RRH #12,92.00,248.95,0
ALCYR0774RRH #13,92.00,248.95,0
ALCYR0774RRH #15,92.00,248.95,0
ALCYR0774RRH #20,92.00,248.95,0
ALCYR0774RRH #23,92.00,248.95,0
ALCYR0651RRH #12,61.00,180.07,3
ALCYR0651RRH #14,61.00,180.07,0
ALCYR0651RRH #17,61.00,180.07,0
ALCYR0651RRH #20,61.00,180.07,0
ALCYR0700 #12,37.00,118.33,0
ALCYR0700 #14,37.00,118.33,0
ALCYR0700 #16,37.00,118.33,0
ALCYR0700 #18,37.00,118.33,0
ALCYR0713RRH #10,24.00,76.75,0
ALCYR0713RRH #12,24.00,76.75,0
ALCYR0713RRH #14,24.00,76.75,0
ALCYR0713RRH #16,24.00,76.75,0
ALCYR0713RRH #18,24.00,76.75,0
ALCYR0713RRH #20,24.00,76.75,0
ALCYR0714RRH #12,40.00,127.92,0
ALCYR0714RRH #14,40.00,127.92,0
ALCYR0714RRH #17,40.00,127.92,0
ALCYR0714RRH #20,40.00,127.92,0
ALCYR0717RRH #10,31.00,99.14,0
ALCYR0717RRH #12,31.00,99.14,0
ALCYR0717RRH #14,31.00,99.14,0
ALCYR0717RRH #16,31.00,99.14,0
ALCYR0717RRH #18,31.00,99.14,0
ALCYR0717RRH #20,31.00,99.14,0
ALCYR0718RRH #9,35.00,111.93,0
ALCYR0718RRH #12,35.00,111.93,0
ALCYR0718RRH #14,35.00,111.93,0
ALCYR0718RRH #15,35.00,111.93,0
ALCYR0718RRH #16,35.00,111.93,0
ALCYR0718RRH #17,35.00,111.93,0
ALCYR0718RRH #22,35.00,111.93,0
ALCYR0670R #12,28.00,89.54,0
ALCYR0670R #14,28.00,89.54,0
ALCYR0670R #16,28.00,89.54,0
ALCYR0670R #18,28.00,89.54,0
ALCYR0670R #13,28.00,89.54,0
ALCYR0670R #20,28.00,89.54,0
ALCYR0670R #21,28.00,89.54,0
ALSD0064R #12,24.00,76.75,0
ALSD0064R #14,24.00,76.75,0
ALSD0064R #16,24.00,76.75,0
ALSD0064R #18,24.00,76.75,0
ALCYR0740RRH #12,29.00,92.74,0
ALCYR0740RRH #14,29.00,92.74,0
ALCYR0740RRH #16,29.00,92.74,0
ALCYR0740RRH #18,29.00,92.74,0
ALCYR0741RRH #12,31.00,99.14,0
ALCYR0741RRH #15,31.00,99.14,0
ALCYR0741RRH #17,31.00,99.14,0
ALCYR0741RRH #20,31.00,99.14,0
SBKP003239 #11,58.00,171.22,0
SBKP003239 #15,58.00,171.22,0
SBKP003239 #17,58.00,171.22,0
SBKP003239 #19,58.00,171.22,0
SBKP003239 #21,58.00,171.22,0
SBKP003389 #12,58.00,171.22,0
SBKP003389 #15,58.00,171.22,0
SBKP003389 #16,58.00,171.22,0
SBKP003389 #18,58.00,171.22,0
SBKP003389 #21,58.00,171.22,0
SBKP003496 #14,30.00,95.94,0
SBKP003496 #16,30.00,95.94,0
SBKP003496 #18,30.00,95.94,0
SBKP003496 #20,30.00,95.94,0
SBKP003496 #21,30.00,95.94,0
AH4199RH #18,73.00,215.50,0
AH4199RH #17,73.00,215.50,3
AH4199RH #19,73.00,215.50,0
SBKP003265 #16,37.00,118.33,0
SBKP003265 #18,37.00,118.33,0
SBKP003265 #20,37.00,118.33,0
SBKP003265 #22,37.00,118.33,0
SBKP003265 #12,37.00,118.33,0
SBKP003227 #14,28.00,89.54,0
SBKP003227 #12,28.00,89.54,0
SBKP003227 #16,28.00,89.54,0
SBKP003227 #18,28.00,89.54,0
SBKP003227 #20,28.00,89.54,0
SBKP003227 #22,28.00,89.54,0
SBKP003227 #24,28.00,89.54,0
SBKP003394 #14,58.00,171.22,0
SBKP003394 #16,58.00,171.22,0
SBKP003394 #18,58.00,171.22,0
SBKP003394 #20,58.00,171.22,0
SBKP003394 #21,58.00,171.22,0
SBKP003335 #14,37.00,118.33,0
SBKP003335 #16,37.00,118.33,0
SBKP003335 #18,37.00,118.33,0
SBKP003335 #21,37.00,118.33,0
SBKP003335 #22,37.00,118.33,0
SBKP003423 #14,38.00,121.52,0
SBKP003423 #12,38.00,121.52,0
SBKP003423 #16,38.00,121.52,0
SBKP003423 #20,38.00,121.52,0
SBKP003423 #22,38.00,121.52,0
SBKP003398 #14,25.00,79.95,0
SBKP003398 #18,25.00,79.95,0
SBKP003398 #20,25.00,79.95,0
SBKP003398 #22,25.00,79.95,0
ALMP0002RH #12,179.00,396.31,3
ALMP0002RH #17,179.00,396.31,0
ALMP0002RH #18,179.00,396.31,0
ALMP0002RH #20,179.00,396.31,0
ALMP0002RH #22,179.00,396.31,0
ALCYR0776RRH #12,97.00,262.48,0
ALCYR0776RRH #14,97.00,262.48,0
ALCYR0776RRH #15,97.00,262.48,0
ALCYR0776RRH #17,97.00,262.48,0
ALCYR0776RRH #19,97.00,262.48,0
ALCYR0776RRH #20,97.00,262.48,0
ALCYR0779RRH #16,64.00,188.93,0
AR14128RH #12,60.00,177.12,0
AR14128RH #18,60.00,177.12,0
AR14128RH #14,60.00,177.12,0
AR14128RH #16,60.00,177.12,0
ROS0002RH #10,46.00,135.79,3
ROS0002RH #13,46.00,135.79,3
ROS0002RH #12,47.00,138.74,3
ROS0002RH #11,47.00,138.74,3
ROS0002RH #14,47.00,138.74,0
ROS0002RH #15,47.00,138.74,3
ROS0002RH #16,48.00,141.70,3
ROS0002RH #17,48.00,141.70,3
ROS0002RH #18,49.00,144.65,3
ROS0002RH #19,49.00,144.65,0
ROS0002RH #24,49.00,144.65,3
ROS0002RH #22,52.00,153.50,3
ROS0002RH #23,52.00,153.50,3
ROS0002RH #25,54.00,159.41,3
ROS0002RH #26,56.00,165.31,3
ROS0002RH #27,56.00,165.31,3
ROS0001Y #5,25.00,79.95,0
ROS0001Y #6,25.00,79.95,0
ROS0001Y #9,28.00,89.54,0
ROS0001Y #8,28.00,89.54,3
ROS0001Y #17,34.00,108.73,0
ROS0001Y #23,38.00,121.52,0
ROS0001Y #24,38.00,121.52,0
ROS0001Y #26,38.00,121.52,0
ROS0001Y #11,40.00,127.92,3
ROS0001Y #13,40.00,127.92,0
ROS0001Y #15,40.00,127.92,0
ROS0001Y #18,40.00,127.92,0
ROS0001Y #10,40.00,127.92,3
ROS0001Y #12,40.00,127.92,3
ROS0001Y #14,40.00,127.92,0
ROS0001Y #16,40.00,127.92,0
ROS0001Y #20,40.00,127.92,0
ROS0001Y #22,40.00,127.92,0
ROS0004YG #5,42.00,123.98,3
ROS0004YG #9,42.00,123.98,3
ROS0004YG #11,42.00,123.98,3
ROS0004YG #13,42.00,123.98,3
ROS0004YG #15,42.00,123.98,3
ROS0004YG #17,42.00,123.98,3
ROS0004YG #18,42.00,123.98,3
ROS0004YG #19,42.00,123.98,0
ROS0004YG #22,42.00,123.98,3
ROS0004YG #23,42.00,123.98,0
ROS0004YG #24,42.00,123.98,0
ROS0004YG #25,42.00,123.98,0
ROS0004YG #26,42.00,123.98,0
ROS0004YG #8,42.00,123.98,0
ROS0004YG #12,42.00,123.98,3
ROS0004YG #14,42.00,123.98,3
ROS0004YG #16,42.00,123.98,3
ROS0004YG #20,42.00,123.98,0
ROS0005Y #3,36.00,115.13,0
ROS0005Y #9,36.00,115.13,0
ROS0005Y #20,36.00,115.13,0
ROS0005Y #21,36.00,115.13,0
ROS0005Y #11,40.00,127.92,3
ROS0005Y #13,40.00,127.92,3
ROS0005Y #10,40.00,127.92,3
ROS0005Y #12,40.00,127.92,3
ROS0005Y #14,43.00,126.94,3
ROS0005Y #15,43.00,126.94,3
ROS0005Y #17,44.00,129.89,3
ROS0005Y #16,44.00,129.89,3
ROS0005Y #18,46.00,135.79,3
ROS0005Y #22,46.00,135.79,3
ROS0005Y #23,46.00,135.79,3
ROS0005Y #25,46.00,135.79,3
ROS0005Y #19,46.00,135.79,3
ROS0005Y #24,46.00,135.79,3
ROS0005Y #26,49.00,144.65,3
ROS0005Y #27,49.00,144.65,3
ROS0006RH #5,34.00,108.73,0
ROS0006RH #13,34.00,108.73,0
ROS0006RH #15,34.00,108.73,0
ROS0006RH #17,34.00,108.73,0
ROS0006RH #23,34.00,108.73,0
ROS0006RH #24,34.00,108.73,0
ROS0006RH #25,34.00,108.73,0
ROS0006RH #26,34.00,108.73,0
ROS0006RH #27,34.00,108.73,0
ROS0006RH #9,40.00,127.92,0
ROS0006RH #11,40.00,127.92,0
ROS0006RH #18,40.00,127.92,0
ROS0006RH #19,40.00,127.92,0
ROS0006RH #8,40.00,127.92,0
ROS0006RH #10,40.00,127.92,0
ROS0006RH #12,40.00,127.92,0
ROS0006RH #14,40.00,127.92,0
ROS0006RH #16,40.00,127.92,0
ROS0006RH #20,40.00,127.92,0
ROS0006RH #22,40.00,127.92,0
SL002BLRH #16,60.00,177.12,0
SL002BLRH #17,60.00,177.12,0
SL002BLRH #18,60.00,177.12,0
SL002BLRH #19,60.00,177.12,0
SL002BL #16,43.00,126.94,0
SL002BL #17,43.00,126.94,0
SL002BL #18,43.00,126.94,0
SL002BL #19,43.00,126.94,0
PAR0934RG14K #16,442.00,924.22,0
PAR0934RG14K #18,442.00,924.22,0
PAR0934RG14K #12,442.00,924.22,0
PAR0934RG14K #13,442.00,924.22,0
PAR0934RG14K #14,443.00,926.31,0
PAR1088RG14K #16,333.00,696.30,0
PAR1088RG14K #14,497.00,1039.23,3
PAR1088RG14K #19,497.00,1039.23,0
PAR1088RG14K #12,516.00,1078.96,0
PAR1088RG14K #18,516.00,1078.96,0
PAY0103RG14K #12,474.00,991.13,0
PAY0103RG14K #14,474.00,991.13,0
PAY0103RG14K #15,474.00,991.13,0
PAY0103RG14K #16,474.00,991.13,0
PAY0103RG14K #18,474.00,991.13,0
PAY0103RG14K #11,474.00,991.13,0
PAY0103RG14K #13,474.00,991.13,0
AZY0051RG14K #12,575.00,1202.33,0
AZY0051RG14K #14,653.00,1325.26,0
AZY0051RG14K #15,653.00,1325.26,0
AZY0051RG14K #16,653.00,1325.26,0
AZY0051RG14K #18,653.00,1325.26,0
AZY0051RG14K #11,653.00,1325.26,3
PAY0016RG14K #12,689.00,1398.33,0
PAY0016RG14K #14,689.00,1398.33,0
PAY0016RG14K #16,689.00,1398.33,0
PAY0016RG14K #18,689.00,1398.33,0
PAY0016RG14K #11,689.00,1398.33,0
PAY0016RG14K #13,689.00,1398.33,0
PAY0016RG14K #17,689.00,1398.33,3
PAY0003RG14K #12,554.00,1158.41,0
PAY0003RG14K #14,554.00,1158.41,0
PAY0003RG14K #16,554.00,1158.41,0
PAY0003RG14K #18,554.00,1158.41,0
PAY0007RG14K #18,576.00,1204.42,0
PAY0007RG14K #16,576.00,1204.42,0
PAY0007RG14K #12,576.00,1204.42,0
PAY0007RG14K #14,576.00,1204.42,0
PAY0007RG14K #11,576.00,1204.42,0
PAR0794RG14K #12,558.00,1166.78,0
PAR0794RG14K #14,558.00,1166.78,0
PAR0794RG14K #16,558.00,1166.78,0
PAR0794RG14K #18,558.00,1166.78,0
PAR0794RG14K #11,558.00,1166.78,0
PAR0794RG14K #13,558.00,1166.78,0
PAR0777RG14K #15,330.00,690.03,0
PAR0777RG14K #17,463.00,968.13,0
PAR0777RG14K #18,463.00,968.13,0
PAR0777RG14K #14,463.00,968.13,0
PAR0777RG14K #12,463.00,968.13,0
PAR0777RG14K #16,463.00,968.13,0
PAY0130RG14K #18,640.00,1338.24,0
PAY0130RG14K #12,640.00,1338.24,0
PAY0130RG14K #14,640.00,1338.24,0
PAY0130RG14K #16,640.00,1338.24,0
PAY0130RG14K #13,640.00,1338.24,0
AZY0197RG14K #14,295.00,653.13,0
AZY0197RG14K #12,372.00,777.85,0
AZY0197RG14K #16,372.00,777.85,0
AZY0197RG14K #18,372.00,777.85,0
PAY0019RG14K #14,496.00,1037.14,0
PAY0019RG14K #16,496.00,1037.14,0
PAY0019RG14K #12,510.00,1066.41,0
PAY0019RG14K #18,510.00,1066.41,0
PAY0019RG14K #15,510.00,1066.41,0
PAY0009RG14K #12,471.00,984.86,0
PAY0009RG14K #14,496.00,1037.14,3
PAY0009RG14K #16,496.00,1037.14,0
PAY0009RG14K #18,496.00,1037.14,0
PAY0009RG14K #19,496.00,1037.14,0
PAY0070RG14K #12,524.00,1095.68,0
PAY0070RG14K #14,524.00,1095.68,0
PAY0070RG14K #16,524.00,1095.68,0
PAY0070RG14K #18,524.00,1095.68,0
PAY0070RG14K #11,524.00,1095.68,0
SL001LITTLE #17CM,77.00,227.30,3
SL001LITTLE #18CM,80.00,236.16,0
SL001LITTLE #19CM,83.00,224.60,3
SL001LITTLE #16CM,84.00,227.30,0
SL001LITTLE #20CM,84.00,227.30,0
ALDLX0007RRH #14,100.00,270.60,0
ALDLX0007RRH #16,100.00,270.60,0
ALDLX0007RRH #18,100.00,270.60,0
ALDLX0007RY #12,91.00,246.25,0
ALDLX0007RY #14,91.00,246.25,0
ALDLX0007RY #16,91.00,246.25,0
SL006 #19CM,158.00,388.68,3
SL007 #20CM,156.00,383.76,0
B184 #19CM,166.00,367.52,3
B186 #19CM,188.00,416.23,0
HR-0346RW #12,42.00,123.98,0
HR-0346RW #14,42.00,123.98,0
HR-0346RW #16,42.00,123.98,3
HR-0346RW #18,42.00,123.98,0
KGDOC406L #50,854.00,1733.19,0
KGDOC406L #45,873.00,1771.75,3
KGDOC406L #55,1056.00,2078.21,3
R19372 #14,35.00,111.93,3
R19372 #12,35.00,111.93,3
R19372 #16,35.00,111.93,3
R19372 #18,35.00,111.93,3
R19387 #14,26.00,83.15,0
R19387 #12,26.00,83.15,0
R19387 #16,26.00,83.15,0
R19387 #18,26.00,83.15,0
ALCYR0824RRH #12,145.00,356.70,0
ALCYR0824RRH #17,145.00,356.70,0
ALCYR0824RRH #18,145.00,356.70,0
ALCYR0824RRH #20,145.00,356.70,0
ALCYR0824RRH #23,145.00,356.70,0
ALSS0379 #11,77.00,227.30,3
ALSS0379 #13,77.00,227.30,3
ALSS0379 #16,77.00,227.30,3
ALSS0379 #15,77.00,227.30,3
ALSS0379 #18,77.00,227.30,0
ALSS0379 #19,77.00,227.30,0
ALSS0379 #20,77.00,227.30,0
ALCYR0821RRH #12,60.00,177.12,3
ALCYR0821RRH #14,60.00,177.12,3
ALCYR0821RRH #16,60.00,177.12,0
ALCYR0821RRH #18,60.00,177.12,0
ALCYR0821RRH #20,60.00,177.12,0
ALCYR0825RRH #12,41.00,121.03,0
ALCYR0825RRH #13,41.00,121.03,0
ALCYR0825RRH #16,41.00,121.03,0
ALCYR0825RRH #17,41.00,121.03,0
ALCYR0825RRH #18,41.00,121.03,0
ALCYR0825RRH #19,41.00,121.03,0
ALCYR0825RRH #20,41.00,121.03,0
ALCYR0798R #16,28.00,89.54,0
ALCYR0798R #14,28.00,89.54,0
ALCYR0798R #10,28.00,89.54,3
R18998 #14,73.00,215.50,0
R18998 #12,73.00,215.50,0
R18998 #16,73.00,215.50,0
R18998 #18,73.00,215.50,0
R19894 #14,47.00,138.74,3
R19894 #12,47.00,138.74,3
R19894 #16,47.00,138.74,0
R19894 #18,47.00,138.74,0
R20550 #12,40.00,127.92,0
R20550 #14,40.00,127.92,0
R20550 #16,40.00,127.92,0
R20550 #18,40.00,127.92,3
ALCYR0775RRH # 12,62.00,183.02,0
ALCYR0775RRH # 14,62.00,183.02,0
ALCYR0775RRH # 15,62.00,183.02,0
ALCYR0775RRH # 17,62.00,183.02,0
ALCYR0775RRH # 20,62.00,183.02,0
ALCYR0775RRH # 18,62.00,183.02,0
ALCYR0799R #14,52.00,153.50,0
ALCYR0799R #15,52.00,153.50,0
ALCYR0799R #16,52.00,153.50,0
ALCYR0799R #18,52.00,153.50,0
ALCYR0799R #20,52.00,153.50,0
ALCYR0799R #19,52.00,153.50,0
ALCYR0820RRH #18,58.00,171.22,0
R19373 #14,23.00,73.55,3
R19373 #12,23.00,73.55,3
R19373 #16,23.00,73.55,3
R19373 #18,23.00,73.55,3
R19374 #12,23.00,73.55,0
R19374 #14,23.00,73.55,0
R19374 #16,23.00,73.55,0
R19374 #18,23.00,73.55,3
R20123 #14,24.00,76.75,3
R20123 #12,24.00,76.75,0
R20123 #16,24.00,76.75,3
R20123 #18,24.00,76.75,0
R12181 #14,13.00,49.57,0
R12181 #16,13.00,49.57,0
R12181 #18,13.00,49.57,0
R12181 #12,13.00,49.57,0
R20119 #12,31.00,99.14,0
R20119 #14,34.00,108.73,3
R20119 #16,34.00,108.73,0
R20119 #18,34.00,108.73,0
R21207 #14,29.00,92.74,0
R21207 #12,29.00,92.74,0
R21207 #16,29.00,92.74,0
R21207 #18,29.00,92.74,0
R21206 #14,38.00,121.52,0
R21206 #12,38.00,121.52,0
R21206 #16,38.00,121.52,0
R21206 #18,38.00,121.52,0
R16688 #14,34.00,108.73,0
R16688 #12,34.00,108.73,0
R16688 #16,34.00,108.73,0
R16688 #18,34.00,108.73,0
ALCYR0822RRH #14,23.00,73.55,0
ALCYR0822RRH #18,23.00,73.55,0
ALCYR0822RRH #20,23.00,73.55,0
R19157 #14,29.00,92.74,3
R19157 #12,29.00,92.74,3
R19157 #16,29.00,92.74,3
R19157 #18,29.00,92.74,3
R19767 #12,31.00,99.14,0
R19767 #14,31.00,99.14,0
R19767 #16,31.00,99.14,0
R19767 #18,31.00,99.14,0
R21208 #14,34.00,108.73,0
R21208 #12,34.00,108.73,0
R21208 #16,34.00,108.73,0
R21208 #18,34.00,108.73,0
R20879 #14,29.00,92.74,3
R20879 #12,29.00,92.74,0
R20879 #16,29.00,92.74,0
R20879 #18,29.00,92.74,0
R19371-2 #12,25.00,79.95,0
R19371-2 #14,25.00,79.95,3
R19371-2 #16,25.00,79.95,0
R19371-2 #18,25.00,79.95,0
R19371-1 #14,28.00,89.54,3
R19371-1 #12,28.00,89.54,3
R19371-1 #16,28.00,89.54,0
R19371-1 #18,28.00,89.54,0
R20590 #14,28.00,89.54,3
R20590 #12,28.00,89.54,3
R20590 #16,28.00,89.54,3
R20590 #18,28.00,89.54,3
R20553 #14,54.00,159.41,0
R20553 #12,54.00,159.41,0
R20553 #16,54.00,159.41,0
R20553 #18,54.00,159.41,3
R20859 #14,25.00,79.95,3
R20859 #12,25.00,79.95,3
R20859 #16,25.00,79.95,3
R20859 #18,25.00,79.95,3
R20533 #14,29.00,92.74,0
R20533 #12,29.00,92.74,0
R20533 #16,29.00,92.74,0
R20533 #18,29.00,92.74,0
R20535 #14,42.00,123.98,0
R20535 #12,42.00,123.98,0
R20535 #18,42.00,123.98,0
R20535 #16,42.00,123.98,0
R20540 #14,40.00,127.92,0
R20540 #12,40.00,127.92,0
R20540 #16,40.00,127.92,0
R20540 #18,40.00,127.92,0
AR4767RHW #12,25.00,79.95,0
AR4767RHW #14,25.00,79.95,0
AR4767RHW #18,25.00,79.95,0
AR4767RHW #16,26.00,83.15,3
AR4767RHB #12,25.00,79.95,0
AR4767RHB #16,25.00,79.95,0
AR4767RHB #14,26.00,83.15,3
AR4767RHB #18,26.00,83.15,3
AR4767RHS #14,25.00,79.95,0
AR4767RHS #16,25.00,79.95,0
AR4767RHS #12,26.00,83.15,3
AR4767RHS #18,28.00,89.54,0
ALCYR0735RRH #12,47.00,138.74,0
ALCYR0735RRH #13,47.00,138.74,0
ALCYR0735RRH #14,47.00,138.74,0
ALCYR0735RRH #15,47.00,138.74,0
ALCYR0735RRH #16,47.00,138.74,0
ALCYR0735RRH #17,47.00,138.74,0
ALCYR0735RRH #18,47.00,138.74,0
ALCYR0735RRH #20,47.00,138.74,0
PEARL0014RRH #13,40.00,127.92,3
PEARL0014RRH #14,40.00,127.92,0
PEARL0014RRH #15,40.00,127.92,3
PEARL0014RRH #16,40.00,127.92,0
PEARL0014RRH #17,40.00,127.92,3
PEARL0014RRH #18,40.00,127.92,3
PEARL0014RRH #20,40.00,127.92,0
PEARL0014RRH #21,40.00,127.92,0
ALCYR0691RRH #12,26.00,83.15,3
ALCYR0691RRH #14,26.00,83.15,3
ALCYR0691RRH #16,26.00,83.15,3
ALCYR0691RRH #18,26.00,83.15,0
ALCYR0719RRH #12,95.00,257.07,0
ALCYR0719RRH #14,95.00,257.07,0
ALCYR0719RRH #15,95.00,257.07,0
ALCYR0719RRH #18,95.00,257.07,0
ALCYR0719RRH #20,95.00,257.07,0
ALCYR0719RRH #23,95.00,257.07,0
ALCYR0731RRH #12,47.00,138.74,0
ALCYR0731RRH #14,47.00,138.74,0
ALCYR0731RRH #16,47.00,138.74,0
ALCYR0731RRH #18,47.00,138.74,3
ALCYR0731RRH #20,47.00,138.74,0
ALCYR0763RRH #12,64.00,188.93,0
ALCYR0763RRH #13,64.00,188.93,0
ALCYR0763RRH #15,64.00,188.93,0
ALCYR0763RRH #16,64.00,188.93,0
ALCYR0763RRH #17,64.00,188.93,0
ALCYR0763RRH #20,64.00,188.93,0
ALCYR0763RRH #14,64.00,188.93,0
ALCYR0763RRH #18,64.00,188.93,0
ALCYR0722R #12,44.00,129.89,0
ALCYR0722R #14,44.00,129.89,0
ALCYR0722R #15,44.00,129.89,0
ALCYR0722R #17,44.00,129.89,0
ALCYR0722R #18,44.00,129.89,0
ALCYR0722R #19,44.00,129.89,0
ALCYR0722R #20,44.00,129.89,0
ALCYR0759R #15,54.00,159.41,0
ALCYR0759R #18,54.00,159.41,0
ALCYR0759R #20,54.00,159.41,0
ALCYR0759R #12,54.00,159.41,0
ALCYR0759R #10,54.00,159.41,0
ALCYR0760R #12,56.00,165.31,0
ALCYR0760R #15,56.00,165.31,0
ALCYR0760R #17,56.00,165.31,0
ALCYR0760R #20,56.00,165.31,0
ALCYR0760R #22,56.00,165.31,0
ALCYR0760R #23,56.00,165.31,0
ALCYR0760R #13,56.00,165.31,0
ALCYR0760R #18,56.00,165.31,0
ALCYR0642RRH #6,35.00,111.93,0
ALCYR0642RRH #7,35.00,111.93,3
ALCYR0642RRH #8,35.00,111.93,3
ALCYR0642RRH #9,35.00,111.93,3
ALCYR0642RRH #10,35.00,111.93,3
ALCYR0642RRH #12,35.00,111.93,0
ALSD0062R #12,26.00,83.15,0
ALSD0062R #16,26.00,83.15,0
ALSD0062R #17,26.00,83.15,0
ALSD0062R #18,26.00,83.15,0
ALCYR0663RRH #12,31.00,99.14,0
ALCYR0663RRH #14,31.00,99.14,0
ALCYR0663RRH #16,31.00,99.14,0
ALCYR0663RRH #18,31.00,99.14,0
ALCYR0754RRH #12,53.00,156.46,0
ALCYR0754RRH #13,53.00,156.46,0
ALCYR0754RRH #16,53.00,156.46,0
ALCYR0754RRH #17,53.00,156.46,0
ALCYR0754RRH #18,53.00,156.46,0
ALCYR0754RRH #20,53.00,156.46,0
ALCYR0656RRH #12,28.00,89.54,0
ALCYR0656RRH #14,28.00,89.54,0
ALCYR0656RRH #16,28.00,89.54,0
ALCYR0656RRH #18,28.00,89.54,0
ALCYR0656RRH #20,28.00,89.54,0
ALCYR0657RRH #13,52.00,153.50,0
ALCYR0657RRH #17,52.00,153.50,0
ALCYR0657RRH #18,52.00,153.50,0
ALCYR0657RRH #21,52.00,153.50,0
ALCYR0693RH #12,34.00,108.73,0
ALCYR0693RH #15,34.00,108.73,0
ALCYR0693RH #17,34.00,108.73,0
ALCYR0693RH #20,34.00,108.73,0
ALCYR0755RRH #16,83.00,224.60,0
ALCYR0755RRH #17,83.00,224.60,0
ALCYR0755RRH #18,83.00,224.60,0
ALCYR0755RRH #20,83.00,224.60,3
ALCYR0755RRH #22,83.00,224.60,0
ALCYR0636RRH #14,53.00,156.46,0
ALCYR0636RRH #15,53.00,156.46,0
ALCYR0636RRH #16,53.00,156.46,0
ALCYR0636RRH #18,53.00,156.46,0
ALCYR0636RRH #19,53.00,156.46,0
ALCYR0636RRH #21,53.00,156.46,3
ALCYR0788RRH #11,79.00,233.21,0
ALCYR0788RRH #12,79.00,233.21,0
ALCYR0788RRH #15,79.00,233.21,0
ALCYR0788RRH #17,79.00,233.21,0
ALCYR0787RRH #12,71.00,209.59,0
ALCYR0787RRH #20,71.00,209.59,0
ALCYR0787RRH #22,71.00,209.59,0
ALCYR0787RRH #23,71.00,209.59,0
ALSS0383R #12,13.00,49.57,0
ALSS0383R #14,13.00,49.57,0
ALSS0383R #18,13.00,49.57,0
ALSS0383R #20,13.00,49.57,0
ALCYR0782 #11,28.00,89.54,0
ALCYR0782 #12,28.00,89.54,0
ALCYR0782 #14,28.00,89.54,0
ALBAG0025R #12,26.00,83.15,0
ALBAG0025R #14,26.00,83.15,0
ALBAG0025R #16,26.00,83.15,0
ALBAG0025R #18,26.00,83.15,0
ALBAG0027R #12,24.00,76.75,0
ALBAG0027R #14,24.00,76.75,0
ALBAG0027R #16,24.00,76.75,0
ALBAG0027R #18,24.00,76.75,0
ALCYR0622R #12,20.00,63.96,0
ALCYR0622R #15,20.00,63.96,0
ALCYR0622R #17,20.00,63.96,0
ALCYR0622R #20,20.00,63.96,0
ALBAG0026R #12,23.00,73.55,0
ALBAG0026R #14,23.00,73.55,0
ALBAG0026R #16,23.00,73.55,0
ALBAG0026R #18,23.00,73.55,0
ALSS0467R #12,24.00,76.75,3
ALSS0467R #14,24.00,76.75,3
ALSS0467R #16,24.00,76.75,3
ALSS0467R #18,24.00,76.75,0
ALCYR0638R #12,29.00,92.74,3
ALCYR0638R #14,29.00,92.74,0
ALCYR0638R #15,29.00,92.74,0
ALCYR0638R #17,29.00,92.74,0
ALCYR0638R #20,29.00,92.74,0
ALCYR0639R #12,29.00,92.74,0
ALCYR0639R #14,29.00,92.74,0
ALCYR0639R #15,29.00,92.74,0
ALCYR0639R #17,29.00,92.74,0
ALCYR0639R #20,29.00,92.74,0
ALCYR0637R #12,42.00,123.98,0
ALCYR0637R #14,42.00,123.98,0
ALCYR0637R #15,42.00,123.98,0
ALCYR0637R #17,42.00,123.98,0
ALCYR0637R #20,42.00,123.98,0
R-1070 #12,58.00,171.22,0
R-1070 #14,58.00,171.22,0
R-1070 #18,58.00,171.22,0
R-1070 #20,58.00,171.22,0
ALCYR0780 #15,26.00,83.15,0
ALCYR0780 #16,26.00,83.15,0
ALCYR0780 #17,26.00,83.15,0
ALCYR0780 #20,26.00,83.15,0
ALCYR0783 #9,54.00,159.41,0
ALCYR0783 #14,54.00,159.41,0
ALCYR0783 #17,54.00,159.41,0
ALCYR0783 #20,54.00,159.41,0
ALCYR0781 #12,37.00,118.33,0
ALCYR0781 #16,37.00,118.33,0
ALCYR0635RRH #12,25.00,79.95,0
ALCYR0635RRH #14,25.00,79.95,0
ALCYR0635RRH #17,25.00,79.95,0
ALCYR0635RRH #19,25.00,79.95,0
ZOD003RH #BARAN,26.00,83.15,3
ZOD003RH #BLIŹNIĘTA,26.00,83.15,3
ZOD003RH #PANNA,26.00,83.15,3
ZOD003RH #WAGA,26.00,83.15,3
ZOD003RH #BYK,26.00,83.15,3
ZOD003RH #KOZIOROŻEC,26.00,83.15,3
ZOD003RH #LEW,26.00,83.15,3
ZOD003RH #RYBY,26.00,83.15,3
ZOD003RH#SKORPION,26.00,83.15,3
ZOD003RH #STRZELEC,26.00,83.15,3
ZOD003RH #WODNIK,26.00,83.15,3
ZOD003RH #RAK,26.00,83.15,3
ALCYR0789RRH #15,48.00,141.70,0
ALCYR0789RRH #17,48.00,141.70,0
ALCYR0789RRH #20,48.00,141.70,0
ALCYR0789RRH #22,48.00,141.70,0
ZOD002 #BARAN,10.00,38.13,0
ZOD002 #BLIŹNIĘTA,10.00,38.13,0
ZOD002 #KOZIOROŻEC,10.00,38.13,0
ZOD002 #STRZELEC,10.00,38.13,0
ZOD002 #SKORPION,10.00,38.13,3
ZOD002 #BYK,10.00,38.13,0
ZOD002 #PANNA,10.00,38.13,0
ZOD002 #LEW,10.00,38.13,0
ZOD002 #RYBY,10.00,38.13,0
ZOD002 #WAGA,10.00,38.13,0
ZOD002 #RAK,10.00,38.13,0
ZOD002 #WODNIK,11.00,41.94,0
ALCYR0630RRH #12,36.00,115.13,3
ALCYR0630RRH #14,36.00,115.13,0
ALCYR0630RRH #17,36.00,115.13,0
ALCYR0630RRH #20,36.00,115.13,0
1RI50374W #12,18.00,57.56,0
1RI50374W #16,18.00,57.56,0
1RI50374W #18,18.00,57.56,0
1RI50374W #7,18.00,57.56,3
1RI50374W #9,18.00,57.56,3
1RI50374W #14,22.00,70.36,0
ALCYR0640RRH #11,31.00,99.14,0
ALCYR0640RRH #12,31.00,99.14,0
ALCYR0640RRH #14,31.00,99.14,0
ALCYR0640RRH #16,31.00,99.14,0
ALCYR0640RRH #17,31.00,99.14,0
ALCYR0640RRH #18,31.00,99.14,0
ALCYR0640RRH #19,31.00,99.14,0
ALCYR0640RRH #20,31.00,99.14,0
ALCYR0640RRH #13,31.00,99.14,0
ALCYR0640RRH #21,31.00,99.14,0
ALCYR0609RRH #10,29.00,92.74,0
ALCYR0609RRH #12,29.00,92.74,0
ALCYR0609RRH #14,29.00,92.74,0
ALCYR0609RRH #16,29.00,92.74,0
ALCYR0609RRH #18,29.00,92.74,0
ALCYR0828R #12,34.00,108.73,0
ALCYR0828R #14,34.00,108.73,0
ALCYR0828R #16,34.00,108.73,0
ALCYR0828R #18,34.00,108.73,0
ALCYR0829R #10,35.00,111.93,0
ALCYR0829R #12,35.00,111.93,0
ALCYR0829R #14,35.00,111.93,0
ALCYR0829R #16,35.00,111.93,0
ALCYR0829R #18,35.00,111.93,0
ALCYR0830R #12,29.00,92.74,0
ALCYR0830R #14,29.00,92.74,0
ALCYR0830R #16,29.00,92.74,0
ALCYR0830R #18,29.00,92.74,0
ALBAG0029RRH #12,70.00,206.64,0
ALBAG0029RRH #16,70.00,206.64,0
ALBAG0029RRH #18,70.00,206.64,0
CP003 #20,144.00,354.24,3
CP003 #19,144.00,354.24,0
CP003 #21,144.00,354.24,3
BRACELET40 #19,170.00,376.38,0
BRACELET40 #20,175.00,387.45,0
BRACELET40 #21,193.00,427.30,0
BRACELET40 #22,193.00,427.30,0
AH4482 #19,184.00,407.38,3
AH4482 #20,210.00,464.94,3
KRR2014K# 45CM,218.00,482.65,0
KRR2014K# 42CM,218.00,482.65,0
KRR2014K# 50CM,218.00,482.65,0
KRR2014K# 55CM,218.00,482.65,0
BO2014K #45CM,198.00,438.37,0
BO2014K #42CM,198.00,438.37,0
BO2014K #55CM,198.00,438.37,0
BO2014K #50CM,198.00,438.37,0
KR2014K #45CM,242.00,535.79,0
KR2014K #42CM,242.00,535.79,0
KR2014K #55CM,242.00,535.79,0
KR2014K #50CM,242.00,535.79,0
KVD0814K #45CM,311.00,688.55,0
KVD0814K #42CM,311.00,688.55,0
KVD0814K #50CM,311.00,688.55,0
KVD0814K #55CM,311.00,688.55,0
CHB004 #19,18.00,57.56,0
CHB005 #19,24.00,76.75,0
ALCYR0837RRH #9,16.00,61.01,0
ALCYR0837RRH #20,16.00,61.01,3
ALCYR0837RRH #12,16.00,61.01,3
ALCYR0837RRH #16,16.00,61.01,0
ALCYR0837RRH #17,16.00,61.01,0
ALCYR0837RRH #18,16.00,61.01,0
SET-1634R #12,37.00,118.33,3
SET-1634R #14,37.00,118.33,3
SET-1634R #16,37.00,118.33,3
PR-498 #12,30.00,95.94,0
PR-498 #14,30.00,95.94,0
PR-498 #16,30.00,95.94,0
SET-1637R #12,47.00,138.74,3
SET-1637R #14,47.00,138.74,0
SET-1637R #16,47.00,138.74,0
SET-1579R #12,58.00,171.22,3
SET-1579R #14,58.00,171.22,3
SET-1579R #16,58.00,171.22,3
PR-644 #12,67.00,197.78,3
PR-644 #14,67.00,197.78,3
PR-644 #16,67.00,197.78,3
SET-1607R #12,54.00,159.41,3
SET-1607R #14,54.00,159.41,3
SET-1607R #16,54.00,159.41,3
SET-1483R #14,44.00,129.89,3
SET-1483R #16,44.00,129.89,3
SET-1483R #12,44.00,129.89,3
SET-1618R #14,42.00,123.98,3
SET-1618R #16,42.00,123.98,0
SET-1618R #12,42.00,123.98,3
HSR-1015 #12,40.00,127.92,3
HSR-1015 #14,40.00,127.92,3
HSR-1015 #16,40.00,127.92,3
PR-152 #12,43.00,126.94,3
PR-152 #14,43.00,126.94,0
PR-152 #16,43.00,126.94,0
PR-153 #12,41.00,121.03,0
PR-153 #14,41.00,121.03,0
PR-153 #16,41.00,121.03,0
SET-1485R #16,70.00,206.64,3
SET-1485R #12,70.00,206.64,3
SET-1485R #14,70.00,206.64,3
SET-1485R #18,70.00,206.64,0
KFDR198K #19,66.00,194.83,3
KFDR198K #40,104.00,281.42,0
KFDR198K #42,106.00,286.84,3
KFDR198K #45,111.00,300.37,3
KFDR198K #50,122.00,300.12,3
KFDR198K #55,128.00,314.88,0
CITYRING01 #17,43.00,126.94,3
AS7083 #14,70.00,206.64,3
AS7083 #12,71.00,209.59,3
AS7083 #16,73.00,215.50,3
AS7083 #18,73.00,215.50,3
AS7082 #12,73.00,215.50,0
AS7082 #16,73.00,215.50,0
AS7082 #18,73.00,215.50,0
AS7082 #14,74.00,218.45,0
ŁBEAD1008L14K #18,268.00,593.35,0
ŁBEAD1008L14K #42,583.00,1219.05,3
ŁBEAD1008L14K #45,615.00,1285.97,3
ŁBEAD1008L14K #50,674.00,1367.88,3
17643R #14,76.00,224.35,0
17643R #16,76.00,224.35,0
17643R #18,76.00,224.35,0
17643R #20,76.00,224.35,0
17643R #12,76.00,224.35,0
19524R #14,60.00,177.12,0
19524R #16,60.00,177.12,0
19524R #18,60.00,177.12,0
19524R #20,60.00,177.12,0
17478R #14,107.00,289.54,0
17478R #16,107.00,289.54,0
17478R #18,107.00,289.54,0
17478R #20,107.00,289.54,0
17478R #12,107.00,289.54,0
SL008 #18CM,174.00,385.24,0
SL008 #19CM,174.00,385.24,0
SL008 #20CM,174.00,385.24,0
18033R #14,176.00,389.66,0
18033R #16,176.00,389.66,0
18033R #18,176.00,389.66,0
18033R #20,176.00,389.66,0
18033R #12,176.00,389.66,0
17644R #14,114.00,308.48,0
17644R #16,114.00,308.48,0
17644R #18,114.00,308.48,0
17644R #20,114.00,308.48,0
17644R #12,114.00,308.48,0
19006R #14,104.00,281.42,0
19006R #20,104.00,281.42,0
19006R #16,104.00,281.42,0
19006R #18,104.00,281.42,0
PAR1038G8K #11,230.00,509.22,0
PAR1038G8K #13,230.00,509.22,0
PAR1038G8K #17,230.00,509.22,0
PAR1038G8K #19,230.00,509.22,0
PAR1038G8K #12,351.00,733.94,0
PAR1038G8K #14,351.00,733.94,0
PAR1038G8K #16,351.00,733.94,0
PAR1038G8K #18,351.00,733.94,0
PAR1047G8K #11,206.00,456.08,0
PAR1047G8K #13,206.00,456.08,0
PAR1047G8K #18,316.00,699.62,0
PAR1047G8K #16,316.00,699.62,0
PAR1047G8K #14,316.00,699.62,0
PAR1047G8K #12,316.00,699.62,0
PAR1047G8K #17,316.00,699.62,0
PAR1047G8K #19,316.00,699.62,0
PAR1069G8K #12,170.00,376.38,0
PAR1069G8K #14,170.00,376.38,0
PAR1069G8K #18,170.00,376.38,0
PAR1069G8K #19,210.00,464.94,0
PAR1069G8K #16,267.00,591.14,0
PAR1069G8K #17,267.00,591.14,0
PAR1069G8K #11,303.00,670.84,0
PAR1069G8K #13,303.00,670.84,0
PAR1069G8K #15,303.00,670.84,0
OBR002G8K #15,351.00,733.94,0
OBR002G8K #16,351.00,733.94,0
OBR002G8K #12,393.00,821.76,0
OBR002G8K #19,393.00,821.76,0
OBR002G8K #20,393.00,821.76,0
OBR001G8K #12,440.00,920.04,0
OBR001G8K #15,440.00,920.04,0
OBR001G8K #16,440.00,920.04,0
OBR001G8K #18,440.00,920.04,0
OBR001G8K #20,440.00,920.04,0
OBR001G8K #14,440.00,920.04,0
OBR001G8K #19,440.00,920.04,0
OBR001G8K #13,440.00,920.04,0
590B #19,143.00,351.78,0
590B #20,143.00,351.78,0
591-B1 #19,154.00,378.84,0
591-B2 #19,160.00,393.60,0
591-B3 #19,163.00,360.88,0
591-B4 #19,143.00,351.78,0
AZY0197-1WG14K #12,413.00,863.58,3
AZY0197-1WG14K #14,413.00,863.58,3
AZY0197-1WG14K #16,413.00,863.58,3
AZY0197-1WG14K #18,413.00,863.58,3
ALCYR0629R #10,34.00,108.73,3
ALCYR0629R #12,34.00,108.73,3
ALCYR0629R #14,34.00,108.73,0
ALCYR0629R #16,34.00,108.73,0
ALCYR0629R #19,34.00,108.73,0
ALCYR0835RRH #14,77.00,227.30,0
ALCYR0835RRH #16,77.00,227.30,0
ALCYR0835RRH #18,77.00,227.30,0
ALCYR0836RRH #12,67.00,197.78,0
ALCYR0836RRH #14,67.00,197.78,0
ALCYR0836RRH #16,67.00,197.78,0
ALCYR0836RRH #18,67.00,197.78,0
ALCYR0836RRH #20,67.00,197.78,0
ALCYR0832RRH #13,41.00,121.03,0
ALCYR0832RRH #15,41.00,121.03,0
ALCYR0832RRH #16,41.00,121.03,0
ALCYR0832RRH #17,41.00,121.03,0
ALCYR0832RRH #18,41.00,121.03,0
ALCYR0832RRH #19,41.00,121.03,0
ALCYR0832RRH #20,41.00,121.03,0
ALCYR0832RRH #21,41.00,121.03,0
ALCYR0832RRH #22,41.00,121.03,0
ALCYR0833RRH #12,31.00,99.14,0
ALCYR0833RRH #14,31.00,99.14,0
ALCYR0833RRH #18,31.00,99.14,0
ALCYR0831RRH #10,30.00,95.94,3
ALCYR0831RRH #12,30.00,95.94,3
ALCYR0831RRH #14,30.00,95.94,3
ALCYR0831RRH #16,30.00,95.94,3
ALCYR0831RRH #18,30.00,95.94,0
ALCYR0831RRH #20,30.00,95.94,0
AH5767 #17,133.00,327.18,3
AH5767 #19,133.00,327.18,3
ALCYR0608RRH #12,34.00,108.73,0
ALCYR0608RRH #14,34.00,108.73,0
ALCYR0608RRH #15,34.00,108.73,0
ALCYR0608RRH #17,34.00,108.73,0
ALCYR0608RSHRH #12,34.00,108.73,3
ALCYR0608RSHRH #14,34.00,108.73,3
ALCYR0608RSHRH #16,34.00,108.73,0
ALCYR0608RSHRH #18,34.00,108.73,0
ALCYR0608RSHRH #20,34.00,108.73,0
ALCYR0666R #12,48.00,141.70,0
ALCYR0666R #14,48.00,141.70,0
ALCYR0666R #13,48.00,141.70,0
ALCYR0666R #15,48.00,141.70,0
ALCYR0666R #16,48.00,141.70,0
ALCYR0666R #17,48.00,141.70,0
ALCYR0666R #18,48.00,141.70,0
ALCYR0666R #19,48.00,141.70,0
ALCYR0680R #12,35.00,111.93,3
ALCYR0680R #13,35.00,111.93,0
ALCYR0680R #14,35.00,111.93,0
ALCYR0680R #15,35.00,111.93,0
ALCYR0680R #16,35.00,111.93,0
ALCYR0680R #17,35.00,111.93,0
ALCYR0680R #18,35.00,111.93,0
ALCYR0680R #19,35.00,111.93,0
R-1045 #12,31.00,99.14,0
R-1045 #14,31.00,99.14,0
R-1045 #16,31.00,99.14,0
R-1045 #18,31.00,99.14,0
R-1045 #20,31.00,99.14,0
R-1068 #12,16.00,61.01,0
R-1068 #14,16.00,61.01,0
R-1068 #17,16.00,61.01,0
R-1068 #20,16.00,61.01,0
R-1067 #17,36.00,115.13,0
R-1067 #12,36.00,115.13,0
R-1067 #15,36.00,115.13,0
R-1067 #18,36.00,115.13,0
R-1067 #20,36.00,115.13,0
R-1043 #12,28.00,89.54,0
R-1043 #14,28.00,89.54,3
R-1043 #16,28.00,89.54,0
R-1043 #18,28.00,89.54,0
R-1048 #14,28.00,89.54,3
R-1048 #10,28.00,89.54,0
R-1048 #12,28.00,89.54,0
R-1048 #16,28.00,89.54,0
R-1048 #18,28.00,89.54,0
ALCYR0684R #12,25.00,79.95,0
ALCYR0684R #14,25.00,79.95,0
ALCYR0684R #16,25.00,79.95,0
ALCYR0684R #18,25.00,79.95,0
R-1062 #12,30.00,95.94,0
R-1062 #14,30.00,95.94,0
R-1062 #16,30.00,95.94,0
R-1062 #18,30.00,95.94,0
R1086 #12,25.00,79.95,3
R1086 #11,25.00,79.95,0
R1086 #13,25.00,79.95,3
R1086 #14,25.00,79.95,3
R1086 #15,25.00,79.95,3
R1086 #16,25.00,79.95,3
R1086 #18,25.00,79.95,3
R1086 #19,25.00,79.95,3
R1086 #20,25.00,79.95,3
R1086 #21,25.00,79.95,3
AS6585R #12,43.00,126.94,0
AS6585R #16,43.00,126.94,0
AS6585R #18,43.00,126.94,0
AS6585R #13,43.00,126.94,0
AS6585R #14,43.00,126.94,0
AS6585R #15,43.00,126.94,0
AS6585R #17,43.00,126.94,0
ALCYR0676RRH #10,175.00,387.45,0
ALCYR0676RRH #11,175.00,387.45,3
ALCYR0676RRH #17,175.00,387.45,0
ALCYR0676RRH #12,175.00,387.45,3
ALCYR0676RRH #15,175.00,387.45,3
ALCYR0676RRH #18,175.00,387.45,0
ALCYR0676RRH #20,175.00,387.45,0
ALCYR0489RHW #12,26.00,83.15,3
ALCYR0489RHW #14,26.00,83.15,3
ALCYR0489RHW #15,26.00,83.15,3
ALCYR0489RHW #16,26.00,83.15,3
ALCYR0489RHW #17,26.00,83.15,3
ALCYR0489RHW #18,26.00,83.15,3
ALCYR0489RHW #19,26.00,83.15,3
ALCYR0489RHW #20,26.00,83.15,0
ALCYR0489RHW #21,26.00,83.15,0
ALCYR0490RHG #12,28.00,89.54,3
ALCYR0490RHG #14,28.00,89.54,0
ALCYR0490RHG #15,28.00,89.54,0
ALCYR0490RHG #16,28.00,89.54,0
ALCYR0490RHG #17,28.00,89.54,3
ALCYR0490RHG #19,28.00,89.54,3
ALCYR0490RHG #20,28.00,89.54,0
ALCYR0491RHA #12,26.00,83.15,3
ALCYR0491RHA #13,26.00,83.15,0
ALCYR0491RHA #14,26.00,83.15,0
ALCYR0491RHA #15,26.00,83.15,0
ALCYR0491RHA #17,26.00,83.15,0
ALCYR0491RHA #19,26.00,83.15,0
ALCYR0492RHB #10,28.00,89.54,0
ALCYR0492RHB #12,28.00,89.54,0
ALCYR0492RHB #14,28.00,89.54,0
ALCYR0492RHB #15,28.00,89.54,0
ALCYR0492RHB #16,28.00,89.54,0
ALCYR0492RHB #17,28.00,89.54,0
ALCYR0492RHB #18,28.00,89.54,0
ALCYR0492RHB #19,28.00,89.54,0
R-1055 #12,24.00,76.75,0
R-1055 #14,24.00,76.75,0
R-1055 #16,24.00,76.75,0
R-1055 #18,24.00,76.75,0
ALCYR0679RRH #13,43.00,126.94,0
ALCYR0679RRH #15,43.00,126.94,0
ALCYR0679RRH #16,43.00,126.94,0
ALCYR0679RRH #17,43.00,126.94,0
ALCYR0679RRH #19,43.00,126.94,0
ALCYR0679RRH #20,43.00,126.94,0
ALCYR0679RRH #21,43.00,126.94,0
ALBAG0020RH #12,76.00,224.35,3
ALBAG0020RH #14,76.00,224.35,0
ALBAG0020RH #16,76.00,224.35,0
ALBAG0020RH #18,76.00,224.35,0
ALBAG0020RH #20,76.00,224.35,0
ALCYR0683RRH #12,71.00,209.59,0
ALCYR0683RRH #14,71.00,209.59,0
ALCYR0683RRH #15,71.00,209.59,0
ALCYR0683RRH #17,71.00,209.59,0
ALCYR0683RRH #18,71.00,209.59,0
ALCYR0683RRH #20,71.00,209.59,0
ALCYR0683RRH #23,71.00,209.59,0
ALCYR0682RRH #12,68.00,200.74,0
ALCYR0682RRH #13,68.00,200.74,0
ALCYR0682RRH #14,68.00,200.74,0
ALCYR0682RRH #15,68.00,200.74,0
ALCYR0682RRH #16,68.00,200.74,0
ALCYR0682RRH #18,68.00,200.74,0
ALCYR0677RRH #12,140.00,344.40,0
ALCYR0677RRH #14,140.00,344.40,0
ALCYR0677RRH #15,140.00,344.40,0
ALCYR0677RRH #18,140.00,344.40,0
ALCYR0677RRH #13,140.00,344.40,0
ALCYR0677RRH #20,140.00,344.40,0
ALCYR0677RRH #22,140.00,344.40,0
ALCYR0675RRH #12,92.00,248.95,0
ALCYR0675RRH #13,92.00,248.95,0
ALCYR0675RRH #14,92.00,248.95,0
ALCYR0675RRH #15,92.00,248.95,0
ALCYR0675RRH #18,92.00,248.95,0
ALCYR0675RRH #19,92.00,248.95,0
ALCYR0675RRH #20,92.00,248.95,0
ALCYR0672RRH #13,77.00,227.30,0
ALCYR0672RRH #16,77.00,227.30,0
ALCYR0672RRH #19,77.00,227.30,0
ALCYR0672RRH #20,77.00,227.30,3
ALCYR0672RRH #15,77.00,227.30,0
ALCYR0672RRH #21,77.00,227.30,0
ALCYR0672RRH #14,77.00,227.30,0
ALCYR0672RRH #12,77.00,227.30,0
ALCYR0672RRH #22,77.00,227.30,0
ALCYR0673RRH #12,84.00,227.30,3
ALCYR0673RRH #15,84.00,227.30,0
ALCYR0673RRH #17,84.00,227.30,0
ALCYR0673RRH #18,84.00,227.30,0
ALCYR0673RRH #20,84.00,227.30,0
ALCYR0673RRH #23,84.00,227.30,0
ALCYR0673RRH #14,84.00,227.30,0
ALCYR0673RRH #16,84.00,227.30,0
ALCYR0673RRH #22,84.00,227.30,0
R-1052 #12,22.00,70.36,3
R-1052 #14,22.00,70.36,0
R-1052 #16,22.00,70.36,0
R-1052 #18,22.00,70.36,0
ALCYR0668RRH #12,30.00,95.94,0
ALCYR0668RRH #14,30.00,95.94,0
ALCYR0668RRH #16,30.00,95.94,0
ALCYR0668RRH #18,30.00,95.94,0
ALCYR0619R #10,38.00,121.52,0
ALCYR0619R #12,38.00,121.52,0
ALCYR0619R #14,38.00,121.52,0
ALCYR0619R #16,38.00,121.52,0
ALCYR0669R #11,28.00,89.54,0
ALCYR0669R #12,28.00,89.54,0
ALCYR0669R #14,28.00,89.54,0
ALCYR0669R #15,28.00,89.54,0
ALCYR0669R #17,28.00,89.54,0
ALCYR0669R #20,28.00,89.54,0
ALCYR0678RRH #12,88.00,238.13,0
ALCYR0678RRH #13,88.00,238.13,0
ALCYR0678RRH #15,88.00,238.13,0
ALCYR0678RRH #16,88.00,238.13,0
ALCYR0678RRH #17,88.00,238.13,0
ALCYR0678RRH #18,88.00,238.13,0
ALCYR0678RRH #19,88.00,238.13,0
ALCYR0678RRH #20,88.00,238.13,0
ALCYR0601RRH #10,30.00,95.94,0
ALCYR0601RRH #12,30.00,95.94,0
ALCYR0601RRH #14,30.00,95.94,0
ALCYR0601RRH #16,30.00,95.94,0
ALCYR0601RRH #18,30.00,95.94,0
PEARL0012RRH #12,38.00,121.52,0
PEARL0012RRH #14,38.00,121.52,0
PEARL0012RRH #16,38.00,121.52,0
PEARL0012RRH #18,38.00,121.52,0
PEARL0012RRH #20,38.00,121.52,0
SRAYA05708RH+C #14,35.00,111.93,0
SRAYA05708RH+C #16,35.00,111.93,0
SRAYA05708RH+C #18,35.00,111.93,0
ALCYR0486RH+Y #13,54.00,159.41,0
ALCYR0486RH+Y #18,54.00,159.41,0
ALCYR0486RH+Y #20,54.00,159.41,0
ALCYR0486RH+Y #23,54.00,159.41,0
ALCYR0488RH+Y #12,50.00,147.60,3
ALCYR0488RH+Y #14,50.00,147.60,0
ALCYR0488RH+Y #15,50.00,147.60,0
ALCYR0488RH+Y #17,50.00,147.60,0
ALCYR0488RH+Y #20,50.00,147.60,0
ALCYR0186RRH+Y #12,36.00,115.13,0
ALCYR0186RRH+Y #14,36.00,115.13,0
ALCYR0186RRH+Y #16,36.00,115.13,3
ALCYR0186RRH+Y #17,36.00,115.13,0
ALCYR0186RRH+Y #20,36.00,115.13,0
ALCYR0186RRH+Y #22,36.00,115.13,0
ALCYR0186RRH+Y #25,36.00,115.13,0
ALCYR0487RH+Y #15,74.00,218.45,0
ALCYR0487RH+Y #20,74.00,218.45,0
ALCYR0487RH+Y #22,74.00,218.45,0
PIER0028RH #12,17.00,54.37,0
PIER0028RH #14,17.00,54.37,0
PIER0028RH #15,17.00,54.37,0
PIER0028RH #16,17.00,54.37,0
PIER0028RH #18,17.00,54.37,0
PIER0048RH #12,34.00,108.73,0
PIER0048RH #14,34.00,108.73,0
PIER0048RH #15,34.00,108.73,0
PIER0048RH #16,34.00,108.73,0
PIER0048RH #18,34.00,108.73,0
PIER0035RH #12,35.00,111.93,3
PIER0035RH #14,35.00,111.93,3
PIER0035RH #15,35.00,111.93,3
PIER0035RH #18,35.00,111.93,3
PIER0035RH #16,35.00,111.93,3
PIER0049RH #12,37.00,118.33,0
PIER0049RH #14,37.00,118.33,0
PIER0049RH #15,37.00,118.33,0
PIER0049RH #16,37.00,118.33,0
PIER0049RH #18,37.00,118.33,0
PIER0027RH #12,31.00,99.14,0
PIER0027RH #14,31.00,99.14,0
PIER0027RH #15,31.00,99.14,0
PIER0027RH #16,31.00,99.14,0
PIER0027RH #18,31.00,99.14,0
PIER0047RH #12,34.00,108.73,0
PIER0047RH #14,34.00,108.73,3
PIER0047RH #15,34.00,108.73,0
PIER0047RH #16,34.00,108.73,3
PIER0047RH #18,34.00,108.73,0
PIER0005RH #12,40.00,127.92,3
PIER0005RH #14,40.00,127.92,3
PIER0005RH #15,40.00,127.92,3
PIER0005RH #16,40.00,127.92,3
PIER0005RH #18,40.00,127.92,3
PIER0032RH #12,28.00,89.54,3
PIER0032RH #14,28.00,89.54,3
PIER0032RH #15,28.00,89.54,3
PIER0032RH #16,28.00,89.54,0
PIER0032RH #18,28.00,89.54,3
PIER0008RH #12,35.00,111.93,3
PIER0008RH #14,35.00,111.93,3
PIER0008RH #15,35.00,111.93,3
PIER0008RH #16,35.00,111.93,3
PIER0008RH #18,35.00,111.93,3
PIER0034RH #12,37.00,118.33,0
PIER0034RH #14,37.00,118.33,0
PIER0034RH #15,37.00,118.33,0
PIER0034RH #16,37.00,118.33,0
PIER0034RH #18,37.00,118.33,0
PIER0044RH #12,34.00,108.73,3
PIER0044RH #14,34.00,108.73,3
PIER0044RH #15,34.00,108.73,3
PIER0044RH #16,34.00,108.73,3
PIER0044RH #18,34.00,108.73,3
PIER0020RH #12,42.00,123.98,0
PIER0020RH #14,42.00,123.98,0
PIER0020RH #15,42.00,123.98,0
PIER0020RH #16,42.00,123.98,0
PIER0020RH #18,42.00,123.98,0
PIER0033RH #12,38.00,121.52,3
PIER0033RH #14,38.00,121.52,3
PIER0033RH #16,38.00,121.52,0
PIER0033RH #15,38.00,121.52,3
PIER0033RH #18,38.00,121.52,0
PIER0026RH #12,38.00,121.52,3
PIER0026RH #14,38.00,121.52,3
PIER0026RH #15,38.00,121.52,3
PIER0026RH #16,38.00,121.52,3
PIER0026RH #18,38.00,121.52,3
PIER0031RH #12,31.00,99.14,3
PIER0031RH #14,31.00,99.14,3
PIER0031RH #15,31.00,99.14,3
PIER0031RH #16,31.00,99.14,3
PIER0031RH #18,31.00,99.14,3
PIER0002RH #12,34.00,108.73,0
PIER0002RH #14,34.00,108.73,0
PIER0002RH #15,34.00,108.73,0
PIER0002RH #16,34.00,108.73,0
PIER0002RH #18,34.00,108.73,0
PIER0029RH #12,37.00,118.33,3
PIER0029RH #14,37.00,118.33,3
PIER0029RH #15,37.00,118.33,3
PIER0029RH #16,37.00,118.33,3
PIER0029RH #18,37.00,118.33,3
PIER0054RH #12,31.00,99.14,3
PIER0054RH #14,31.00,99.14,3
PIER0054RH #15,31.00,99.14,3
PIER0054RH #16,31.00,99.14,3
PIER0054RH #18,31.00,99.14,3
PIER0022RH #12,35.00,111.93,0
PIER0022RH #14,35.00,111.93,0
PIER0022RH #15,35.00,111.93,0
PIER0022RH #16,35.00,111.93,0
PIER0022RH #18,35.00,111.93,0
PIER0019RH #12,31.00,99.14,3
PIER0019RH #14,31.00,99.14,3
PIER0019RH #15,31.00,99.14,0
PIER0019RH #16,31.00,99.14,3
PIER0019RH #18,34.00,108.73,0
PIER0006RH #12,58.00,171.22,3
PIER0006RH #14,58.00,171.22,3
PIER0006RH #15,58.00,171.22,0
PIER0006RH #16,58.00,171.22,3
PIER0006RH #18,58.00,171.22,3
PBN0445YG #BIAŁY,37.00,118.33,0
PBN0445YG #BIAŁY,62.00,183.02,3
PIER0003RH #12,37.00,118.33,0
PIER0003RH #14,37.00,118.33,0
PIER0003RH #15,37.00,118.33,0
PIER0003RH #16,37.00,118.33,0
PIER0003RH #18,37.00,118.33,0
PIER0014RH #12,31.00,99.14,3
PIER0014RH #14,31.00,99.14,3
PIER0014RH #15,31.00,99.14,3
PIER0014RH #16,31.00,99.14,3
PIER0014RH #18,31.00,99.14,3
PIER0053RH #12,31.00,99.14,0
PIER0053RH #14,31.00,99.14,0
PIER0053RH #15,31.00,99.14,0
PIER0053RH #16,31.00,99.14,0
PIER0053RH #18,31.00,99.14,0
PIER0001RH #12,29.00,92.74,3
PIER0001RH #14,29.00,92.74,3
PIER0001RH #16,29.00,92.74,3
PIER0001RH #15,29.00,92.74,0
PIER0001RH #18,29.00,92.74,0
PIER0013RH #12,35.00,111.93,3
PIER0013RH #14,35.00,111.93,3
PIER0013RH #15,35.00,111.93,3
PIER0013RH #16,35.00,111.93,3
PIER0013RH #18,35.00,111.93,3
PIER0018RH #12,35.00,111.93,3
PIER0018RH #14,35.00,111.93,3
PIER0018RH #15,35.00,111.93,3
PIER0018RH #16,35.00,111.93,3
PIER0018RH #18,35.00,111.93,3
PIER0015RH #15,35.00,111.93,0
PIER0015RH #12,52.00,153.50,3
PIER0015RH #14,52.00,153.50,3
PIER0015RH #16,52.00,153.50,3
PIER0015RH #18,52.00,153.50,3
PBN0646YG #BIAŁY,52.00,153.50,3
PBN0646YG #BIAŁY,61.00,180.07,3
PIER0007RH #16,40.00,127.92,3
PIER0007RH #12,52.00,153.50,3
PIER0007RH #14,52.00,153.50,3
PIER0007RH #15,52.00,153.50,3
PIER0007RH #18,52.00,153.50,3
PIER0017RH #12,44.00,129.89,0
PIER0017RH #14,44.00,129.89,0
PIER0017RH #15,44.00,129.89,0
PIER0017RH #16,44.00,129.89,0
PIER0017RH #18,44.00,129.89,0
PIER0012RH #12,48.00,141.70,0
PIER0012RH #14,48.00,141.70,0
PIER0012RH #15,48.00,141.70,0
PIER0012RH #16,48.00,141.70,0
PIER0012RH #18,48.00,141.70,0
PIER0046RH #12,53.00,156.46,3
PIER0046RH #14,53.00,156.46,3
PIER0046RH #15,53.00,156.46,0
PIER0046RH #16,53.00,156.46,0
PIER0046RH #18,53.00,156.46,0
PIER0045RH #12,43.00,126.94,3
PIER0045RH #14,43.00,126.94,0
PIER0045RH #15,43.00,126.94,3
PIER0045RH #16,43.00,126.94,3
PIER0045RH #18,43.00,126.94,0
PIER0023RH #12,44.00,129.89,0
PIER0023RH #14,44.00,129.89,0
PIER0023RH #15,44.00,129.89,0
PIER0023RH #16,44.00,129.89,0
PIER0023RH #18,44.00,129.89,0
PBM1346YG #BIAŁY,41.00,121.03,3
PBM1346YG #BIAŁY,74.00,218.45,3
PIER0025RH #15,37.00,118.33,3
PIER0025RH #18,38.00,121.52,3
PIER0025RH #12,40.00,127.92,0
PIER0025RH #14,40.00,127.92,3
PIER0025RH #16,41.00,121.03,3
PBM2150YG #BIAŁY,58.00,171.22,3
PBM2150YG #BIAŁY,73.00,215.50,3
PIER0011RH #12,58.00,171.22,3
PIER0011RH #14,58.00,171.22,3
PIER0011RH #15,58.00,171.22,3
PIER0011RH #16,58.00,171.22,3
PIER0011RH #18,58.00,171.22,3
BSS065YG #BIAŁY,70.00,206.64,0
BSS065YG #BIAŁY,134.15,330.01,0
PIER0016RH #12,29.00,92.74,0
PIER0016RH #14,29.00,92.74,0
PIER0016RH #15,29.00,92.74,0
PIER0016RH #16,29.00,92.74,0
PIER0016RH #18,29.00,92.74,0
PBN0049YG #BIAŁY,31.00,99.14,3
PBN0049YG #BIAŁY,58.00,171.22,0
PIER0030RH #12,31.00,99.14,3
PIER0030RH #14,31.00,99.14,3
PIER0030RH #15,31.00,99.14,3
PIER0030RH #16,31.00,99.14,3
PIER0030RH #18,31.00,99.14,3
PBM1226YG #BIAŁY,44.00,129.89,3
PBM1226YG #BIAŁY,74.00,218.45,3
PIER0040RH #12,44.00,129.89,3
PIER0040RH #14,44.00,129.89,3
PIER0040RH #15,44.00,129.89,3
PIER0040RH #16,44.00,129.89,3
PIER0040RH #18,44.00,129.89,0
PBM0734YG #BIAŁY,48.00,141.70,3
PBM0734YG #BIAŁY,66.00,194.83,3
PIER0010RH #16,37.00,118.33,3
PIER0010RH #12,48.00,141.70,3
PIER0010RH #14,48.00,141.70,3
PIER0010RH #15,48.00,141.70,3
PIER0010RH #18,48.00,141.70,3
PIER0043RH #12,26.00,83.15,0
PIER0043RH #14,26.00,83.15,0
PIER0043RH #15,26.00,83.15,0
PIER0043RH #16,26.00,83.15,0
PIER0043RH #18,26.00,83.15,0
PIER0009RH #16,35.00,111.93,3
PIER0009RH #12,44.00,129.89,3
PIER0009RH #14,44.00,129.89,3
PIER0009RH #15,44.00,129.89,3
PIER0009RH #18,44.00,129.89,3
PIER0052RH #12,26.00,83.15,0
PIER0052RH #14,26.00,83.15,0
PIER0052RH #15,26.00,83.15,0
PIER0052RH #16,26.00,83.15,0
PIER0052RH #18,26.00,83.15,0
PIER0041RH #12,34.00,108.73,0
PIER0041RH #14,34.00,108.73,0
PIER0041RH #16,34.00,108.73,0
PIER0041RH #15,34.00,108.73,0
PIER0041RH #18,34.00,108.73,0
PIER0004Y #12,38.00,121.52,3
PIER0004Y #14,38.00,121.52,3
PIER0004Y #15,38.00,121.52,3
PIER0004Y #16,38.00,121.52,3
PIER0004Y #18,38.00,121.52,3
PIER0024RH+Y #12,44.00,129.89,3
PIER0024RH+Y #14,44.00,129.89,3
PIER0024RH+Y #16,44.00,129.89,3
PIER0024RH+Y #15,44.00,129.89,0
PIER0024RH+Y #18,44.00,129.89,3
PIER0021RH+Y #12,41.00,121.03,0
PIER0021RH+Y #14,41.00,121.03,0
PIER0021RH+Y #15,41.00,121.03,3
PIER0021RH+Y #16,41.00,121.03,0
PIER0021RH+Y #18,41.00,121.03,0
ALCYR0716RRH #14,34.00,108.73,0
ALCYR0716RRH #15,34.00,108.73,0
ALCYR0716RRH #18,34.00,108.73,0
ALCYR0716RRH #13,34.00,108.73,0
ALCYR0716RRH #20,34.00,108.73,0
ALCYR0716RRH #21,34.00,108.73,0
ALCYR0716RRH #16,34.00,108.73,0
ALCYR0641RRH #12,36.00,115.13,3
ALCYR0661RRH #14,37.00,118.33,0
ALCYR0660RRH #16,30.00,95.94,0
ALCYR0660RRH #18,30.00,95.94,0
ALCYR0748R #12,40.00,127.92,0
ALCYR0748R #13,40.00,127.92,0
ALCYR0748R #14,40.00,127.92,0
ALCYR0748R #15,40.00,127.92,0
ALCYR0748R #16,40.00,127.92,0
ALCYR0748R #17,40.00,127.92,0
ALCYR0748R #20,40.00,127.92,0
ALCYR0749R #12,23.00,73.55,0
ALCYR0749R #13,23.00,73.55,0
ALCYR0749R #17,23.00,73.55,0
ALCYR0749R #18,23.00,73.55,0
ALCYR0749R #20,23.00,73.55,0
ALCYR0749R #10,23.00,73.55,0
ALCYR0749R #15,23.00,73.55,0
ALCYR0744R #13,26.00,83.15,0
ALCYR0744R #15,26.00,83.15,0
ALCYR0744R #18,26.00,83.15,0
ALCYR0751R #14,28.00,89.54,0
ALCYR0751R #17,28.00,89.54,0
ALCYR0751R #19,28.00,89.54,0
ALCYR0751R #12,28.00,89.54,0
ALCYR0694 #12,29.00,92.74,3
ALCYR0694 #10,29.00,92.74,3
ALCYR0694 #14,29.00,92.74,3
ALCYR0694 #16,29.00,92.74,3
ALCYR0694 #18,29.00,92.74,3
ALCYR0730R #12,24.00,76.75,0
ALCYR0730R #15,24.00,76.75,0
ALCYR0730R #17,24.00,76.75,0
ALCYR0730R #18,24.00,76.75,0
PBN0636YG #BIAŁY,64.00,188.93,3
PBN0636YG #BIAŁY,105.69,286.00,0
ALCYR0746RRH #12,47.00,138.74,0
ALCYR0746RRH #13,47.00,138.74,0
ALCYR0746RRH #15,47.00,138.74,0
ALCYR0746RRH #17,47.00,138.74,0
ALCYR0746RRH #18,47.00,138.74,0
ALCYR0746RRH #20,47.00,138.74,0
R007 #12,25.00,79.95,3
R007 #14,25.00,79.95,3
R007 #16,25.00,79.95,3
R007 #11,25.00,79.95,0
R007 #15,25.00,79.95,0
R007 #17,25.00,79.95,3
ALCYR0747R #12,34.00,108.73,0
ALCYR0747R #13,34.00,108.73,0
ALCYR0747R #14,34.00,108.73,0
ALCYR0747R #15,34.00,108.73,0
ALCYR0747R #17,34.00,108.73,0
ALCYR0747R #20,34.00,108.73,0
ALCYR0747R #21,34.00,108.73,0
ALCYR0747R #22,34.00,108.73,0
ALCYR0747R #23,34.00,108.73,0
ALCYR0750R #12,18.00,57.56,0
ALCYR0750R #13,18.00,57.56,0
ALCYR0750R #14,18.00,57.56,0
ALCYR0750R #15,18.00,57.56,0
ALCYR0750R #16,18.00,57.56,0
ALCYR0750R #17,18.00,57.56,0
ALCYR0750R #18,18.00,57.56,0
ALCYR0750R #20,18.00,57.56,0
ALCYR0750R #21,18.00,57.56,0
SET-324R #10,26.00,83.15,0
SET-324R #12,26.00,83.15,3
SET-324R #14,26.00,83.15,3
SET-324R #16,26.00,83.15,0
ALCYR0655RRH #12,36.00,115.13,0
ALCYR0655RRH #14,36.00,115.13,0
ALCYR0655RRH #16,36.00,115.13,0
ALCYR0655RRH #18,36.00,115.13,0
ALCYR0655RRH #20,36.00,115.13,0
ALCYR0726R #12,38.00,121.52,0
ALCYR0726R #17,38.00,121.52,0
ALCYR0726R #18,38.00,121.52,0
ALCYR0726R #20,38.00,121.52,0
ALCYR0728RRH #12,30.00,95.94,0
ALCYR0728RRH #15,30.00,95.94,0
ALCYR0728RRH #17,30.00,95.94,0
ALCYR0728RRH #13,30.00,95.94,0
ALCYR0757RRH #12,43.00,126.94,0
ALCYR0757RRH #14,43.00,126.94,0
ALCYR0757RRH #15,43.00,126.94,0
ALCYR0757RRH #17,43.00,126.94,0
ALCYR0757RRH #19,43.00,126.94,0
ALCYR0757RRH #20,43.00,126.94,0
ALSS0437R #14,20.00,63.96,0
ALSS0437R #16,20.00,63.96,0
ALSS0437R #17,20.00,63.96,0
ALSS0437R #18,20.00,63.96,0
ALSS0437R #19,20.00,63.96,0
ALSD0063R #12,24.00,76.75,0
ALSD0063R #14,24.00,76.75,0
ALSD0063R #16,24.00,76.75,0
ALSD0063R #18,24.00,76.75,0
ALSS0439R #15,26.00,83.15,0
ALSS0439R #16,26.00,83.15,0
ALSS0439R #17,26.00,83.15,0
ALSS0439R #18,26.00,83.15,0
ALSS0439R #19,26.00,83.15,0
ALSS0439R #20,26.00,83.15,0
ALCYR0715RRH #10,23.00,73.55,0
ALCYR0715RRH #12,23.00,73.55,0
ALCYR0715RRH #14,23.00,73.55,0
ALCYR0715RRH #16,23.00,73.55,0
ALCYR0715RRH #18,23.00,73.55,0
ALCYR0715RRH #20,23.00,73.55,0
ALCYR0658R #11,31.00,99.14,0
ALCYR0658R #12,31.00,99.14,0
ALCYR0658R #14,31.00,99.14,0
ALCYR0658R #20,31.00,99.14,0
ALSS0440R #15,23.00,73.55,0
ALSS0440R #16,23.00,73.55,0
ALSS0440R #17,23.00,73.55,0
ALSS0440R #18,23.00,73.55,0
ALSS0440R #19,23.00,73.55,0
ALSS0438R #13,34.00,108.73,0
ALSS0438R #14,34.00,108.73,3
ALSS0438R #15,34.00,108.73,0
ALSS0438R #16,34.00,108.73,0
ALSS0438R #18,34.00,108.73,0
ALSS0438R #19,34.00,108.73,0
ALSS0438R #20,34.00,108.73,0
ALCYR0659R #16,22.00,70.36,3
ALCYR0659R #14,22.00,70.36,3
ALCYR0659R #12,22.00,70.36,0
ALCYR0659R #18,22.00,70.36,0
ALCYR0659R #20,22.00,70.36,0
ALCYR0739R #12,28.00,89.54,3
ALCYR0739R #14,28.00,89.54,3
ALCYR0739R #16,28.00,89.54,0
ALCYR0739R #18,28.00,89.54,0
ALCYR0739R #20,28.00,89.54,0
ALCYR0739R #22,28.00,89.54,0
ALSD0061R #15,28.00,89.54,0
ALSD0061R #16,28.00,89.54,0
ALSD0061R #18,28.00,89.54,0
ALSD0061R #19,28.00,89.54,0
ALSD0061R #20,28.00,89.54,0
ALCYR0690RRH #10,31.00,99.14,3
ALCYR0690RRH #12,31.00,99.14,3
ALCYR0690RRH #14,31.00,99.14,3
ALCYR0690RRH #16,31.00,99.14,3
ALCYR0690RRH #18,31.00,99.14,3
ALCYR0690RRH #20,31.00,99.14,3
ALCYR0643R #6,18.00,57.56,3
ALCYR0643R #7,18.00,57.56,3
ALCYR0643R #8,18.00,57.56,3
ALCYR0643R #9,18.00,57.56,0
ALCYR0643R #10,18.00,57.56,3
ALCYR0643R #11,18.00,57.56,0
ALKJ0015RRH #12,17.00,54.37,0
ALKJ0015RRH #14,17.00,54.37,0
ALKJ0015RRH #16,17.00,54.37,0
ALKJ0015RRH #18,17.00,54.37,0
ALKJ0018RRH #12,17.00,54.37,0
ALKJ0018RRH #14,17.00,54.37,0
ALKJ0018RRH #16,17.00,54.37,0
ALKJ0018RRH #18,17.00,54.37,0
ALKJ0023RRH #12,26.00,83.15,0
ALKJ0023RRH #14,26.00,83.15,0
ALKJ0023RRH #16,26.00,83.15,0
ALKJ0023RRH #18,26.00,83.15,0
ALKJ0021RRH #12,35.00,111.93,0
ALKJ0021RRH #14,35.00,111.93,3
ALKJ0021RRH #16,35.00,111.93,0
ALKJ0021RRH #18,35.00,111.93,0
ALKJ0022RRH #12,26.00,83.15,0
ALKJ0022RRH #14,26.00,83.15,0
ALKJ0022RRH #16,26.00,83.15,0
ALKJ0022RRH #18,26.00,83.15,0
ALKJ0014RRH #12,17.00,54.37,0
ALKJ0014RRH #14,17.00,54.37,0
ALKJ0014RRH #16,17.00,54.37,0
ALKJ0014RRH #18,17.00,54.37,0
SPIGA208K #19,105.00,284.13,3
SPIGA208K #40,156.00,383.76,3
SPIGA208K #42,160.00,393.60,0
SPIGA208K #45,169.00,374.17,3
PIER0042RH #12,28.00,89.54,0
PIER0042RH #14,28.00,89.54,0
PIER0042RH #15,28.00,89.54,0
PIER0042RH #16,28.00,89.54,0
PIER0042RH #18,28.00,89.54,0
ALOPP0001RH #12,47.00,138.74,3
ALOPP0001RH #14,47.00,138.74,3
ALOPP0001RH #16,47.00,138.74,3
ALOPP0001RH #18,47.00,138.74,3
ALKJ0017RRH #12,17.00,54.37,0
ALKJ0017RRH #14,17.00,54.37,0
ALKJ0017RRH #16,17.00,54.37,0
ALKJ0017RRH #18,17.00,54.37,0
ALKJ0020RRH #12,35.00,111.93,0
ALKJ0020RRH #14,35.00,111.93,0
ALKJ0020RRH #16,35.00,111.93,0
ALKJ0020RRH #18,35.00,111.93,0
ALKJ0024RRH #12,26.00,83.15,0
ALKJ0024RRH #14,26.00,83.15,3
ALKJ0024RRH #16,26.00,83.15,0
ALKJ0024RRH #18,26.00,83.15,0
ALKJ0016RRH #12,17.00,54.37,0
ALKJ0016RRH #14,17.00,54.37,0
ALKJ0016RRH #16,17.00,54.37,0
ALKJ0016RRH #18,17.00,54.37,0
ALSYG0009 #16,43.00,126.94,0
ALSYG0009 #17,43.00,126.94,0
ALSYG0009 #18,43.00,126.94,3
ALSYG0009 #19,43.00,126.94,3
ALSYG0009 #20,44.00,129.89,0
ALSYG0009 #21,44.00,129.89,0
ALSYG0009 #22,44.00,129.89,0
ALSYG0009 #23,47.00,138.74,0
ALSYG0009 #24,47.00,138.74,0
ALSYG0005 #17,49.00,144.65,0
ALSYG0005 #18,49.00,144.65,0
ALSYG0005 #19,49.00,144.65,0
ALSYG0005 #20,49.00,144.65,0
ALSYG0005 #21,50.00,147.60,0
ALSYG0005 #22,52.00,153.50,0
ALSYG0005 #23,52.00,153.50,0
ALSYG0005 #24,53.00,156.46,0
ALSYG0005 #25,53.00,156.46,0
ALSYG0005 #26,53.00,156.46,0
ALSYG0005 #27,54.00,159.41,0
ALSYG0005 #28,54.00,159.41,0
ALSYG0005 #29,55.00,162.36,0
ALSYG0005 #30,55.00,162.36,0
ALCER0039PBR #16,56.00,165.31,3
ROS0010ROX #10,19.00,60.76,0
ROS0010ROX #12,19.00,60.76,0
ROS0010ROX #13,19.00,60.76,0
ROS0010ROX #20,20.00,63.96,0
ROS0010ROX #21,20.00,63.96,0
ROS0010ROX #22,20.00,63.96,0
ROS0010ROX #24,24.00,76.75,0
ROS0010ROX #26,24.00,76.75,0
ROS0010ROX #27,24.00,76.75,0
ROS0007ROX #10,34.00,108.73,3
ROS0007ROX #11,34.00,108.73,0
ROS0007ROX #12,35.00,111.93,0
ROS0007ROX #13,35.00,111.93,0
ROS0007ROX #14,35.00,111.93,0
ROS0007ROX #17,38.00,121.52,0
ROS0007ROX #18,38.00,121.52,0
ROS0007ROX #22,42.00,123.98,0
ROS0007ROX #24,42.00,123.98,0
ROS0007ROX #26,44.00,129.89,0
ROS0007ROX #28,44.00,129.89,0
ROS0008RS #20,24.00,76.75,0
ROS0008RS #21,24.00,76.75,0
ROS0008RS #22,24.00,76.75,0
ROS0008RS #25,26.00,83.15,0
ROS0008RS #26,30.00,95.94,0
ROS0008RS #28,30.00,95.94,0
HR-0206RHW #12,101.00,273.31,3
HR-0206RHW #14,101.00,273.31,3
HR-0206RHW #16,101.00,273.31,3
R-0870RRH+R #12,49.00,144.65,3
R-0870RRH+R #14,49.00,144.65,0
R-0870RRH+R #16,49.00,144.65,0
R-0870RRH+R #18,49.00,144.65,0
R-0870RRH+R #20,49.00,144.65,0
R-0870RRH+B #12,49.00,144.65,3
R-0870RRH+B #14,49.00,144.65,3
R-0870RRH+B #16,49.00,144.65,0
R-0870RRH+B #18,49.00,144.65,0
R-0870RRH+B #20,49.00,144.65,0
R-0870RRH+S #12,49.00,144.65,3
R-0870RRH+S #14,49.00,144.65,0
R-0870RRH+S #16,49.00,144.65,0
R-0870RRH+S #18,49.00,144.65,0
R-0870RRH+S #20,49.00,144.65,0
R-0870RRH+W #12,49.00,144.65,3
R-0870RRH+W #14,49.00,144.65,3
R-0870RRH+W #16,49.00,144.65,3
R-0870RRH+W #18,49.00,144.65,0
R-0870RRH+W #20,49.00,144.65,0
SET-2489RRH+B #12,30.00,95.94,0
SET-2489RRH+B #14,30.00,95.94,0
SET-2489RRH+B #16,30.00,95.94,0
SET-2489RRH+B #18,30.00,95.94,0
SET-2489RRH+R #12,43.00,126.94,0
SET-2489RRH+R #14,43.00,126.94,0
SET-2489RRH+R #16,43.00,126.94,0
SET-2489RRH+R #18,43.00,126.94,0
SET-2489RRH+S #12,28.00,89.54,0
SET-2489RRH+S #14,29.00,92.74,0
SET-2489RRH+S #16,29.00,92.74,0
SET-2489RRH+S #18,29.00,92.74,0
SET-2489RRH+W #12,43.00,126.94,3
SET-2489RRH+W #14,43.00,126.94,0
SET-2489RRH+W #16,43.00,126.94,0
SET-2489RRH+W #18,43.00,126.94,0
MVR-0080PR #10,47.00,138.74,0
MVR-0080PR #12,47.00,138.74,0
MVR-0080PR #14,47.00,138.74,0
MVR-0080PR #16,47.00,138.74,0
MVR-0080PR #18,47.00,138.74,0
MVR-0080PR #20,47.00,138.74,0
MVR-0080PR #22,47.00,138.74,0
AR17324RRH #12,37.00,118.33,0
AR17324RRH #14,37.00,118.33,0
AR17324RRH #16,37.00,118.33,0
AR17324RRH #18,37.00,118.33,0
AR17324RRH #18,103.00,278.72,3
R3106 #12,103.00,278.72,3
R3106 #14,103.00,278.72,0
R3106 #18,103.00,278.72,0
R3106 #16,103.00,278.72,0
HR-0834RHW #12,42.00,123.98,3
HR-0834RHW #14,42.00,123.98,3
HR-0834RHW #16,43.00,126.94,0
HR-0834RHW #18,52.00,153.50,0
HR-0834RHW #20,52.00,153.50,0
AR17332RH #12,24.00,76.75,3
AR17332RH #14,24.00,76.75,3
AR17332RH #16,24.00,76.75,3
AR17332RH #18,24.00,76.75,3
AR17332RH #12,54.00,159.41,3
MVSR-0016W #12,54.00,159.41,3
MVSR-0016W #14,54.00,159.41,0
MVSR-0016W #16,54.00,159.41,0
MVSR-0016W #18,54.00,159.41,0
MVSR-0016W #20,54.00,159.41,0
AR17339RH #12,24.00,76.75,3
AR17339RH #14,24.00,76.75,3
AR17339RH #16,24.00,76.75,3
AR17339RH #18,24.00,76.75,3
AR17339RH #16,49.00,144.65,3
MVR-0072-1RH+W #20,35.00,111.93,0
MVR-0072-1RH+W #12,49.00,144.65,3
MVR-0072-1RH+W #14,49.00,144.65,3
MVR-0072-1RH+W #16,49.00,144.65,3
MVR-0072-1RH+W #18,49.00,144.65,0
AR17329PRH #12,37.00,118.33,3
AR17329PRH #14,37.00,118.33,3
AR17329PRH #16,37.00,118.33,3
AR17329PRH #18,37.00,118.33,3
AR17329PRH #14,60.00,177.12,0
MVR-0072-2RH+B #18,40.00,127.92,0
MVR-0072-2RH+B #20,40.00,127.92,0
MVR-0072-2RH+B #12,60.00,177.12,0
MVR-0072-2RH+B #14,60.00,177.12,0
MVR-0072-2RH+B #16,60.00,177.12,0
AR17330RH #12,37.00,118.33,0
AR17330RH #16,37.00,118.33,3
AR17330RH #18,37.00,118.33,3
AR17330RH #14,38.00,121.52,0
AR17330RH #16,73.98,218.39,0
MVR-0072-3RH+S #12,49.00,144.65,0
MVR-0072-3RH+S #14,49.00,144.65,0
MVR-0072-3RH+S #16,49.00,144.65,0
MVR-0072-3RH+S #18,49.00,144.65,0
MVR-0072-3RH+S #20,49.00,144.65,0
AR17327PRH #12,42.00,123.98,3
AR17327PRH #14,42.00,123.98,3
AR17327PRH #16,42.00,123.98,3
AR17327PRH #18,42.00,123.98,3
AR17327PRH #18,60.00,177.12,3
MVR-0072-4RH+R #18,40.00,127.92,0
MVR-0072-4RH+R #20,40.00,127.92,0
MVR-0072-4RH+R #12,60.00,177.12,3
MVR-0072-4RH+R #14,60.00,177.12,0
MVR-0072-4RH+R #16,60.00,177.12,0
MVR-0072-5RH+P #18,40.00,127.92,0
MVR-0072-5RH+P #20,40.00,127.92,0
MVR-0072-5RH+P #12,60.00,177.12,3
MVR-0072-5RH+P #14,60.00,177.12,3
MVR-0072-5RH+P #16,60.00,177.12,3
AR17334RH #12,44.00,129.89,3
AR17334RH #14,44.00,129.89,3
AR17334RH #16,44.00,129.89,3
AR17334RH #16,139.00,341.94,3
CHB006 #20,139.00,341.94,3
CHB007 #20,110.00,297.66,3
SR0496A #12,34.00,108.73,0
SR0496A #14,34.00,108.73,0
SR0496A #16,34.00,108.73,0
SR0496A #18,34.00,108.73,0
SR05096A #12,47.00,138.74,0
SR05096A #14,47.00,138.74,0
SR05096A #16,47.00,138.74,0
SR05096A #18,47.00,138.74,0
ML05613A #12,49.00,144.65,3
ML05613A #14,49.00,144.65,3
ML05613A #16,49.00,144.65,3
ML05613A #18,49.00,144.65,3
MT10052RHB #12,20.00,63.96,0
MT10052RHB #14,20.00,63.96,0
MT10052RHB #16,20.00,63.96,0
MT10052RHB #18,20.00,63.96,0
503SR2307RRH #12,25.00,79.95,0
503SR2307RRH #14,25.00,79.95,0
503SR2307RRH #16,25.00,79.95,0
503SR2307RRH #18,25.00,79.95,0
503SR2020 #12,28.00,89.54,3
503SR2020 #14,28.00,89.54,3
503SR2020 #16,28.00,89.54,3
503SR2020 #18,28.00,89.54,0
503SR2408RRH #12,29.00,92.74,3
503SR2408RRH #10,29.00,92.74,3
503SR2408RRH #14,29.00,92.74,3
503SR2408RRH #18,29.00,92.74,0
503SR2408RRH #20,29.00,92.74,0
503SR2408RRH #16,29.00,92.74,3
503SR2506 #12,25.00,79.95,3
503SR2506 #14,25.00,79.95,3
503SR2506 #16,25.00,79.95,0
503SR2506 #18,25.00,79.95,0
503SR2511 #12,31.00,99.14,3
503SR2511 #14,31.00,99.14,3
503SR2511 #16,31.00,99.14,3
503SR2511 #18,31.00,99.14,3
503SR2615 #12,30.00,95.94,3
503SR2615 #14,30.00,95.94,0
503SR2615 #16,30.00,95.94,0
503SR2615 #18,30.00,95.94,0
503SR2516 #12,28.00,89.54,3
503SR2516 #14,28.00,89.54,3
503SR2516 #16,28.00,89.54,0
503SR2516 #18,28.00,89.54,0
503SR2714 #12,29.00,92.74,3
503SR2714 #14,29.00,92.74,3
503SR2714 #16,29.00,92.74,3
503SR2714 #18,29.00,92.74,3
503SR2618 #12,29.00,92.74,3
503SR2618 #14,29.00,92.74,3
503SR2618 #16,29.00,92.74,3
503SR2618 #18,29.00,92.74,0
502SR1715 #12,17.00,54.37,0
502SR1715 #14,17.00,54.37,0
502SR1715 #16,17.00,54.37,0
502SR1715 #18,17.00,54.37,0
502SR2003 #12,37.00,118.33,3
502SR2003 #14,37.00,118.33,3
502SR2003 #16,37.00,118.33,0
502SR2003 #18,37.00,118.33,0
502SR2409 #12,35.00,111.93,3
502SR2409 #14,35.00,111.93,3
502SR2409 #16,35.00,111.93,0
502SR2409 #18,35.00,111.93,0
502SR2707 #12,23.00,73.55,3
502SR2707 #14,23.00,73.55,3
502SR2707 #16,23.00,73.55,3
502SR2707 #18,23.00,73.55,3
502SR2706 #12,20.00,63.96,3
502SR2706 #14,20.00,63.96,3
502SR2706 #16,20.00,63.96,3
502SR2706 #18,20.00,63.96,3
502SR2706 #20,20.00,63.96,0
502SR2706 #21,20.00,63.96,0
501SR1606 #14,23.00,73.55,3
501SR1606 #16,23.00,73.55,0
501SR1606 #18,23.00,73.55,0
501SR1606 #12,23.00,73.55,3
501SR1812 #12,26.00,83.15,0
501SR1812 #14,26.00,83.15,0
501SR1812 #16,26.00,83.15,0
501SR1812 #18,26.00,83.15,0
501SR1913RRH #12,20.00,63.96,0
501SR1913RRH #14,20.00,63.96,0
501SR1913RRH #16,20.00,63.96,0
501SR1913RRH #18,20.00,63.96,0
501SR2302 #12,26.00,83.15,3
501SR2302 #14,26.00,83.15,3
501SR2302 #16,26.00,83.15,0
501SR2302 #18,26.00,83.15,0
501SR2504 #12,24.00,76.75,3
501SR2504 #14,24.00,76.75,3
501SR2504 #16,24.00,76.75,0
501SR2504 #18,24.00,76.75,0
501SR2715 #12,25.00,79.95,3
501SR2715 #14,25.00,79.95,3
501SR2715 #16,25.00,79.95,3
501SR2715 #18,25.00,79.95,3
501SR2918 #12,25.00,79.95,0
501SR2918 #14,25.00,79.95,0
501SR2918 #16,25.00,79.95,0
501SR2918 #18,25.00,79.95,0
501SR1811 #12,29.00,92.74,3
501SR1811 #14,29.00,92.74,3
501SR1811 #16,29.00,92.74,3
501SR1811 #18,29.00,92.74,0
HP003+A #12,24.00,76.75,3
HP003+A #10,24.00,76.75,3
HP003+A #14,24.00,76.75,0
HP003+A #16,24.00,76.75,3
HP003+A #18,24.00,76.75,0
HP003+A #20,24.00,76.75,0
HP003+B #10,24.00,76.75,0
HP003+B #12,24.00,76.75,3
HP003+B #14,24.00,76.75,0
HP003+B #16,24.00,76.75,0
HP003+B #18,24.00,76.75,0
HP003+B #20,24.00,76.75,0
HP003+D #18,24.00,76.75,0
HP003+D #10,24.00,76.75,0
HP003+D #12,24.00,76.75,0
HP003+D #14,24.00,76.75,0
HP003+D #16,24.00,76.75,0
HP003+D #20,24.00,76.75,0
PR0439RH #12,17.00,54.37,0
PR0439RH #14,17.00,54.37,0
PR0439RH #16,17.00,54.37,3
PR0439RH #18,17.00,54.37,0
PR0439RH #16,24.00,76.75,3
PR0439RH #12,30.08,96.20,0
HP003+E #14,24.00,76.75,0
HP003+E #10,24.00,76.75,0
HP003+E #12,24.00,76.75,0
HP003+E #16,24.00,76.75,0
HP003+E #18,24.00,76.75,0
HP003+E #20,24.00,76.75,0
HP003+I #12,24.00,76.75,0
HP003+I #10,24.00,76.75,0
HP003+I #14,24.00,76.75,0
HP003+I #16,24.00,76.75,0
HP003+I #18,24.00,76.75,0
HP003+I #20,24.00,76.75,0
HP003+C #10,24.00,76.75,0
HP003+C #12,24.00,76.75,0
HP003+C #14,24.00,76.75,0
HP003+C #16,24.00,76.75,0
HP003+C #18,24.00,76.75,0
HP003+C #20,24.00,76.75,0
HP003+F #10,24.00,76.75,0
HP003+F #12,24.00,76.75,0
HP003+F #14,24.00,76.75,0
HP003+F #16,24.00,76.75,0
HP003+F #18,24.00,76.75,0
HP003+F #20,24.00,76.75,0
PR0439RY #12,17.00,54.37,3
PR0439RY #14,17.00,54.37,3
PR0439RY #16,17.00,54.37,3
PR0439RY #18,17.00,54.37,0
PR0439RY #12,24.00,76.75,3
HP003+G #10,24.00,76.75,0
HP003+G #12,24.00,76.75,0
HP003+G #14,24.00,76.75,0
HP003+G #16,24.00,76.75,0
HP003+G #18,24.00,76.75,0
HP003+G #20,24.00,76.75,0
PR0441RH #16,24.00,76.75,3
PR0441RH #12,28.00,89.54,3
PR0441RH #14,28.00,89.54,3
PR0441RH #16,28.00,89.54,3
PR0441RH #18,28.00,89.54,3
HP003+H #10,24.00,76.75,0
HP003+H #12,24.00,76.75,0
HP003+H #14,24.00,76.75,0
HP003+H #16,24.00,76.75,0
HP003+H #18,24.00,76.75,0
HP003+H #20,24.00,76.75,0
HP003+J #10,24.00,76.75,0
HP003+J #12,24.00,76.75,0
HP003+J #14,24.00,76.75,0
HP003+J #16,24.00,76.75,0
HP003+J #18,24.00,76.75,0
HP003+J #20,24.00,76.75,3
CR10322WHITE #12,24.00,76.75,3
CR10322WHITE #12,31.00,99.14,3
CR10322WHITE #14,31.00,99.14,3
CR10322WHITE #16,31.00,99.14,3
CR10322WHITE #18,31.00,99.14,3
CR10322WHITE #20,31.00,99.14,3
CR10322WHITE #22,31.00,99.14,3
CR10322WHITE #24,31.00,99.14,3
HP003+K #10,24.00,76.75,3
HP003+K #12,24.00,76.75,0
HP003+K #14,24.00,76.75,0
HP003+K #16,24.00,76.75,0
HP003+K #18,24.00,76.75,3
HP003+K #20,24.00,76.75,0
HP003+L #10,24.00,76.75,0
HP003+L #12,24.00,76.75,0
HP003+L #14,24.00,76.75,0
HP003+L #16,24.00,76.75,0
HP003+L #18,24.00,76.75,0
HP003+L #20,24.00,76.75,0
CR10320BLUE #18,24.00,76.75,3
CR10320BLUE #11,26.00,83.15,3
CR10320BLUE #12,26.00,83.15,3
CR10320BLUE #13,26.00,83.15,0
CR10320BLUE #14,26.00,83.15,3
CR10320BLUE #16,26.00,83.15,3
CR10320BLUE #17,26.00,83.15,3
CR10320BLUE #18,26.00,83.15,3
CR10320BLUE #19,26.00,83.15,3
CR10320BLUE #20,26.00,83.15,3
HP003+M #10,24.00,76.75,3
HP003+M #12,24.00,76.75,3
HP003+M #14,24.00,76.75,0
HP003+M #16,24.00,76.75,0
HP003+M #18,24.00,76.75,3
HP003+M #20,24.00,76.75,0
CR10320GREEN #14,24.00,76.75,0
CR10320GREEN #11,30.00,95.94,3
CR10320GREEN #12,30.00,95.94,3
CR10320GREEN #13,30.00,95.94,0
CR10320GREEN #14,30.00,95.94,3
CR10320GREEN #16,30.00,95.94,3
CR10320GREEN #17,30.00,95.94,3
HP003+N #10,24.00,76.75,0
HP003+N #12,24.00,76.75,0
HP003+N #14,24.00,76.75,0
HP003+N #16,24.00,76.75,0
HP003+N #18,24.00,76.75,0
HP003+N #20,24.00,76.75,0
HP003+O #10,24.00,76.75,0
HP003+O #12,24.00,76.75,0
HP003+O #14,24.00,76.75,0
HP003+O #16,24.00,76.75,0
HP003+O #18,24.00,76.75,0
HP003+O #20,24.00,76.75,0
HP003+P #10,24.00,76.75,3
HP003+P #12,24.00,76.75,0
HP003+P #14,24.00,76.75,0
HP003+P #16,24.00,76.75,0
HP003+P #18,24.00,76.75,0
HP003+P #20,24.00,76.75,0
HP003+R #10,24.00,76.75,0
HP003+R #12,24.00,76.75,0
HP003+R #14,24.00,76.75,0
HP003+R #16,24.00,76.75,0
HP003+R #18,24.00,76.75,0
HP003+R #20,24.00,76.75,0
HP003+S #10,24.00,76.75,0
HP003+S #12,24.00,76.75,0
HP003+S #14,24.00,76.75,0
HP003+S #16,24.00,76.75,0
HP003+S #18,24.00,76.75,0
HP003+S #20,24.00,76.75,3
HP003+T #10,24.00,76.75,0
HP003+T #12,24.00,76.75,0
HP003+T #14,24.00,76.75,0
HP003+T #16,24.00,76.75,0
HP003+T #18,24.00,76.75,0
HP003+T #20,24.00,76.75,0
HP003+U #10,24.00,76.75,0
HP003+U #12,24.00,76.75,0
HP003+U #14,24.00,76.75,0
HP003+U #16,24.00,76.75,0
HP003+U #18,24.00,76.75,0
HP003+U #20,24.00,76.75,0
HP003+W #10,24.00,76.75,0
HP003+W #12,24.00,76.75,0
HP003+W #14,24.00,76.75,0
HP003+W #16,24.00,76.75,0
HP003+W #18,24.00,76.75,0
HP003+W #20,24.00,76.75,0
HP003+Z #10,24.00,76.75,0
HP003+Z #12,24.00,76.75,0
HP003+Z #14,24.00,76.75,0
HP003+Z #16,24.00,76.75,0
HP003+Z #18,24.00,76.75,0
HP003+Z #20,24.00,76.75,0
AH5768 #19,149.00,366.54,0
AZR1013RG8K #12,264.00,584.50,0
AZR1013RG8K #14,264.00,584.50,0
AZR1013RG8K #16,264.00,584.50,0
AZR1013RG8K #18,264.00,584.50,0
AZR1013RG8K #19,264.00,584.50,0
AZR1013RG8K #15,264.00,584.50,0
AZR1013RG8K #13,264.00,584.50,0
AZR1013RG8K #11,264.00,584.50,0
AZR1061RG8K #12,237.00,524.72,0
AZR1061RG8K #14,237.00,524.72,0
AZR1061RG8K #16,237.00,524.72,0
AZR1061RG8K #18,237.00,524.72,0
AZR1061RG8K #11,237.00,524.72,0
AZR2090RG8K #12,246.00,544.64,0
AZR2090RG8K #14,246.00,544.64,0
AZR2090RG8K #16,246.00,544.64,0
AZR2090RG8K #18,246.00,544.64,0
AZR2090RG8K #15,246.00,544.64,0
AZR1233RG8K #12,301.00,666.41,0
AZR1233RG8K #14,301.00,666.41,0
AZR1233RG8K #16,301.00,666.41,0
AZR1233RG8K #18,301.00,666.41,0
AZR1233RG8K #15,301.00,666.41,0
AZR1233RG8K #17,301.00,666.41,0
AZR1233RG8K #19,301.00,666.41,0
PXL0011RG8K #12,516.00,1078.96,0
PXL0011RG8K #14,516.00,1078.96,0
PXL0011RG8K #16,516.00,1078.96,0
PXL0011RG8K #18,516.00,1078.96,0
PAR0613RG8K #10,185.00,409.59,0
PAR0613RG8K #9,185.00,409.59,0
PAR0613RG8K #8,185.00,409.59,0
PAR0613RG8K #7,185.00,409.59,0
PAR0613RG8K #12,215.00,476.01,0
PAR0613RG8K #14,215.00,476.01,0
PAR0613RG8K #16,215.00,476.01,0
PAR0613RG8K #18,215.00,476.01,0
PAR0613RG8K #17,215.00,476.01,0
PAR0613RG8K #11,215.00,476.01,0
PRR0135RG8K #12,459.00,959.77,0
PRR0135RG8K #14,459.00,959.77,0
PRR0135RG8K #16,459.00,959.77,0
PRR0135RG8K #18,459.00,959.77,0
PRR0135RG8K #13,459.00,959.77,0
PRR0135RG8K #15,459.00,959.77,0
PRR0135RG8K #17,459.00,959.77,0
AZR1282RG8K #12,251.00,555.71,0
AZR1282RG8K #14,251.00,555.71,0
AZR1282RG8K #16,251.00,555.71,0
AZR1282RG8K #18,251.00,555.71,0
AZR1282RG8K #15,251.00,555.71,0
PAR0928RG8K #12,160.00,393.60,0
PAR0928RG8K #11,160.00,393.60,0
PAR0928RG8K #18,180.00,398.52,0
PAR0928RG8K #14,180.00,398.52,0
PAR0928RG8K #16,180.00,398.52,0
PAR0928RG8K #17,180.00,398.52,0
AZR1211RG8K #12,214.00,473.80,0
AZR1211RG8K #14,223.00,493.72,3
AZR1211RG8K #16,223.00,493.72,3
AZR1211RG8K #18,223.00,493.72,3
PAY0037RG8K #12,229.00,507.01,0
PAY0037RG8K #14,229.00,507.01,0
PAY0037RG8K #16,229.00,507.01,0
PAY0037RG8K #18,229.00,507.01,0
PAY0037RG8K #11,229.00,507.01,0
AZR1262RG8K #12,232.00,513.65,0
AZR1262RG8K #14,240.00,531.36,0
AZR1262RG8K #16,240.00,531.36,0
AZR1262RG8K #18,240.00,531.36,3
AZR1262RG8K #15,240.00,531.36,0
AZR1262RG8K #17,240.00,531.36,0
AZR1262RG8K #13,240.00,531.36,0
AZR1213RG8K #18,230.00,509.22,0
AZR1213RG8K #12,243.00,538.00,0
AZR1213RG8K #14,243.00,538.00,0
AZR1213RG8K #16,243.00,538.00,0
AZR1213RG8K #13,243.00,538.00,0
AZR1213RG8K #15,243.00,538.00,0
AZR1213RG8K #11,243.00,538.00,0
ALY0001-XRG8K #14,191.00,422.87,0
ALY0001-XRG8K #12,191.00,422.87,0
ALY0001-XRG8K #18,191.00,422.87,0
ALY0001-XRG8K #16,208.00,460.51,0
ALY0001-XRG8K #13,219.00,484.87,0
ALY0001-XRG8K #15,219.00,484.87,0
ALY0001-XRG8K #17,219.00,484.87,0
AZR2069RG8K #12,380.00,794.58,0
AZR2069RG8K #14,391.00,817.58,0
AZR2069RG8K #16,391.00,817.58,0
AZR2069RG8K #18,391.00,817.58,0
AZR2069RG8K #13,391.00,817.58,0
AZR2069RG8K #11,391.00,817.58,0
PAR1206RG8K #14,297.00,657.56,0
PAR1206RG8K #13,297.00,657.56,0
PAR1206RG8K #16,297.00,657.56,0
PAR1206RG8K #12,338.00,706.76,0
PAR1206RG8K #15,338.00,706.76,0
PAR1206RG8K #18,338.00,706.76,0
PAR1206RG8K #17,338.00,706.76,0
AZR1053RG8K #18,238.00,526.93,0
AZR1053RG8K #12,250.00,553.50,0
AZR1053RG8K #14,250.00,553.50,0
AZR1053RG8K #16,250.00,553.50,0
AZR1053RG8K #15,250.00,553.50,0
AZR1053RG8K #19,250.00,553.50,0
KVD0614K #42,240.00,531.36,0
KVD0614K #55,252.00,557.93,0
KVD0614K #45,257.00,569.00,3
KVD0614K #50,281.00,622.13,0
PEARL0016R #18,66.00,194.83,3
PEARL0016R #17,66.00,194.83,0
PEARL0016R #23,66.00,194.83,0
ALCYR0863PRH #12,74.00,218.45,0
ALCYR0863PRH #14,74.00,218.45,0
ALCYR0863PRH #16,74.00,218.45,0
ALCYR0863PRH #18,74.00,218.45,0
ALCYR0863PRH #20,74.00,218.45,0
ALCYR0869PRH #12,29.00,92.74,0
ALCYR0869PRH #14,29.00,92.74,0
ALCYR0869PRH #16,29.00,92.74,0
ALCYR0869PRH #18,29.00,92.74,0
SRAYA05717 #16,52.00,153.50,0
SRAYA05717 #12,52.00,153.50,0
SRAYA05717 #14,52.00,153.50,0
SRAYA05717 #18,52.00,153.50,0
ALCYR0864PRH #14,58.00,171.22,0
ALCYR0864PRH #16,58.00,171.22,0
ALCYR0864PRH #18,58.00,171.22,0
ALCYR0864PRH #20,58.00,171.22,0
ALCYR0864PRH #22,58.00,171.22,0
ALCYR0864PRH #12,74.00,218.45,0
AR16468RH #12,30.00,95.94,3
AR16468RH #14,30.00,95.94,0
AR16468RH #16,31.00,99.14,3
AR16468RH #18,31.00,99.14,0
AR16469RH #12,41.00,121.03,0
AR16469RH #14,42.00,123.98,0
AR16469RH #16,44.00,129.89,0
AR16469RH #18,47.00,138.74,0
AR16467RH #12,31.00,99.14,3
AR16467RH #14,34.00,108.73,3
AR16467RH #16,35.00,111.93,3
AR16467RH #18,37.00,118.33,3
ALCYR0870P #16,25.00,79.95,0
ALCYR0870P #18,25.00,79.95,0
ALCYR0870P #20,25.00,79.95,0
ALCYR0870P #12,29.00,92.74,0
ALCYR0870P #14,29.00,92.74,0
KKS1714KBARS #18CM,186.00,411.80,3
KKS1714KBARS #19CM,198.00,438.37,3
KKS1714KBARS #45CM,364.00,761.12,3
KKS1714KBARS #50CM,422.00,882.40,3
TRZ30G14K #19,252.00,557.93,3
TRZ30G14K #45,499.00,1043.41,3
TRZ30G14K #50,546.00,1141.69,3
TRZ30G14K #55,582.00,1216.96,3
T30G14K #18,200.00,442.80,3
T30G14K #19,212.00,469.37,3
T30G14K #42,439.00,917.95,0
T30G14K #45,457.00,955.59,3
T30G14K #50,499.00,1043.41,3
T30G14K #55,537.00,1122.87,3
AR17677RH #12,25.00,79.95,3
AR17677RH #14,25.00,79.95,3
AR17677RH #16,26.00,83.15,3
AR17677RH #18,28.00,89.54,3
AR17677RH #12,48.78,144.00,0
SET0052RRH #12,35.00,111.93,0
SET0052RRH #14,35.00,111.93,0
SET0052RRH #16,35.00,111.93,0
SET0052RRH #18,35.00,111.93,0
SET0052RRH #22,35.00,111.93,0
SET0052RRH #20,35.00,111.93,0
AR17677-SRH #16,88.00,238.13,0
AR17677-SRH #18,88.00,238.13,0
AR17677-SRH #20,90.00,243.54,0
AR17677-SRH #22,92.00,248.95,0
AR17677-SRH #20,159.35,392.00,0
SET0054RRH #14,23.00,73.55,0
SET0051RRH #12,35.00,111.93,0
SET0051RRH #16,35.00,111.93,0
SET0051RRH #20,35.00,111.93,0
SET0051RRH #22,35.00,111.93,0
ALCYR0591RRH #10,31.00,99.14,3
ALCYR0591RRH #14,31.00,99.14,0
ALCYR0591RRH #16,31.00,99.14,0
ALCYR0591RRH #18,31.00,99.14,0
AZR1282RG8K-1 #14,251.00,555.71,0
AZR1282RG8K-1 #16,251.00,555.71,0
AZR1282RG8K-1 #18,251.00,555.71,0
AZR1282RG8K-1 #11,255.00,564.57,0
AZR1282RG8K-1 #12,255.00,564.57,0
AZR1282RG8K-1 #15,255.00,564.57,0
AZR1211RG8K-1 #12,204.00,451.66,0
AZR1211RG8K-1 #13,204.00,451.66,0
AZR1211RG8K-1 #14,214.00,473.80,0
AZR1211RG8K-1 #16,214.00,473.80,0
AZR1211RG8K-1 #18,214.00,473.80,0
R003RHW+R #12,47.00,138.74,0
R003RHW+R #14,47.00,138.74,0
R003RHW+R #16,47.00,138.74,0
R003RHW+R #18,47.00,138.74,0
R003RHW+R #20,47.00,138.74,0
R006RHW #12,30.00,95.94,0
R006RHW #14,31.00,99.14,0
R006RHW #18,31.00,99.14,0
R006RHW #16,34.00,108.73,0
R006RHW #20,49.00,144.65,0
YJ010020NRH #45CM,38.00,121.52,3
YJ010020NRH #50CM,41.00,121.03,3
YJ010020NRH #45CM,70.73,208.79,0
SB02505071NRH #45CM,24.00,76.75,0
SB02505071NRH #50CM,25.00,79.95,3
SB02505071NRH #50CM,41.00,121.03,3
SB02505071BNRH #23+5,17.00,54.37,3
SB02505071BNRH #23+5,41.00,121.03,3
KFD20DC14K #45,251.00,555.71,0
KFD20DC8K #45,130.00,319.80,0
PSR0050G8K #16,225.00,498.15,0
OBR003G8K #12,258.00,571.21,0
OBR003G8K #17,258.00,571.21,0
OBR003G8K #14,382.00,798.76,0
OBR003G8K #16,382.00,798.76,0
OBR003G8K #18,382.00,798.76,0
OBR003G8K #20,382.00,798.76,0
OBR039-1S #23,34.00,108.73,0
OBR039-1S #10,48.00,141.70,3
OBR039-1S #11,48.00,141.70,3
OBR039-1S #12,49.00,144.65,0
OBR039-1S #13,53.00,156.46,0
OBR039-1S #14,53.00,156.46,0
OBR039-1S #15,54.00,159.41,0
OBR039-1S #16,54.00,159.41,0
OBR039-1S #17,54.00,159.41,0
OBR039-1S #20,54.00,159.41,0
OBR039-1S #18,58.00,171.22,0
OBR039-1S #19,58.00,171.22,0
OBR039-1S #22,58.00,171.22,0
OBR039-1S #21,60.00,177.12,0
OBR039-1S #24,62.00,183.02,0
OBR039-1S #25,66.00,194.83,0
OBR039-1S #26,66.00,194.83,0
OBR039-1S #27,66.00,194.83,0
OBR021-1S #10,37.00,118.33,0
OBR021-1S #11,37.00,118.33,0
OBR021-1S #14,37.00,118.33,0
OBR021-1S #17,37.00,118.33,0
OBR021-1S #19,37.00,118.33,0
OBR021-1S #21,37.00,118.33,0
OBR021-1S #23,37.00,118.33,0
OBR021-1S #26,37.00,118.33,0
OBR021-1S #27,37.00,118.33,0
OBR021-1S #29,37.00,118.33,0
OBR021-1S #30,37.00,118.33,0
OBR021-1S #12,47.00,138.74,3
OBR021-1S #13,48.00,141.70,3
OBR021-1S #15,49.00,144.65,3
OBR021-1S #16,54.00,159.41,0
OBR021-1S #18,54.00,159.41,0
OBR021-1S #20,58.00,171.22,0
OBR021-1S #22,58.00,171.22,0
OBR021-1S #24,60.00,177.12,0
OBR021-1S #28,60.00,177.12,0
OBR021-1S #31,64.00,188.93,0
OBR021-1S #25,66.00,194.83,0
OBR038-1S #11,35.00,111.93,0
OBR038-1S #12,35.00,111.93,0
OBR038-1S #15,35.00,111.93,0
OBR038-1S #16,35.00,111.93,0
OBR038-1S #21,35.00,111.93,0
OBR038-1S #24,35.00,111.93,0
OBR038-1S #10,48.00,141.70,3
OBR038-1S #17,48.00,141.70,0
OBR038-1S #18,48.00,141.70,0
OBR038-1S #22,48.00,141.70,0
OBR038-1S #13,49.00,144.65,0
OBR038-1S #14,49.00,144.65,0
OBR038-1S #23,52.00,153.50,0
OBR038-1S #19,53.00,156.46,0
OBR038-1S #31,53.00,156.46,3
OBR038-1S #20,54.00,159.41,0
OBR038-1S #25,60.00,177.12,0
OBR038-1S #29,60.00,177.12,0
OBR038-1S #30,60.00,177.12,0
OBR038-1S #26,62.00,183.02,0
OBR038-1S #27,62.00,183.02,0
OBR038-1S #28,62.00,183.02,0
NFR 30 DC 8L #19,953.00,1934.11,0
NFR 30 DC 8L #45,1871.00,3567.06,0
NFR 30 DC 8L #50,2042.00,3893.07,0
KFDR6014K #50,1588.00,3125.18,0
KGD70CONC14K #50C,2856.00,5444.96,0
KGD60SF14K #50CM,2506.00,4777.69,0
KGD60SF14K #55CM,2749.00,5240.97,0
KGD60CONC14K #50CM,1641.00,3128.57,0
KGD50SF14K #45CM,823.00,1670.28,0
KGD50SF14K #50CM,939.00,1905.70,0
SPIGA20-4L 14K #45,452.00,945.13,3
KGD44SF14K #42CM,495.00,1035.05,0
KGD44SF14K #45CM,667.00,1353.68,3
KGD44SF14K #50CM,690.00,1400.35,0
KGD44SF14K #55CM,807.00,1637.81,0
KGD80SF14K #21CM,1995.00,3803.47,0
AR15673RH #12,58.00,171.22,3
AR15673RH #14,58.00,171.22,3
AR15673RH #16,58.00,171.22,3
AR15673RH #18,58.00,171.22,3
AR15645OXY #14,61.00,180.07,3
AR15650OXY #14,62.00,183.02,3
AR15651OXY #14,64.00,188.93,3
AE21668 #12,66.00,194.83,0
AE21668 #14,66.00,194.83,3
AE21668 #16,66.00,194.83,3
AE21668 #18,66.00,194.83,3
AE21668 #20,66.00,194.83,3
AR15849OXY #14,49.00,144.65,0
AR15849OXY #16,49.00,144.65,0
AR15849OXY #18,49.00,144.65,3
AR15849OXY #20,49.00,144.65,0
AR15847OXY #12,53.00,156.46,0
AR15847OXY #14,53.00,156.46,3
AR15847OXY #16,53.00,156.46,3
AR15847OXY #18,53.00,156.46,3
AR15847OXY #20,53.00,156.46,0
AR15845OXY #12,53.00,156.46,0
AR15845OXY #14,53.00,156.46,3
AR15845OXY #16,53.00,156.46,0
AR15845OXY #18,53.00,156.46,0
AR15845OXY #20,53.00,156.46,0
AR15890OXY #12,55.00,162.36,0
AR15890OXY #14,55.00,162.36,3
AR15890OXY #16,55.00,162.36,0
AR15890OXY #18,55.00,162.36,0
AR15890OXY #20,55.00,162.36,0
AE21671 #12,52.00,153.50,0
AE21671 #14,52.00,153.50,3
AE21671 #16,52.00,153.50,3
AE21671 #18,52.00,153.50,3
AE21671 #20,52.00,153.50,3
AE21678 #14,54.00,159.41,3
AE21678 #16,54.00,159.41,3
AE21678 #18,54.00,159.41,3
AE21678 #20,54.00,159.41,3
AE21680 #12,54.00,159.41,0
AE21680 #14,54.00,159.41,3
AE21680 #16,54.00,159.41,3
AE21680 #18,54.00,159.41,3
AE21680 #20,54.00,159.41,3
AE21716 #12,49.00,144.65,0
AE21716 #14,49.00,144.65,3
AE21716 #16,49.00,144.65,3
AE21716 #18,49.00,144.65,3
AE21716 #20,49.00,144.65,3
AE21732 #12,41.00,121.03,0
AE21732 #14,41.00,121.03,3
AE21732 #16,41.00,121.03,3
AE21732 #18,41.00,121.03,3
AE21732 #20,41.00,121.03,3
AR15833OXY #12,41.00,121.03,0
AR15833OXY #14,41.00,121.03,0
AR15833OXY #16,41.00,121.03,0
AR15833OXY #18,41.00,121.03,0
AR15833OXY #20,41.00,121.03,0
TAGRI-00188 #18,40.00,127.92,0
AR15832OXY #14,40.00,127.92,0
AR15832OXY #16,40.00,127.92,0
AR15832OXY #18,40.00,127.92,0
AR15832OXY #20,40.00,127.92,0
AE21728 #12,44.00,129.89,0
AE21728 #14,44.00,129.89,3
AE21728 #16,44.00,129.89,3
AE21728 #18,44.00,129.89,3
AE21728 #20,44.00,129.89,3
AE21726 #14,40.00,127.92,3
AE21726 #16,40.00,127.92,3
AE21726 #18,40.00,127.92,3
AE21726 #20,40.00,127.92,3
AR15854OXY #14,49.00,144.65,3
AR15854OXY #16,49.00,144.65,3
AR15854OXY #18,49.00,144.65,3
AR15854OXY #20,49.00,144.65,3
AR15852OXY #14,49.00,144.65,3
AR15852OXY #16,49.00,144.65,3
AR15852OXY #18,49.00,144.65,3
AR15852OXY #20,49.00,144.65,0
AR15850OXY #14,54.00,159.41,3
AR15850OXY #16,54.00,159.41,3
AR15850OXY #18,54.00,159.41,3
AR15850OXY #20,54.00,159.41,0
AR15851OXY #12,52.00,153.50,0
AR15851OXY #14,52.00,153.50,0
AR15851OXY #16,52.00,153.50,0
AR15851OXY #18,52.00,153.50,0
AR15851OXY #20,52.00,153.50,0
AR15848OXY #12,52.00,153.50,0
AR15848OXY #14,52.00,153.50,0
AR15848OXY #16,52.00,153.50,3
AR15848OXY #18,52.00,153.50,0
AR15848OXY #20,52.00,153.50,0
AR15853OXY #14,49.00,144.65,0
AR15853OXY #16,49.00,144.65,3
AR15853OXY #18,49.00,144.65,3
AR15853OXY #20,49.00,144.65,0
BO20CUBONG9K #45CM,190.00,420.66,0
BO20OVALENG9K #42CM,430.00,899.13,0
BO15NG14K #42CM,177.00,391.88,3
BO15NG14K #45CM,181.00,400.73,3
KFD25NG14K #45CM,300.00,664.20,0
KGDR25NG9K #45CM,118.00,319.31,0
BO20NG8K #44CM,122.00,300.12,0
KRRD20NG8K #45CM,163.00,360.88,0
KFB191+1NG9K #44CM,115.00,311.19,0
AR18075PRH #12,47.00,138.74,0
AR18075PRH #14,47.00,138.74,0
AR18075PRH #16,47.00,138.74,0
AR18075PRH #18,47.00,138.74,0
AR18075PRH #12,78.86,232.79,0
P-762 #15,49.00,144.65,0
P-762 #17,49.00,144.65,0
P-762 #29,49.00,144.65,0
P-762 #31,49.00,144.65,0
P-762 #19,56.00,165.31,0
P-762 #21,56.00,165.31,0
P-762 #23,56.00,165.31,0
P-762 #25,56.00,165.31,0
P-762 #27,56.00,165.31,0
AR18052PRH #12,29.00,92.74,3
AR18052PRH #14,29.00,92.74,3
AR18052PRH #16,29.00,92.74,3
AR18052PRH #18,29.00,92.74,3
AR18052PRH #16,41.00,121.03,3
ALMP0001R #13,41.00,121.03,0
ALMP0001R #14,41.00,121.03,0
ALMP0001R #16,41.00,121.03,0
ALMP0001R #17,41.00,121.03,0
ALMP0001R #18,41.00,121.03,0
ALMP0001R #20,41.00,121.03,0
ALCYR0872RRH #11,31.00,99.14,0
ALCYR0872RRH #12,31.00,99.14,3
ALCYR0872RRH #15,31.00,99.14,3
ALCYR0872RRH #16,31.00,99.14,3
ALCYR0872RRH #17,31.00,99.14,3
AR18077PRH #12,25.00,79.95,0
AR18077PRH #12,29.00,92.74,3
AR18077PRH #14,29.00,92.74,3
AR18077PRH #16,29.00,92.74,3
AR18077PRH #18,29.00,92.74,3
ALCYR0874RRH #12,25.00,79.95,0
ALCYR0874RRH #14,25.00,79.95,0
ALCYR0874RRH #16,25.00,79.95,0
ALCYR0874RRH #18,25.00,79.95,0
AR18078PRH #12,29.00,92.74,0
AR18078PRH #12,37.00,118.33,0
AR18078PRH #14,37.00,118.33,3
AR18078PRH #16,37.00,118.33,3
AR18078PRH #18,37.00,118.33,0
ALCYR0873RRH #10,29.00,92.74,0
ALCYR0873RRH #14,29.00,92.74,0
ALCYR0873RRH #18,29.00,92.74,0
ALCYR0221RRH #12,23.00,73.55,0
ALCYR0221RRH #14,23.00,73.55,0
ALCYR0221RRH #16,23.00,73.55,0
ALCYR0221RRH #18,23.00,73.55,0
"KFBR19B1,4B14K #19CM",165.00,365.31,0
"KFBR19B1,4N14K #42CM",301.00,666.41,0
"KFBR19B1,4N14K #45CM",328.00,685.85,3
PBM2259YG #BIAŁY,67.00,197.78,3
PBM2184YG #BIAŁY,66.00,194.83,3
PBM2125YG #BIAŁY,62.00,183.02,3
PBN0997YG #BIAŁY,71.00,209.59,3
PBM1261YG #BIAŁY,82.00,221.89,3
PBM1872YG #BIAŁY,62.00,183.02,3
PBM2107YG #BIAŁY,62.00,183.02,0
PBN1000YG #BIAŁY,58.00,171.22,0
PBN1064YG #BIAŁY,70.00,206.64,0
PBN0414YG #BIAŁY,78.00,230.26,0
BSS006YG #BIAŁY,66.00,194.83,0
PBM1223YG #BIAŁY,80.00,236.16,3
PBM1999YG #BIAŁY,70.00,206.64,0
PBM1078YG #BIAŁY,74.00,218.45,3
PBN1034YG #BIAŁY,66.00,194.83,0
PBN0999YG #BIAŁY,56.00,165.31,0
PBN0042YG #BIAŁY,58.00,171.22,0
PBM2320YG #BIAŁY,62.00,183.02,3
PBN0641Y #BIAŁY,71.00,209.59,3
PBM2400YG #BIAŁY,78.00,230.26,0
PBM1709YG #BIAŁY,58.00,171.22,3
PBM1617YG #BIAŁY,74.00,218.45,3
ALPIER001S #4,18.00,57.56,0
ALPIER001Y #4,26.00,83.15,0
ALPIER002S #4,20.00,63.96,0
ALPIER003S #8,17.00,54.37,0
ALPIER003Y #8,25.00,79.95,0
ALPIER002Y #4,28.00,89.54,0
"ALPIER004S #3,5",10.00,38.13,0
ALPIER005S #4,11.00,41.94,0
"ALPIER004Y #3,5",12.00,45.76,0
ALPIER005Y #4,14.00,53.38,0
AR15682RH #12,56.00,165.31,3
AR15682RH #14,60.00,177.12,3
AR15682RH #16,60.00,177.12,3
AR15682RH #18,61.00,180.07,3
AR15667RH #12,54.00,159.41,3
AR15667RH #14,54.00,159.41,3
AR15667RH #16,54.00,159.41,3
AR15667RH #18,54.00,159.41,3
AR15672RH #12,54.00,159.41,3
AR15672RH #14,54.00,159.41,3
AR15672RH #16,54.00,159.41,3
AR15672RH #18,54.00,159.41,3
AR15674RH #12,31.00,99.14,3
AR15674RH #14,34.00,108.73,0
AR15674RH #18,35.00,111.93,3
AR15674RH #16,38.00,121.52,3
ALSS0378RRH #11,48.00,141.70,3
ALSS0378RRH #12,48.00,141.70,3
ALSS0378RRH #13,48.00,141.70,3
ALSS0378RRH #15,48.00,141.70,0
ALSS0378RRH #16,48.00,141.70,0
ALSS0378RRH #17,48.00,141.70,0
ALSS0378RRH #18,48.00,141.70,0
R-1049 #12,25.00,79.95,0
R-1049 #14,25.00,79.95,0
R-1049 #16,25.00,79.95,0
R-1049 #18,25.00,79.95,0
ALCYR0523RRH #11,24.00,76.75,0
ALCYR0523RRH #12,24.00,76.75,0
ALCYR0523RRH #14,24.00,76.75,0
ALCYR0523RRH #17,24.00,76.75,0
ALCYR0523RRH #18,24.00,76.75,0
ALCYR0523RRH #20,24.00,76.75,0
ALCYR0737R #12,24.00,76.75,0
ALCYR0737R #14,24.00,76.75,0
ALCYR0737R #16,24.00,76.75,0
ALCYR0737R #18,24.00,76.75,0
ALCYR0652R #12,23.00,73.55,0
ALCYR0652R #14,23.00,73.55,0
ALCYR0652R #16,23.00,73.55,0
ALCYR0652R #18,23.00,73.55,0
ALCYR0698 #12,37.00,118.33,0
ALCYR0698 #14,37.00,118.33,0
ALCYR0698 #16,37.00,118.33,0
ALCYR0698 #18,37.00,118.33,0
R-0528 #12,38.00,121.52,3
R-0528 #14,38.00,121.52,0
R-0528 #16,38.00,121.52,0
R-0528 #18,38.00,121.52,0
R-0528 #20,38.00,121.52,0
R-0531 #18,28.00,89.54,0
R-0531 #12,28.00,89.54,0
R-0531 #14,28.00,89.54,0
R-0531 #16,28.00,89.54,0
R-0531 #20,28.00,89.54,0
R-0534 #12,37.00,118.33,3
R-0534 #14,37.00,118.33,0
R-0534 #16,37.00,118.33,0
R-0534 #18,37.00,118.33,0
R-0534 #20,37.00,118.33,0
ALCYR0762RRH #11,29.00,92.74,0
ALCYR0762RRH #12,29.00,92.74,0
ALCYR0762RRH #14,29.00,92.74,0
ALCYR0762RRH #17,29.00,92.74,0
ALCYR0762RRH #18,29.00,92.74,0
ALCYR0762RRH #19,29.00,92.74,0
ALCYR0762RRH #20,29.00,92.74,0
ALCYR0653R #12,34.00,108.73,0
ALCYR0653R #14,34.00,108.73,0
ALCYR0653R #16,34.00,108.73,0
ALCYR0653R #18,34.00,108.73,0
ALCYR0867P #12,35.00,111.93,0
ALCYR0867P #14,35.00,111.93,0
ALCYR0867P #16,35.00,111.93,0
ALCYR0867P #18,35.00,111.93,0
ALCYR0867P #20,35.00,111.93,0
ALCYR0699 #12,25.00,79.95,0
ALCYR0699 #15,25.00,79.95,0
ALCYR0699 #16,25.00,79.95,0
ALCYR0699 #18,25.00,79.95,0
ALCYR0729RRH #12,31.00,99.14,3
ALCYR0729RRH #14,31.00,99.14,0
ALCYR0729RRH #18,31.00,99.14,0
ML03502 #12,40.00,127.92,0
ML03502 #14,40.00,127.92,0
ML03502 #16,40.00,127.92,0
ML03502 #18,40.00,127.92,0
R002 #12,37.00,118.33,3
R002 #14,37.00,118.33,0
R002 #16,37.00,118.33,0
R002 #18,37.00,118.33,0
ALCYR0742RRH #11,47.00,138.74,0
ALCYR0742RRH #12,47.00,138.74,0
ALCYR0742RRH #14,47.00,138.74,0
ALCYR0742RRH #15,47.00,138.74,0
ALCYR0742RRH #17,47.00,138.74,0
ALCYR0742RRH #18,47.00,138.74,0
ALCYR0742RRH #19,47.00,138.74,0
ALCYR0742RRH #20,47.00,138.74,0
ALCYR0861PRH #12,110.00,297.66,3
ALCYR0861PRH #16,110.00,297.66,0
ALCYR0861PRH #18,110.00,297.66,0
ALCYR0861PRH #20,110.00,297.66,0
ALCYR0862P #12,100.00,270.60,0
ALCYR0862P #14,100.00,270.60,0
ALCYR0862P #16,100.00,270.60,0
ALCYR0862P #18,100.00,270.60,0
ALCYR0862P #20,100.00,270.60,0
ALCYR0866PRH #16,70.00,206.64,0
ALCYR0866PRH #18,70.00,206.64,0
ALCYR0866PRH #20,70.00,206.64,0
ALCYR0866PRH #12,134.00,329.64,0
ALCYR0866PRH #14,134.00,329.64,0
ALCYR0868PRH #12,134.00,329.64,0
ALCYR0868PRH #14,142.00,349.32,0
ALCYR0868PRH #16,142.00,349.32,0
ALCYR0868PRH #18,142.00,349.32,0
ALCYR0671RRH #12,66.00,194.83,0
ALCYR0671RRH #13,66.00,194.83,0
ALCYR0671RRH #15,66.00,194.83,0
ALCYR0671RRH #16,66.00,194.83,0
ALCYR0671RRH #18,66.00,194.83,0
ALCYR0671RRH #20,66.00,194.83,0
ALCYR0671RRH #17,66.00,194.83,0
R18442Y #12,26.00,83.15,3
R18442Y #14,26.00,83.15,0
R18442Y #16,26.00,83.15,3
R18442Y #18,26.00,83.15,0
HP017 #18,34.00,108.73,0
HP017 #16,34.00,108.73,3
HP017 #14,34.00,108.73,3
HP017 #12,34.00,108.73,3
ALCYR0865PRH #14,74.00,218.45,0
ALCYR0865PRH #12,134.00,329.64,0
ALCYR0865PRH #18,134.00,329.64,0
ALBAG0033PRH #14,52.00,153.50,0
ALBAG0033PRH #16,52.00,153.50,0
ALBAG0033PRH #18,52.00,153.50,0
ALBAG0033PRH #20,52.00,153.50,0
ALBAG0033PRH #12,55.00,162.36,0
ML04992D #12,47.00,138.74,3
ML04992D #14,47.00,138.74,0
ML04992D #16,47.00,138.74,0
ML04992D #18,47.00,138.74,0
ALCYR0674RRH #12,68.00,200.74,3
ALCYR0674RRH #15,68.00,200.74,0
ALCYR0674RRH #16,68.00,200.74,0
ALCYR0674RRH #17,68.00,200.74,0
ALCYR0674RRH #18,68.00,200.74,3
ALCYR0674RRH #20,68.00,200.74,0
ALCYR0674RRH #14,68.00,200.74,0
MLC0005B #12,29.00,92.74,3
MLC0005B #14,29.00,92.74,3
MLC0005B #16,29.00,92.74,3
MLC0005B #18,29.00,92.74,3
MVSR-0025C1RB #12,47.00,138.74,3
MVSR-0025C1RB #14,47.00,138.74,3
MVSR-0025C1RB #16,48.00,141.70,3
MVSR-0025C1RB #18,49.00,144.65,3
ALNK0001R #12,49.00,144.65,0
ALNK0001R #14,49.00,144.65,0
ALNK0001R #16,49.00,144.65,0
ALNK0001R #20,49.00,144.65,0
ALNK0001R #18,49.00,144.65,0
SRB0257A #12,30.00,95.94,3
SRB0257A #14,30.00,95.94,3
SRB0257A #16,30.00,95.94,3
SRB0257A #18,30.00,95.94,3
HP072 #14,61.00,180.07,3
HP072 #18,64.00,188.93,3
HP072 #12,71.00,209.59,0
HP072 #16,74.00,218.45,3
ALBAG0035PRH #18,66.00,194.83,0
ALBAG0035PRH #20,66.00,194.83,0
ALBAG0035PRH #12,82.00,221.89,0
ALBAG0035PRH #14,82.00,221.89,0
ALBAG0035PRH #16,82.00,221.89,0
ALBAG0032PRH #12,55.00,162.36,0
ALBAG0032PRH #14,55.00,162.36,0
ALBAG0032PRH #22,55.00,162.36,0
ALBAG0032PRH #16,73.00,215.50,0
ALBAG0032PRH #18,73.00,215.50,0
ALBAG0032PRH #20,73.00,215.50,0
ALBAG0031PRH #12,73.00,215.50,0
ALBAG0031PRH #14,73.00,215.50,0
ALBAG0031PRH #16,80.00,236.16,0
ALBAG0031PRH #18,80.00,236.16,0
ALBAG0031PRH #20,80.00,236.16,0
ALCYR0724RRH #14,47.00,138.74,0
ALCYR0724RRH #16,47.00,138.74,0
ALCYR0724RRH #18,47.00,138.74,0
ALBAG0028RRH #12,70.00,206.64,0
ALBAG0028RRH #13,70.00,206.64,0
ALBAG0028RRH #14,70.00,206.64,0
ALBAG0028RRH #15,70.00,206.64,0
ALBAG0028RRH #18,70.00,206.64,0
ALBAG0028RRH #20,70.00,206.64,0
ALBAG0028RRH #16,70.00,206.64,0
ALBAG0030PRH #10,73.00,215.50,0
ALBAG0030PRH #14,73.00,215.50,0
ALBAG0030PRH #16,73.00,215.50,0
ALBAG0030PRH #22,73.00,215.50,0
ALCYR0725RRH #14,48.00,141.70,0
ALCYR0725RRH #16,48.00,141.70,0
ALCYR0725RRH #18,48.00,141.70,0
ALBAG0034PRH #12,82.00,221.89,0
ALBAG0034PRH #14,82.00,221.89,0
ALBAG0034PRH #16,82.00,221.89,0
ALBAG0034PRH #18,82.00,221.89,0
ALBAG0034PRH #20,82.00,221.89,0
SRAYA05710-1 #12,52.00,153.50,0
SRAYA05710-1 #14,52.00,153.50,0
SRAYA05710-1 #16,52.00,153.50,0
SRAYA05710-1 #18,52.00,153.50,0
AS8514RRH #18,77.00,227.30,3
AS8514RRH #12,77.00,227.30,3
AS8514RRH #14,77.00,227.30,3
AS8514RRH #16,77.00,227.30,3
AR17325RRH #12,26.00,83.15,3
AR17325RRH #16,26.00,83.15,3
AR17325RRH #18,26.00,83.15,3
AR17340RH #12,31.00,99.14,0
AR17340RH #14,31.00,99.14,0
AR17340RH #16,31.00,99.14,0
AR17340RH #18,31.00,99.14,0
AR17333RH #12,38.00,121.52,3
AR17333RH #14,38.00,121.52,3
AR17333RH #16,38.00,121.52,3
AR17333RH #18,38.00,121.52,3
AR17328PRH #12,35.00,111.93,3
AR17328PRH #18,35.00,111.93,3
AR17328PRH #16,35.00,111.93,3
AR17328PRH #14,35.00,111.93,3
AR17331RH #12,28.00,89.54,3
AR17331RH #14,28.00,89.54,3
AR17331RH #16,28.00,89.54,3
AR17331RH #18,28.00,89.54,0
AR17337RH #12,38.00,121.52,3
AR17337RH #14,38.00,121.52,3
AR17337RH #16,38.00,121.52,3
AR17337RH #18,38.00,121.52,3
AR17326RRH #12,29.00,92.74,3
AR17326RRH #14,29.00,92.74,3
AR17326RRH #16,29.00,92.74,3
AR17326RRH #18,29.00,92.74,3
AR17336PRH #12,47.00,138.74,0
AR17336PRH #14,47.00,138.74,3
AR17336PRH #16,47.00,138.74,3
AR17336PRH #18,47.00,138.74,3
AR17336PRH #20,47.00,138.74,3
AR17323RRH #12,64.00,188.93,3
AR17323RRH #14,64.00,188.93,3
AR17323RRH #16,64.00,188.93,0
AR17323RRH #18,64.00,188.93,3
AR17335PRH #12,35.00,111.93,0
AR17335PRH #14,37.00,118.33,3
AR17335PRH #16,37.00,118.33,3
AR17335PRH #18,37.00,118.33,3
AR17335PRH #20,40.00,127.92,3
AR17338PRH #12,24.00,76.75,3
AR17338PRH #14,25.00,79.95,3
AR17338PRH #16,26.00,83.15,3
AR17338PRH #18,29.00,92.74,3
AR17338PRH #20,30.00,95.94,3
MT10054RG #12,24.00,76.75,0
MT10054RG #14,24.00,76.75,0
MT10054RG #16,24.00,76.75,0
MT10054RG #18,24.00,76.75,0
MT10049R #12,18.00,57.56,0
MT10049R #14,18.00,57.56,0
MT10049R #16,18.00,57.56,0
MT10049R #18,18.00,57.56,0
OBRCYR02W #9,43.00,126.94,3
OBRCYR02W #12,43.00,126.94,3
OBRCYR02W #14,43.00,126.94,0
MR11230 #12,50.00,147.60,0
MR11230 #14,50.00,147.60,0
MR11230 #16,50.00,147.60,0
MR11230 #18,50.00,147.60,0
YL52 #17CM,35.00,111.93,3
YL16 #17CM,35.00,111.93,3
YL71 #17CM,35.00,111.93,3
YL66 #14,11.00,41.94,0
YL66 #19CM,35.00,111.93,3
YL17 #17CM,28.00,89.54,0
YL62 #17CM,35.00,111.93,3
YL15  #17CM,35.00,111.93,3
PR0442RH #12,23.00,73.55,0
PR0442RH #14,23.00,73.55,0
PR0442RH #16,23.00,73.55,0
PR0442RH #18,23.00,73.55,0
PR0442RY #12,23.00,73.55,0
PR0442RY #14,23.00,73.55,0
PR0442RY #16,23.00,73.55,0
PR0442RY #18,23.00,73.55,0
AS8784SETRH #12,36.00,115.13,3
AS8784SETRH #12,160.00,393.60,3
AS8784SETRH #14,182.00,402.95,3
AS8784SETRH #16,184.00,407.38,3
AS8784SETRH #18,187.00,414.02,0
PR0321RY #12,36.00,115.13,3
PR0321RY #14,36.00,115.13,3
PR0321RY #16,36.00,115.13,3
PR0321RY #18,36.00,115.13,0
PR0321RH #12,36.00,115.13,0
PR0321RH #14,36.00,115.13,0
PR0321RH #16,36.00,115.13,0
PR0321RH #18,36.00,115.13,0
PR0441RY #12,28.00,89.54,0
PR0441RY #14,28.00,89.54,3
PR0441RY #16,28.00,89.54,3
PR0441RY #18,28.00,89.54,3
PR0365RY #12,25.00,79.95,0
PR0365RY #14,34.00,108.73,3
PR0365RY #16,34.00,108.73,3
PR0365RY #18,34.00,108.73,3
PR0365RY #20,34.00,108.73,3
R-47 #14,38.00,121.52,3
R-47 #12,41.00,121.03,3
R-47 #16,43.00,126.94,3
R-47 #18,44.00,129.89,3
R-47 #20,44.00,129.89,0
AR18179RH+Y #14,24.00,76.75,3
AR18179RH+Y #14,56.00,165.31,3
CR10320BLACK #10,16.00,61.01,0
CR10320BLACK #24,16.00,61.01,0
CR10320BLACK #12,24.00,76.75,3
CR10320BLACK #16,24.00,76.75,3
CR10320BLACK #18,24.00,76.75,3
CR10320BLACK #20,24.00,76.75,3
CR10320BLACK #14,24.00,76.75,3
CR10320BLACK #13,24.00,76.75,3
CR10320BLACK #17,24.00,76.75,3
CR10320BLACK #19,24.00,76.75,3
CR10320BLACK #11,24.00,76.75,3
R23141 #14YG,23.00,73.55,3
R23141 #12YG,29.00,92.74,3
R23141 #14YG,29.00,92.74,3
R23141 #16YG,29.00,92.74,3
R23141 #18YG,29.00,92.74,3
CR10321BLACK #22,16.00,61.01,0
CR10321BLACK #24,16.00,61.01,0
CR10321BLACK #8,16.00,61.01,0
CR10321BLACK #10,23.00,73.55,3
CR10321BLACK #12,23.00,73.55,3
CR10321BLACK #14,23.00,73.55,3
CR10321BLACK #16,23.00,73.55,3
CR10321BLACK #18,23.00,73.55,3
CR10321BLACK #20,23.00,73.55,3
R20852RY #12,25.00,79.95,3
R20852RY #14,25.00,79.95,3
R20852RY #16,25.00,79.95,3
R20852RY #18,25.00,79.95,3
R20852RY #16,31.00,99.14,3
CR10322BLACK #10,16.00,61.01,0
CR10322BLACK #26,22.00,70.36,0
CR10322BLACK #12,31.00,99.14,3
CR10322BLACK #14,31.00,99.14,3
CR10322BLACK #16,31.00,99.14,3
CR10322BLACK #18,31.00,99.14,3
CR10322BLACK #20,31.00,99.14,3
CR10322BLACK #22,31.00,99.14,3
CR10322BLACK #24,31.00,99.14,3
R22425RY #12,34.00,108.73,3
R22425RY #14,34.00,108.73,3
R22425RY #16,34.00,108.73,3
R22425RY #18,34.00,108.73,3
R22425RY #12,60.16,177.59,0
ALCYR0592RRH #16,30.00,95.94,0
ALCYR0592RRH #18,30.00,95.94,0
ALCYR0592RRH #20,30.00,95.94,0
ALCYR0592RRH #12,30.00,95.94,0
ALCYR0592RRH #14,30.00,95.94,0
ALCYR0592RRH #19,30.00,95.94,0
R20848Y #12,76.00,224.35,0
R20848Y #14,76.00,224.35,0
R20848Y #16,76.00,224.35,0
R20848Y #18,76.00,224.35,3
R20848Y #14,120.33,325.61,0
R18442 #12,25.00,79.95,0
R18442 #14,25.00,79.95,0
R18442 #16,25.00,79.95,0
R18442 #18,25.00,79.95,0
PR-87PR #10,18.00,57.56,0
PR-87PR #12,18.00,57.56,3
PR-87PR #14,18.00,57.56,3
PR-87PR #16,18.00,57.56,3
PR-87PR #18,18.00,57.56,0
ALSIL0009PG #10,20.00,63.96,3
ALSIL0009PG #12,20.00,63.96,3
ALSIL0009PG #14,20.00,63.96,3
ALSIL0009PG #16,20.00,63.96,3
ALSIL0009PG #18,20.00,63.96,3
ALCYR0884RRH #10,55.00,162.36,0
ALCYR0884RRH #12,55.00,162.36,0
ALCYR0884RRH #14,55.00,162.36,0
ALCYR0884RRH #16,55.00,162.36,0
ALCYR0689R #11,43.00,126.94,0
ALCYR0689R #14,43.00,126.94,0
ALCYR0689R #15,43.00,126.94,0
ALCYR0689R #16,43.00,126.94,0
ALCYR0689R #17,43.00,126.94,0
ALCYR0689R #19,43.00,126.94,0
ALCYR0689R #20,43.00,126.94,0
R22483RH #12,37.00,118.33,3
R22483RH #14,37.00,118.33,0
R22483RH #16,37.00,118.33,0
R22483RH #18,37.00,118.33,0
R22483RH #12,46.34,136.80,0
ALCYR0766RRH #14,47.00,138.74,0
ALCYR0766RRH #15,47.00,138.74,0
ALCYR0766RRH #16,47.00,138.74,0
ALCYR0766RRH #18,47.00,138.74,0
ALCYR0766RRH #20,47.00,138.74,0
AZR1013RHWHITE #16,30.00,95.94,3
AZR1013RHWHITE #12,31.00,99.14,3
AZR1013RHWHITE #14,31.00,99.14,3
AZR1013RHWHITE #18,34.00,108.73,3
AZR1013RHWHITE #14,139.00,341.94,3
ALCYR0885RRH #12,139.00,341.94,3
ALCYR0885RRH #13,139.00,341.94,0
ALCYR0885RRH #15,139.00,341.94,0
ALCYR0885RRH #18,139.00,341.94,0
ALCYR0885RRH #19,139.00,341.94,0
AZR1013RHBLUE #16,13.00,49.57,3
AZR1013RHBLUE #12,31.00,99.14,3
AZR1013RHBLUE #14,31.00,99.14,0
AZR1013RHBLUE #16,31.00,99.14,3
AZR1013RHBLUE #18,35.00,111.93,3
ALCYR0706RRH #10,13.00,49.57,3
ALCYR0706RRH #12,13.00,49.57,3
ALCYR0706RRH #14,13.00,49.57,3
ALCYR0706RRH #16,13.00,49.57,3
ALCYR0706RRH #18,13.00,49.57,3
ALCYR0706RRH #11,13.00,49.57,0
ALCYR0707RRH #10,12.00,45.76,0
ALCYR0707RRH #12,12.00,45.76,0
ALCYR0707RRH #14,12.00,45.76,0
ALCYR0707RRH #16,12.00,45.76,3
ALCYR0707RRH #18,12.00,45.76,0
ALCYR0702RRH #12,30.00,95.94,0
ALCYR0702RRH #14,30.00,95.94,0
ALCYR0702RRH #15,30.00,95.94,0
ALCYR0702RRH #17,30.00,95.94,0
ALCYR0702RRH #20,30.00,95.94,0
R19435-1RH #12,31.00,99.14,3
R19435-1RH #12,60.00,177.12,3
R19435-1RH #14,60.00,177.12,0
R19435-1RH #16,60.00,177.12,0
R19435-1RH #18,60.00,177.12,0
HP077 #16,31.00,99.14,3
HP077 #12,31.00,99.14,0
HP077 #14,31.00,99.14,3
HP077 #18,31.00,99.14,0
R18674RH+W #12,31.00,99.14,0
R18674RH+W #14,53.00,156.46,3
R18674RH+W #14,84.00,227.30,3
R18674RH+W #16,84.00,227.30,3
R18674RH+W #18,84.00,227.30,0
MVR-0213C1RWO #14,49.00,144.65,3
MVR-0213C1RWO #16,53.00,156.46,3
MVR-0213C1RWO #18,53.00,156.46,3
MVR-0213C1RWO #12,56.00,165.31,0
R19409-1RH #14,54.00,159.41,3
R19409-1RH #12,60.00,177.12,3
R19409-1RH #14,60.00,177.12,0
R19409-1RH #16,60.00,177.12,0
R19409-1RH #18,60.00,177.12,0
MVR-0213RBO #12,49.00,144.65,3
MVR-0213RBO #14,52.00,153.50,3
MVR-0213RBO #16,53.00,156.46,3
MVR-0213RBO #18,53.00,156.46,0
MVR-0213RBO #10,54.00,159.41,3
MVR-0213RBO #20,54.00,159.41,0
AR2509 #12,23.00,73.55,3
AR2509 #14,23.00,73.55,3
AR2509 #16,23.00,73.55,3
AR2509 #18,23.00,73.55,0
ML03106A #12,26.00,83.15,3
ML03106A #14,26.00,83.15,0
ML03106A #16,26.00,83.15,3
ML03106A #18,26.00,83.15,0
R-0539 #12,55.00,162.36,3
R-0539 #14,55.00,162.36,3
R-0539 #16,55.00,162.36,3
R-0539 #18,55.00,162.36,3
ALCYR0686RRH #12,38.00,121.52,0
ALCYR0686RRH #14,38.00,121.52,0
ALCYR0686RRH #16,38.00,121.52,0
ALCYR0686RRH #18,38.00,121.52,0
ALCYR0880RRH #12,37.00,118.33,0
ALCYR0880RRH #14,37.00,118.33,0
ALCYR0880RRH #16,37.00,118.33,0
ALCYR0880RRH #17,37.00,118.33,0
ALCYR0880RRH #18,37.00,118.33,0
ALCYR0881RRH #12,35.00,111.93,0
ALCYR0881RRH #14,35.00,111.93,0
ALCYR0881RRH #16,35.00,111.93,0
ALCYR0881RRH #18,35.00,111.93,0
ALCYR0701 #12,29.00,92.74,3
ALCYR0701 #14,29.00,92.74,0
ALCYR0701 #16,29.00,92.74,0
ALCYR0701 #18,29.00,92.74,0
ALCYR0701 #20,29.00,92.74,0
ALCYR0687R #13,73.00,215.50,3
ALCYR0687R #15,73.00,215.50,3
ALCYR0687R #16,73.00,215.50,0
ALCYR0687R #17,73.00,215.50,0
ALCYR0687R #18,73.00,215.50,3
ALCYR0687R #20,73.00,215.50,0
ALCYR0687R #21,73.00,215.50,0
MT10065Y #12,18.00,57.56,3
MT10065Y #14,18.00,57.56,3
MT10065Y #16,18.00,57.56,3
MT10065Y #18,18.00,57.56,3
HP014 #12,24.00,76.75,0
HP014 #14,24.00,76.75,0
HP014 #16,24.00,76.75,0
HP014 #18,24.00,76.75,3
ALCYR0705R #12,25.00,79.95,0
ALCYR0705R #14,25.00,79.95,0
ALCYR0705R #15,25.00,79.95,0
ALCYR0705R #17,25.00,79.95,0
ALCYR0705R #19,25.00,79.95,0
ALCYR0705R #20,25.00,79.95,0
HP076 #12,30.00,95.94,0
HP076 #14,30.00,95.94,0
HP076 #16,30.00,95.94,0
HP076 #18,30.00,95.94,0
ALCYR0650R #12,35.00,111.93,0
ALCYR0650R #14,35.00,111.93,0
ALCYR0650R #16,35.00,111.93,0
ALCYR0650R #18,35.00,111.93,0
ALCYR0650R #10,35.00,111.93,0
ALCYR0650R #11,35.00,111.93,0
ALCYR0650R #13,35.00,111.93,0
ALCYR0650R #17,35.00,111.93,0
YL07 #14,11.00,41.94,0
YL07 #14,12.20,46.52,0
YL76 #14,11.00,41.94,0
YL76 #14,12.20,46.52,0
ALCYR0904PW #19,49.00,144.65,0
ALCYR0908PW #14,61.00,180.07,0
ALCYR0908PW #15,61.00,180.07,3
ALCYR0908PW #16,61.00,180.07,0
ALCYR0908PW #17,61.00,180.07,0
YL26 #14,11.00,41.94,0
YL26 #14,12.20,46.52,0
ALCYR0908PP #14,61.00,180.07,0
YL13 #14,11.00,41.94,0
YL13 #14,12.20,46.52,0
ALCYR0908PR #16,61.00,180.07,0
YL12 #14,11.00,41.94,0
YL12 #14,12.20,46.52,0
ALCYR0908PB #16,61.00,180.07,0
YL05 #14,11.00,41.94,0
YL05 #14,16.26,62.00,0
ALCYR0910PP #16,53.00,156.46,0
YL04 #14,11.00,41.94,0
YL04 #14,53.00,156.46,0
ALCYR0910PW #16,53.00,156.46,0
YL01 #14,11.00,41.94,0
YL01 #14,56.00,165.31,3
ALCYR0911PW #15,56.00,165.31,0
ALCYR0911PW #17,56.00,165.31,0
ALCYR0911PW #19,56.00,165.31,0
ALCYR0911PW #20,56.00,165.31,0
ALCYR0911PB #18,56.00,165.31,0
ALCYR0366 #19,30.00,95.94,0
ALCYR0366 #14,30.00,95.94,0
ALCYR0366 #12,30.00,95.94,0
ALCYR0366 #16,30.00,95.94,0
ALSS0517P #17,44.00,129.89,0
ALSS0517P #18,44.00,129.89,0
ALSS0517P #19,44.00,129.89,0
ALSS0515P #14,47.00,138.74,0
ALSS0515P #15,47.00,138.74,0
ALSS0515P #16,47.00,138.74,0
ALSS0515P #17,47.00,138.74,0
ALCYR0903PW #23,34.00,108.73,0
ALSS0516P #17,66.00,194.83,0
ALSS0516P #22,66.00,194.83,0
ALCYR0901PW #18,35.00,111.93,0
ALCYR0912PW #20,56.00,165.31,0
ALCYR0898PA #18,38.00,121.52,0
ALCYR0907PW #16,49.00,144.65,0
ALCYR0907PW #18,49.00,144.65,0
ALCYR0907PW #20,49.00,144.65,0
ALCYR0893PA #15,44.00,129.89,0
ALCYR0895PW #20,54.00,159.41,0
ALCYR0897PR #16,41.00,121.03,0
ALCYR0896PW #19,43.00,126.94,0
ALCYR0896PR #15,43.00,126.94,0
ALCYR0906PW #13,37.00,118.33,0
ALCYR0890PW #14,40.00,127.92,0
ALCYR0892PA #14,42.00,123.98,0
ALKJ0083POX #13,20.00,63.96,0
ALKJ0083POX #14,20.00,63.96,0
ALKJ0083POX #15,20.00,63.96,0
ALKJ0083POX #16,20.00,63.96,0
ALKJ0083POX #18,20.00,63.96,0
ALCYR0887PA #14,52.00,153.50,0
R3104 #12,61.00,180.07,0
R3104 #13,61.00,180.07,3
R3104 #14,61.00,180.07,0
R3104 #15,61.00,180.07,0
R3104 #16,61.00,180.07,0
R3104 #17,61.00,180.07,0
R3104 #18,61.00,180.07,0
R3104 #20,61.00,180.07,0
ML04841R #12,34.00,108.73,3
ML04841R #14,34.00,108.73,3
ML04841R #16,34.00,108.73,0
ML04841R #18,34.00,108.73,0
ML04841A #12,34.00,108.73,3
ML04841A #14,34.00,108.73,3
ML04841A #16,34.00,108.73,3
ML04841A #18,34.00,108.73,3
ML04841S #12,35.00,111.93,3
ML04841S #14,35.00,111.93,3
ML04841S #16,35.00,111.93,0
ML04841S #18,35.00,111.93,0
ML04841E #12,34.00,108.73,3
ML04841E #14,34.00,108.73,3
ML04841E #16,34.00,108.73,0
ML04841E #18,34.00,108.73,0
PAR0348RG14K #12,418.00,874.04,0
PAR0348RG14K #14,418.00,874.04,0
PAR0348RG14K #16,418.00,874.04,0
PAR0348RG14K #11,418.00,874.04,0
PAR0348RG14K #13,418.00,874.04,0
PAR0348RG14K #18,418.00,874.04,0
PAR0348RG8K #12,215.00,476.01,0
PAR0348RG8K #16,215.00,476.01,0
PAR0348RG8K #18,215.00,476.01,0
PAR0348RG8K #14,215.00,476.01,0
PAR0348RG8K #13,215.00,476.01,0
PAR0348RG8K #15,215.00,476.01,0
PAR0348RG8K #17,215.00,476.01,0
AZ1968RG8K #12,211.00,467.15,0
AZ1968RG8K #14,211.00,467.15,3
AZ1968RG8K #16,211.00,467.15,0
AZ1968RG8K #18,211.00,467.15,0
AZ1968RG8K #11,211.00,467.15,0
AZ1968RG14K #12,399.00,834.31,0
AZ1968RG14K #14,399.00,834.31,0
AZ1968RG14K #16,399.00,834.31,0
AZ1968RG14K #18,399.00,834.31,0
AZR1234RG8K #12,221.00,489.29,0
AZR1234RG8K #14,221.00,489.29,0
AZR1234RG8K #16,221.00,489.29,0
AZR1234RG8K #18,221.00,489.29,0
AZR1234RG8K #15,221.00,489.29,0
AZR1234RG14K #12,450.00,940.95,0
AZR1234RG14K #14,450.00,940.95,0
AZR1234RG14K #16,450.00,940.95,0
AZR1234RG14K #18,450.00,940.95,0
AZR1234RG14K #11,450.00,940.95,0
AZR1271RG14K #12,427.00,892.86,0
AZR1271RG14K #14,427.00,892.86,0
AZR1271RG14K #16,427.00,892.86,0
AZR1271RG14K #18,427.00,892.86,0
AZR1271RG8K #12,206.00,456.08,0
AZR1271RG8K #14,206.00,456.08,0
AZR1271RG8K #16,206.00,456.08,0
AZR1271RG8K #18,206.00,456.08,0
AZR1271RG8K #13,206.00,456.08,0
KGD65CONC14K #50,2092.00,3988.40,0
KGD65CONC14K #55,2313.00,4409.73,0
KGD50CONC14K #45,1370.00,2696.16,0
KGD50CONC14K #50,1475.00,2902.80,0
KGD50CONC14K #55,1631.00,3109.50,0
KGD55SF14K #45CM,1197.00,2355.70,0
KGD55SF14K #50CM,1370.00,2696.16,0
KGDR25G14K #42CM,374.00,782.03,3
KGDR25G14K #45CM,388.00,811.31,3
KGDR25G14K #50CM,447.00,934.68,3
ALCYR0887PW #18,52.00,153.50,0
AZ0637RG8K #12,267.00,591.14,0
AZ0637RG8K #14,267.00,591.14,0
AZ0637RG8K #16,267.00,591.14,0
AZ0637RG8K #13,267.00,591.14,0
AZ0637RG8K #15,267.00,591.14,0
AZ0637RG8K #17,267.00,591.14,0
AZ0637RG8K #18,267.00,591.14,0
AZ0637RG14K #12,530.00,1108.23,0
AZ0637RG14K #14,530.00,1108.23,0
AZ0637RG14K #16,530.00,1108.23,0
AZ0637RG14K #18,530.00,1108.23,0
AZ0637RG14K #17,530.00,1108.23,0
"KGD80CO14K #20,5C",1961.00,3738.65,0
TRZ60G14K #50,2131.00,4062.75,3
TRZ60G14K #55,2352.00,4484.09,3
"KGD70SF14K #20,5CM",1437.00,2828.02,0
CAM019 #11,34.00,108.73,0
CAM019 #12,34.00,108.73,0
CAM019 #13,34.00,108.73,3
CAM019 #14,34.00,108.73,3
CAM019 #15,34.00,108.73,0
CAM019 #16,34.00,108.73,0
CAM019 #17,34.00,108.73,3
CAM019 #18,34.00,108.73,0
CAM019 #19,34.00,108.73,0
CAM019 #20,34.00,108.73,0
ALBAG0036PRH #10,62.00,183.02,0
ALBAG0036PRH #12,62.00,183.02,0
ALBAG0036PRH #13,62.00,183.02,0
ALBAG0036PRH #14,62.00,183.02,0
ALBAG0036PRH #15,62.00,183.02,0
ALBAG0036PRH #18,62.00,183.02,0
KKS1214K #45CM,207.00,458.30,0
YL14 #14,11.00,41.94,0
YL14 #17,35.00,111.93,0
PIER0055RH #12,30.00,95.94,0
PIER0055RH #14,30.00,95.94,3
PIER0055RH #16,30.00,95.94,3
PIER0055RH #18,30.00,95.94,3
PIER0050RH #12,30.00,95.94,0
PIER0050RH #14,30.00,95.94,3
PIER0050RH #16,30.00,95.94,0
PIER0050RH #18,30.00,95.94,3
PIER0050RH #15,37.00,118.33,0
AR17674-SRH #18,102.00,276.01,0
AR17674-SRH #20,104.00,281.42,0
AR17674-SRH #22,107.00,289.54,0
AR17674-SRH #16,113.00,305.78,0
AR17675RH #12,37.00,118.33,3
AR17675RH #14,37.00,118.33,3
AR17675RH #16,38.00,121.52,3
AR17675RH #18,40.00,127.92,3
AR17678-SRH #16,82.00,221.89,3
AR17678-SRH #18,82.00,221.89,3
AR17678-SRH #20,84.00,227.30,3
AR17678-SRH #22,86.00,232.72,0
AR17679-SRH #16,66.00,194.83,0
AR17679-SRH #18,67.00,197.78,0
AR17679-SRH #20,68.00,200.74,0
AR17679-SRH #22,70.00,206.64,0
YJ010020BRH #16+3CM,17.00,54.37,3
YJ010020BNRH #23+5CM,24.00,76.75,3
YJ03019XNRH #45CM,37.00,118.33,3
YJ03019XNRH #50CM,41.00,121.03,3
YJ03019XBRH #16+3CM,17.00,54.37,3
YJ03016JBNRH #23+5CM,22.00,70.36,3
YJ03016JBRH #16+3CM,16.00,61.01,3
YJ03016XJNRH #45CM,34.00,108.73,3
YJ03016XJNRH #50CM,35.00,111.93,3
YJ03019XBNRH #23+5CM,24.00,76.75,0
YJ2750225NRH #45CM,30.00,95.94,3
YJ2750225NRH #50CM,34.00,108.73,3
YJ2750225BNRH #23+5C,20.00,63.96,3
YJ2750225BRH #16+3CM,14.00,53.38,3
YJ2750225BNY #23+5CM,22.00,70.36,3
XB035015NRH #45CM,58.00,171.22,3
XB035015NRH #50CM,66.00,194.83,3
XB035015BRH #19CM,26.00,83.15,3
YJ03015ZNRH #45CM,36.00,115.13,3
YJ03015ZNRH #50CM,41.00,121.03,3
YJ03015ZBRH #16+3CM,17.00,54.37,3
YJ03015BNRH #23+5CM,24.00,76.75,3
YJ225021BRH #16+3CM,16.00,61.01,0
YJ225021BNRH #23+5CM,23.00,73.55,0
YJ225021NRH #45CM,31.00,99.14,3
YJ225021NRH #50CM,35.00,111.93,3
YJ225021BNY #23+5CM,23.00,73.55,0
SB02505071BRH #16+3C,12.00,45.76,3
SB0209052NRH #45CM,17.00,54.37,0
SB0209052NRH #50CM,17.00,54.37,0
XB03018NRH #45CM,44.00,129.89,3
XB03018NRH #50CM,49.00,144.65,3
XB03018BRH #19CM,20.00,63.96,3
PG125024NRH #45CM,36.00,115.13,3
PG125024NRH #50CM,38.00,121.52,3
PG125024BRH #19CM,17.00,54.37,3
YJ04052NRH #50CM,37.00,118.33,3
YJ04052NRH #45CM,40.00,127.92,3
YJ04052BRH #16CM+3CM,16.00,61.01,0
YJ04052BNRH #23CM+5C,22.00,70.36,3
WP040110NRH #45CM,25.00,79.95,3
WP040110NRH #50CM,26.00,83.15,3
WP040110BRH #16CM+3C,12.00,45.76,3
WP040110BNRH #23CM+5,17.00,54.37,3
WP040110BNY #23C+5C,17.00,54.37,3
PS050012NRH #45CM,53.00,156.46,3
PS050012NRH #50CM,56.00,165.31,3
PS050012BRH #19CM,24.00,76.75,3
SET-331 #16,186.00,411.80,0
SET-331 #14,186.00,411.80,0
SET-331 #15,186.00,411.80,0
SET-331 #18,186.00,411.80,0
SET-331 #19,186.00,411.80,0
ALSS0389R #14,24.00,76.75,0
ALSS0389R #16,24.00,76.75,0
ALSS0389R #18,24.00,76.75,0
HP075 #12,28.00,89.54,0
HP075 #14,28.00,89.54,0
HP075 #16,28.00,89.54,0
HP075 #18,28.00,89.54,0
SJR-3030 #12,31.00,99.14,3
SJR-3030 #10,31.00,99.14,3
SJR-3030 #14,31.00,99.14,3
SJR-3030 #16,31.00,99.14,3
SJR-3030 #18,31.00,99.14,3
ALSS0377RRH #11,25.00,79.95,0
ALSS0377RRH #12,25.00,79.95,0
ALSS0377RRH #14,25.00,79.95,0
ALSS0377RRH #17,25.00,79.95,0
R18376 #12,23.00,73.55,0
R18376 #14,23.00,73.55,0
R18376 #16,23.00,73.55,0
R18376 #18,23.00,73.55,3
ML04964A #12,34.00,108.73,3
ML04964A #14,34.00,108.73,0
ML04964A #16,37.00,118.33,3
ML04964A #18,37.00,118.33,0
ALCYR0681R #11,31.00,99.14,0
ALCYR0681R #12,31.00,99.14,0
ALCYR0681R #14,31.00,99.14,0
ALCYR0681R #15,31.00,99.14,0
ALCYR0681R #17,31.00,99.14,0
ALCYR0681R #19,31.00,99.14,0
AR17741 #12,48.00,141.70,3
AR17741 #16,48.00,141.70,0
AR17741 #14,49.00,144.65,3
AR17741 #18,58.00,171.22,0
AR17744OX #20,132.00,324.72,0
AR17744OX #16,132.00,324.72,0
AR17744OX #22,132.00,324.72,0
AR17744OX #24,132.00,324.72,0
AR17745OX #20,155.00,381.30,3
AR17745OX #22,155.00,381.30,0
AR17745OX #16,155.00,381.30,3
AR17745OX #18,155.00,381.30,0
AR17745OX #24,155.00,381.30,0
AR17740OX #20,96.00,259.78,3
AR17740OX #22,96.00,259.78,0
AR17740OX #16,96.00,259.78,3
AR17740OX #24,96.00,259.78,0
AR17746OX #25,77.00,227.30,0
AR17746OX #20,77.00,227.30,3
AR17746OX #22,77.00,227.30,0
AR17746OX #17,77.00,227.30,3
AR17743OX #12,62.00,183.02,3
AR17743OX #14,62.00,183.02,0
AR17743OX #15,62.00,183.02,3
AR17743OX #17,62.00,183.02,0
AR17743OX #20,62.00,183.02,3
AR17742 #12,53.00,156.46,3
AR17742 #14,53.00,156.46,0
AR17742 #15,53.00,156.46,3
AR17742 #17,53.00,156.46,3
AR17742 #19,53.00,156.46,3
AR17742 #20,53.00,156.46,3
ALCYR0667RRH #12,83.00,224.60,0
ALCYR0667RRH #15,83.00,224.60,0
ALCYR0667RRH #16,83.00,224.60,0
ALCYR0667RRH #17,83.00,224.60,0
ALCYR0667RRH #18,83.00,224.60,0
ALCYR0667RRH #20,83.00,224.60,0
ALCYR0667RRH #13,83.00,224.60,0
AR18081PRH #12BIAŁY,74.00,218.45,0
AR18081PRH #14BIAŁY,74.00,218.45,0
AR18081PRH #16BIAŁY,74.00,218.45,0
AR18081PRH #18BIAŁY,74.00,218.45,0
AR18056PRH #12,34.00,108.73,0
AR18056PRH #16,34.00,108.73,0
AR18056PRH #18,34.00,108.73,0
AR18056PRH #14,38.00,121.52,3
AR17934PRH #12,43.00,126.94,0
AR17934PRH #16,43.00,126.94,0
AR17934PRH #18,43.00,126.94,0
AR17934PRH #14,47.00,138.74,3
AR18051PRH #14,31.00,99.14,3
AR18051PRH #12,31.00,99.14,0
AR18051PRH #16,31.00,99.14,0
AR18051PRH #18,31.00,99.14,0
AR18053PRH #12,30.00,95.94,3
AR18053PRH #14,34.00,108.73,0
AR18053PRH #16,35.00,111.93,3
AR18053PRH #18,37.00,118.33,3
AR17935PRH #14,67.00,197.78,3
AR17935PRH #16,67.00,197.78,0
AR17935PRH #18,67.00,197.78,0
AR17935PRH #12,67.00,197.78,0
AR18083PRH #12,66.00,194.83,0
AR18083PRH #14,66.00,194.83,0
AR18083PRH #16,66.00,194.83,0
AR18083PRH #18,66.00,194.83,0
AR18080PRH #12,76.00,224.35,3
AR18080PRH #14,76.00,224.35,3
AR18080PRH #16,76.00,224.35,3
AR18080PRH #18,76.00,224.35,0
AR18047PRH #12,101.00,273.31,3
AR18047PRH #14,101.00,273.31,3
AR18047PRH #16,101.00,273.31,3
AR18047PRH #18,101.00,273.31,0
AR18082PRH #12,66.00,194.83,3
AR18082PRH #14,66.00,194.83,3
AR18082PRH #16,66.00,194.83,3
AR18082PRH #18,66.00,194.83,0
AR18085PRH #12,155.00,381.30,0
AR18085PRH #14,155.00,381.30,3
AR18085PRH #16,155.00,381.30,3
AR18085PRH #18,155.00,381.30,0
AR18086PRH #12,28.00,89.54,0
AR18086PRH #14,28.00,89.54,0
AR18086PRH #18,28.00,89.54,0
AR18086PRH #16,28.00,89.54,0
AR18074PRH #12,42.00,123.98,0
AR18074PRH #14,42.00,123.98,3
AR18074PRH #16,42.00,123.98,3
AR18074PRH #18,42.00,123.98,0
AR18079PRH #12,16.00,61.01,0
AR18079PRH #18,16.00,61.01,0
AR18079PRH #14,17.00,54.37,3
AR18079PRH #16,17.00,54.37,3
AR18079PRH #20,17.00,54.37,3
AR18057PRH #12,29.00,92.74,3
AR18057PRH #14,29.00,92.74,3
AR18057PRH #16,29.00,92.74,3
AR18057PRH #18,29.00,92.74,3
AR18084PRH+G #12,68.00,200.74,3
AR18084PRH+G #14,68.00,200.74,3
AR18084PRH+G #16,68.00,200.74,3
AR18084PRH+G #18,68.00,200.74,3
AR18054PY #14,38.00,121.52,3
AR18054PY #16,38.00,121.52,3
AR18054PY #18,38.00,121.52,3
AR18054PY #12,38.00,121.52,3
AR18049PY #12,34.00,108.73,3
AR18049PY #14,34.00,108.73,3
AR18049PY #16,34.00,108.73,3
AR18049PY #18,34.00,108.73,3
AR18018PY #14,31.00,99.14,3
AR18050PG #14,30.00,95.94,3
AR18017PY #12,29.00,92.74,3
AR18017PY #14,29.00,92.74,3
AR18017PY #16,29.00,92.74,3
AR18017PY #18,29.00,92.74,3
AR17783PY #16,37.00,118.33,3
AR17783PY #18,37.00,118.33,3
AR17783PY #12,37.00,118.33,3
AR17783PY #14,37.00,118.33,3
AR18073PY #12,44.00,129.89,3
AR18073PY #14,44.00,129.89,3
AR18073PY #16,44.00,129.89,3
AR18073PY #18,44.00,129.89,3
AR18076PY #12,34.00,108.73,0
AR18076PY #14,34.00,108.73,3
AR18076PY #16,34.00,108.73,3
AR18076PY #18,34.00,108.73,3
AR18048PRH #14,26.00,83.15,3
AR18072PRH #12,24.00,76.75,3
AR18072PRH #14,24.00,76.75,3
AR18072PRH #16,26.00,83.15,0
AR18072PRH #18,26.00,83.15,0
AR18071PRH #12,20.00,63.96,0
AR18071PRH #14,20.00,63.96,0
AR18071PRH #16,20.00,63.96,0
AR18071PRH #18,20.00,63.96,0
AR18070PRH #12,37.00,118.33,0
AR18070PRH #14,37.00,118.33,0
AR18070PRH #16,37.00,118.33,0
AR18070PRH #18,37.00,118.33,0
CN103NRH #19CM,52.00,153.50,3
CN103NY #19CM,52.00,153.50,3
ALCYR0249RY #10,17.00,54.37,3
ALCYR0249RY #12,17.00,54.37,3
ALCYR0249RY #14,17.00,54.37,3
ALCYR0249RY #16,17.00,54.37,3
ALCYR0249RY #18,17.00,54.37,3
HR-1363Y #14,49.00,144.65,3
HR-1363Y #16,49.00,144.65,3
HR-1363Y #18,49.00,144.65,3
HR-1362Y #14,49.00,144.65,3
HR-1362Y #16,49.00,144.65,3
HR-1362Y #18,49.00,144.65,3
HR-1361Y #18,55.00,162.36,3
HR-1361Y #16,55.00,162.36,3
HR-1361Y #14,55.00,162.36,3
SET-2515RRH #12,48.00,141.70,3
SET-2515RRH #14,48.00,141.70,0
SET-2515RRH #16,48.00,141.70,0
SET-2515RRH #18,48.00,141.70,0
SET-2515RRH #13,48.00,141.70,3
SET-2514RRH #14,44.00,129.89,0
SET-2514RRH #16,44.00,129.89,0
SET-2514RRH #18,44.00,129.89,0
SET-2514RRH #12,44.00,129.89,3
SET-2514RRH #13,44.00,129.89,3
SET-2516RRH #16,48.00,141.70,0
SET-2516RRH #14,48.00,141.70,0
SET-2516RRH #18,48.00,141.70,0
SET-2516RRH #12,48.00,141.70,3
SET-2516RRH #13,48.00,141.70,3
KKS1514KB #18CM,184.00,407.38,3
AS8783SETRH #12,120.00,324.72,3
AS8783SETRH #14,121.00,327.43,0
AS8783SETRH #16,126.00,309.96,3
AS8783SETRH #18,126.00,309.96,3
ALCYR0664RRH #12,52.00,153.50,0
ALCYR0664RRH #14,52.00,153.50,0
ALCYR0664RRH #16,52.00,153.50,0
ALCYR0664RRH #17,52.00,153.50,0
ALCYR0664RRH #20,52.00,153.50,0
ALCYR0275RRH #12,24.00,76.75,3
ALCYR0275RRH #10,24.00,76.75,3
ALCYR0275RRH #14,24.00,76.75,3
ALCYR0275RRH #16,24.00,76.75,3
ALCYR0275RRH #18,24.00,76.75,3
ALCYR0275RRH #20,24.00,76.75,3
GDPL080C N G14K #45,2173.00,4142.82,3
GDPL080C N G14K #50,2352.00,4484.09,3
GDPL080C N G14K #55,2542.00,4846.32,3
KRR30N G14K #45,626.00,1308.97,3
KRR30N G14K #50,690.00,1400.35,3
SPKKS25B G14K #19,169.00,374.17,3
SPKKS25B G14K #45,458.00,957.68,3
SNAKE 20N G14K #45,636.00,1329.88,3
SNAKE 20N G14K #50,705.00,1430.80,3
KFR50 B G14K #19,789.00,1601.28,3
KFR50 N G14K #45,1720.00,3279.18,3
KGDOC80N G14K #50,4442.00,8195.49,3
KGDOC80N G14K #55,4886.00,9014.67,3
KGDA40 1+1B G14K #18,372.00,777.85,3
KGDA40 1+1B G14K #19,387.00,809.22,3
KGDA40 1+1N G14K #45,815.00,1654.04,3
KGDA40 1+1N G14K #50,893.00,1812.34,3
"BIS30 2FB G14K #18,5",774.00,1570.83,3
"BIS30 2FB G14K #19,5",798.00,1619.54,3
BIS30 2FN G14K #45,1538.00,3026.78,3
ALSS0520P #12,28.00,89.54,0
ALSS0520P #14,28.00,89.54,0
ALSS0520P #16,28.00,89.54,0
ALSS0520P #18,28.00,89.54,0
ALSS0520P #20,28.00,89.54,0
SET-946R #14,62.00,183.02,0
SET-946R #16,62.00,183.02,0
SET-946R #18,62.00,183.02,3
AR18172RH #12,38.00,121.52,0
AR18172RH #14,41.00,121.03,0
AR18172RH #16,41.00,121.03,0
AR18172RH #18,41.00,121.03,0
AR18208PRH #12,37.00,118.33,0
AR18208PRH #18,37.00,118.33,0
AR18208PRH #14,38.00,121.52,0
AR18208PRH #16,38.00,121.52,0
AR18209PRH #12,29.00,92.74,0
AR18209PRH #14,34.00,108.73,3
AR18209PRH #16,36.00,115.13,3
AR18209PRH #18,36.00,115.13,3
AR18209PRH #20,40.00,127.92,3
ALS0310PRHBLACK #12,31.00,99.14,0
ALS0310PRHBLACK #14,31.00,99.14,3
ALS0310PRHBLACK #16,31.00,99.14,3
ALS0310PRHBLACK #18,31.00,99.14,3
R20858RH #12,29.00,92.74,0
R20858RH #14,29.00,92.74,0
R20858RH #16,29.00,92.74,0
R20858RH #18,29.00,92.74,0
R22875RH #12,28.00,89.54,0
R22875RH #14,28.00,89.54,3
R22875RH #16,28.00,89.54,0
R22875RH #18,28.00,89.54,3
R20845RH #12,26.00,83.15,0
R20845RH #14,26.00,83.15,0
R20845RH #16,26.00,83.15,0
R20845RH #18,26.00,83.15,0
R22356RH #12,40.00,127.92,0
R22356RH #14,40.00,127.92,0
R22356RH #16,40.00,127.92,0
R22356RH #18,40.00,127.92,0
R23863RH #12,41.00,121.03,3
R23863RH #14,41.00,121.03,3
R23863RH #16,41.00,121.03,3
R23863RH #18,41.00,121.03,3
AR18170RH #12,44.00,129.89,3
AR18170RH #14,49.00,144.65,3
AR18170RH #16,49.00,144.65,3
AR18170RH #18,49.00,144.65,3
R22992RH #12,24.00,76.75,0
R22992RH #14,24.00,76.75,0
R22992RH #16,24.00,76.75,0
R22992RH #18,25.00,79.95,0
AR18207PRH #12,37.00,118.33,0
AR18207PRH #14,38.00,121.52,3
AR18207PRH #16,38.00,121.52,3
AR18207PRH #18,38.00,121.52,3
AR18207PRH #20,38.00,121.52,3
AR17335PRH+1 #12,31.00,99.14,0
AR17335PRH+1 #14,31.00,99.14,3
AR17335PRH+1 #16,31.00,99.14,3
AR17335PRH+1 #18,35.00,111.93,3
AR17335PRH+1 #20,36.00,115.13,3
AR18173RH #12,44.00,129.89,3
AR18173RH #14,44.00,129.89,3
AR18173RH #16,48.00,141.70,3
AR18173RH #18,49.00,144.65,3
AR18169RH #12,53.00,156.46,3
AR18169RH #14,53.00,156.46,3
AR18169RH #16,54.00,159.41,3
AR18169RH #18,60.00,177.12,3
AR18211PRH+B #12,58.00,171.22,3
AR18211PRH+B #14,64.00,188.93,3
AR18211PRH+B #16,65.00,191.88,3
AR18211PRH+B #18,66.00,194.83,3
AR18211PRH+B #20,66.00,194.83,3
HSR-1875 #14,42.00,123.98,3
HSR-1875 #16,42.00,123.98,3
HSR-1875 #18,42.00,123.98,3
R22988RY #12,31.00,99.14,0
R22988RY #14,31.00,99.14,0
R22988RY #16,31.00,99.14,0
R22988RY #18,31.00,99.14,0
R21223 #12,28.00,89.54,0
R21223 #14,28.00,89.54,0
R21223 #16,28.00,89.54,3
R21223 #18,28.00,89.54,3
AR18210PY #12,30.00,95.94,0
AR18210PY #14,30.00,95.94,0
AR18210PY #16,30.00,95.94,0
AR18210PY #18,31.00,99.14,0
HSR-2018YG #14,48.00,141.70,3
HSR-2018YG #16,48.00,141.70,3
HSR-2018YG #18,48.00,141.70,3
R22422RY #12,38.00,121.52,3
R22422RY #14,38.00,121.52,3
R22422RY #16,38.00,121.52,3
R22422RY #18,38.00,121.52,3
R21813 #12,84.00,227.30,3
R21813 #14,84.00,227.30,3
R21813 #16,84.00,227.30,3
R21813 #18,84.00,227.30,3
R20377Y #12,101.00,273.31,3
R20377Y #14,101.00,273.31,3
R20377Y #18,101.00,273.31,3
R19546RH #12,82.00,221.89,0
R19546RH #14,82.00,221.89,3
R19546RH #16,82.00,221.89,0
R19546RH #18,82.00,221.89,0
R22427RH #12,31.00,99.14,3
R22427RH #14,31.00,99.14,3
R22427RH #16,31.00,99.14,3
R22427RH #18,31.00,99.14,3
R22420RH #12,31.00,99.14,3
R22420RH #14,31.00,99.14,3
R22420RH #16,31.00,99.14,3
R22420RH #18,31.00,99.14,3
R22428RH #12,37.00,118.33,3
R22428RH #14,37.00,118.33,3
R22428RH #16,37.00,118.33,3
R22428RH #18,37.00,118.33,3
AR18178RH #12,49.00,144.65,0
AR18178RH #16,54.00,159.41,3
AR18178RH #18,54.00,159.41,3
AR18178RH #14,56.00,165.31,3
AR17783PRH #12,42.00,123.98,3
AR17783PRH #16,43.00,126.94,3
AR17783PRH #14,44.00,129.89,3
AR17783PRH #18,48.00,141.70,3
AR18076PRH #12,35.00,111.93,3
AR18076PRH #14,35.00,111.93,3
AR18076PRH #16,38.00,121.52,3
AR18076PRH #18,38.00,121.52,3
AR18175PRH #12,38.00,121.52,0
AR18175PRH #14,38.00,121.52,0
AR18175PRH #16,40.00,127.92,0
AR18175PRH #18,43.00,126.94,3
HSR-2012RH #14,47.00,138.74,3
HSR-2012RH #16,47.00,138.74,3
HSR-2012RH #18,47.00,138.74,3
AR18180RH #12,55.00,162.36,3
AR18180RH #14,56.00,165.31,0
AR18180RH #16,60.00,177.12,0
AR18180RH #18,61.00,180.07,0
HSR-2011RH #14,48.00,141.70,3
HSR-2011RH #16,48.00,141.70,3
HSR-2011RH #18,48.00,141.70,3
R-1047 #12,13.00,49.57,3
R-1047 #14,13.00,49.57,0
R-1047 #16,13.00,49.57,0
R-1047 #18,13.00,49.57,0
R-1047 #20,13.00,49.57,3
581R3507PR #12,17.00,54.37,0
581R3507PR #14,20.00,63.96,0
581R3507PR #16,22.00,70.36,0
581R3507PR #18,22.00,70.36,0
R22999RH #12,34.00,108.73,0
R22999RH #14,34.00,108.73,0
R22999RH #16,34.00,108.73,0
R22999RH #18,34.00,108.73,0
601R2627PR #10,17.00,54.37,3
601R2627PR #12,18.00,57.56,3
601R2627PR #14,18.00,57.56,0
601R2627PR #16,20.00,63.96,0
604R5359PR #16,26.00,83.15,3
604R5359PR #10,26.00,83.15,3
604R5359PR #14,26.00,83.15,3
604R5359PR #12,28.00,89.54,3
AR4639RH #12,22.00,70.36,3
AR4639RH #14,22.00,70.36,3
AR4639RH #16,22.00,70.36,3
AR4639RH #18,25.00,79.95,3
AR4639YG #12,24.00,76.75,3
AR4639YG #14,24.00,76.75,3
AR4639YG #16,24.00,76.75,3
AR4639YG #18,24.00,76.75,3
AR18171RH #14,35.00,111.93,3
R22387RH #12,34.00,108.73,3
R22387RH #14,34.00,108.73,3
R22387RH #16,34.00,108.73,3
R22387RH #18,34.00,108.73,3
R19775RH #10,48.00,141.70,0
R19775RH #12,48.00,141.70,0
R19775RH #14,48.00,141.70,0
R19775RH #16,48.00,141.70,0
R19775RH #18,48.00,141.70,0
R22482RH #12,37.00,118.33,0
R22482RH #14,37.00,118.33,0
R22482RH #16,37.00,118.33,0
R22482RH #18,37.00,118.33,0
R18674RH+B #12,31.00,99.14,0
R18674RH+B #14,84.00,227.30,3
R18674RH+B #16,84.00,227.30,3
R18674RH+B #18,84.00,227.30,0
R19828RH #12,61.00,180.07,3
R19828RH #14,61.00,180.07,0
R19828RH #16,61.00,180.07,0
R19828RH #18,61.00,180.07,0
R22346RH #12,42.00,123.98,3
R22346RH #14,42.00,123.98,0
R22346RH #16,42.00,123.98,0
R22346RH #18,42.00,123.98,3
R19776RH #12,56.00,165.31,3
R19776RH #14,56.00,165.31,0
R19776RH #16,56.00,165.31,0
R19776RH #18,56.00,165.31,0
KRR30B G14K #19,287.00,635.42,3
YL24 #14,11.00,41.94,0
YL73 #14,11.00,41.94,0
YL72 #14,11.00,41.94,0
YL68 #14,11.00,41.94,0
YL31 #14,11.00,41.94,0
YL65 #14,11.00,41.94,0
YL61 #14,11.00,41.94,0
YL60 #14,11.00,41.94,0
YL53 #14,11.00,41.94,0
YL51 #14,11.00,41.94,3
YL45 #14,11.00,41.94,0
YL37 #14,11.00,41.94,3
YL35 #14,11.00,41.94,3
YL33 #14,11.00,41.94,3
YL67 #14,11.00,41.94,0
YL28 #14,11.00,41.94,3
YL27 #14,11.00,41.94,0
YL08 #14,11.00,41.94,0
YL74 #14,11.00,41.94,0
Y0178RG14K #14,627.00,1311.06,0
Y0178RG14K #15,627.00,1311.06,0
Y0178RG14K #16,627.00,1311.06,3
Y0178RG14K #17,627.00,1311.06,0
Y0178RG14K #18,627.00,1311.06,3
Y0141RG14K #14,602.00,1258.78,0
Y0141RG14K #15,602.00,1258.78,0
Y0141RG14K #16,602.00,1258.78,3
Y0141RG14K #17,602.00,1258.78,0
Y0141RG14K #18,602.00,1258.78,3
Y0181RG14K #14,431.00,901.22,3
Y0181RG14K #16,431.00,901.22,3
Y0181RG14K #18,431.00,901.22,3
Y0136RG14K #14,602.00,1258.78,3
Y0136RG14K #16,602.00,1258.78,3
Y0136RG14K #17,602.00,1258.78,0
Y0136RG14K #18,602.00,1258.78,0
Y0403RG14K #14,448.00,936.77,0
Y0403RG14K #15,448.00,936.77,0
Y0403RG14K #16,448.00,936.77,3
Y0403RG14K #18,448.00,936.77,0
Y0403RG14K #19,448.00,936.77,0
Y0408RG14K #14,414.00,865.67,3
Y0408RG14K #16,414.00,865.67,3
Y0408RG14K #17,414.00,865.67,0
Y0408RG14K #18,414.00,865.67,0
Y0640RG14K #14,721.00,1463.27,3
Y0640RG14K #16,721.00,1463.27,3
Y0640RG14K #18,721.00,1463.27,0
Y0258RG14K #14,414.00,865.67,3
Y0258RG14K #16,414.00,865.67,3
Y0258RG14K #17,414.00,865.67,0
Y0258RG14K #18,414.00,865.67,0
Y0566RG14K #14,593.00,1239.96,0
Y0566RG14K #15,593.00,1239.96,0
Y0566RG14K #16,593.00,1239.96,3
Y0566RG14K #18,593.00,1239.96,3
Y0416RG14K #14,536.00,1120.78,3
Y0416RG14K #16,536.00,1120.78,3
Y0416RG14K #17,536.00,1120.78,0
Y0416RG14K #18,536.00,1120.78,0
HP013 #12,30.00,95.94,0
HP013 #14,30.00,95.94,0
HP013 #16,30.00,95.94,0
HP013 #18,30.00,95.94,3
AR18347WHITE #12,53.00,156.46,3
AR18347WHITE #14,53.00,156.46,3
AR18347WHITE #16,53.00,156.46,3
AR18347WHITE #18,53.00,156.46,3
AR18347ROSE #12,52.00,153.50,3
AR18347ROSE #14,53.00,156.46,3
AR18347ROSE #16,53.00,156.46,3
AR18347ROSE #18,55.00,162.36,3
R23934PRH #12,53.00,156.46,0
R23934PRH #14,53.00,156.46,0
R23934PRH #16,53.00,156.46,0
R23934PRH #18,53.00,156.46,0
"AH10739 #19,5CM",186.00,411.80,0
AH10739 #19CM,221.00,489.29,3
AH10739 #20CM,232.00,513.65,3
AR18805 #12,43.00,126.94,0
AR18805 #14,43.00,126.94,0
AR18805 #16,43.00,126.94,0
AR18805 #18,43.00,126.94,0
AR18844 #12,44.00,129.89,3
AR18844 #14,44.00,129.89,3
AR18844 #16,44.00,129.89,3
AR18844 #18,44.00,129.89,3
AR18211PRH+W #18,64.00,188.93,0
AR18211PRH+W #14,64.00,188.93,3
AR18211PRH+W #16,64.00,188.93,3
AR18211PRH+W #12,64.00,188.93,0
MT10046R #12,24.00,76.75,3
MT10046R #14,24.00,76.75,3
MT10046R #16,24.00,76.75,3
MT10046R #18,24.00,76.75,3
17605R #12,58.00,171.22,0
17605R #14,58.00,171.22,0
17605R #16,58.00,171.22,0
17605R #18,58.00,171.22,0
17605R #20,58.00,171.22,0
31139R #12,102.00,276.01,0
31139R #14,102.00,276.01,0
31139R #16,102.00,276.01,0
31139R #18,102.00,276.01,0
31139R #20,102.00,276.01,0
PD0032W #8,17.00,54.37,0
PD0030W #10,18.00,57.56,0
PD0030W #6,18.00,57.56,0
PD0030W #7,18.00,57.56,0
PD0030W #8,18.00,57.56,0
PD0030W #9,18.00,57.56,0
PD0030W #11,18.00,57.56,0
PD0023LB #7,14.00,53.38,0
PD0024LB #7,10.00,38.13,0
PD0024LB #9,10.00,38.13,0
PD0024LB #10,10.00,38.13,0
AS9921RH #14,149.00,366.54,0
AS9921RH #16,149.00,366.54,3
AS9921RH #18,149.00,366.54,3
AS9921RH #20,149.00,366.54,3
AS9922 #14,106.00,286.84,3
AS9922 #16,106.00,286.84,3
AS9922 #18,106.00,286.84,3
AS9922 #20,106.00,286.84,3
AS9924RH #14,110.00,297.66,3
AS9924RH #16,110.00,297.66,3
AS9924RH #18,110.00,297.66,3
AS9924RH #20,110.00,297.66,3
AS9919RH #14,104.00,281.42,0
AS9919RH #16,104.00,281.42,3
AS9919RH #18,104.00,281.42,3
AS9919RH #20,104.00,281.42,3
AS9920RH #14,113.00,305.78,0
AS9920RH #16,113.00,305.78,3
AS9920RH #18,113.00,305.78,0
AS9920RH #20,113.00,305.78,0
AR19058 #14,49.00,144.65,3
AR19057 #14,35.00,111.93,3
AR18996 #24RH,70.00,206.64,3
AR18996 #18RH,70.00,206.64,0
AR18996 #16RH,70.00,206.64,3
AR18996 #20RH,70.00,206.64,0
AR19061 #14,55.00,162.36,3
AR19022 #16RH,43.00,126.94,3
AR19022 #18RH,43.00,126.94,3
AR19022 #20RH,43.00,126.94,3
AR19022 #24RH,43.00,126.94,3
AR19105 #14,41.00,121.03,3
AR19104 #14,42.00,123.98,3
AR18962 #16RH,47.00,138.74,0
AR18962 #18RH,47.00,138.74,3
AR18962 #20RH,47.00,138.74,3
AR18962 #24RH,47.00,138.74,3
AR19028 #16RH,29.00,92.74,3
AR19028 #18RH,29.00,92.74,3
AR19028 #20RH,29.00,92.74,3
AR19028 #22RH,29.00,92.74,3
AR19028 #24RH,29.00,92.74,3
AR19059 #14,30.00,95.94,0
AR19059 #16,31.00,99.14,3
AR19059 #18,35.00,111.93,3
AR19059 #20,37.00,118.33,0
AR17120 #16RH,49.00,144.65,3
AR17120 #18RH,49.00,144.65,3
AR17120 #20RH,49.00,144.65,3
AR17120 #22RH,49.00,144.65,3
AR17120 #24RH,49.00,144.65,3
AR17120 #16YG,49.00,144.65,3
AR17120 #18YG,49.00,144.65,3
AR17120 #20YG,49.00,144.65,3
AR17120 #22YG,49.00,144.65,3
AR17120 #24YG,49.00,144.65,3
AR19055 #16RH,49.00,144.65,3
AR19055 #18RH,49.00,144.65,3
AR19055 #20RH,49.00,144.65,3
AR19055 #24RH,49.00,144.65,0
AR19036 #16RH,30.00,95.94,0
AR19036 #18RH,30.00,95.94,0
AR19036 #20RH,30.00,95.94,0
AR19036 #22RH,30.00,95.94,0
AR19036 #24RH,30.00,95.94,0
AR19032 #12YG,28.00,89.54,0
AR19032 #14YG,28.00,89.54,3
AR19032 #16YG,28.00,89.54,3
AR19032 #18YG,28.00,89.54,3
AR19054 #16YG,29.00,92.74,0
AR19054 #18YG,29.00,92.74,0
AR19054 #20YG,29.00,92.74,0
AR19054 #22YG,29.00,92.74,0
AR19054 #24YG,29.00,92.74,0
PR0365RY+1 #12,25.00,79.95,0
PR0365RY+1 #14,37.00,118.33,0
PR0365RY+1 #18,38.00,121.52,3
PR0365RY+1 #16,40.00,127.92,3
PR0365RY+1 #20,40.00,127.92,3
AR19038 #16YG,29.00,92.74,0
AR19038 #18YG,29.00,92.74,3
AR19038 #20YG,29.00,92.74,0
AR19038 #22YG,29.00,92.74,3
AR19038 #24YG,29.00,92.74,3
AR19029 #14YG,28.00,89.54,0
AR19021 #16RH+YG,67.00,197.78,3
AR19021 #18RH+YG,67.00,197.78,3
AR19021 #20RH+YG,67.00,197.78,3
AR19021 #24RH+YG,67.00,197.78,3
AR19062 #16,30.00,95.94,3
AR19062 #18,31.00,99.14,3
AR19062 #14,34.00,108.73,3
AR19062 #20,34.00,108.73,3
AR18993 #16RH+YG,62.00,183.02,3
AR18993 #18RH+YG,62.00,183.02,3
AR18993 #20RH+YG,62.00,183.02,3
AR18993 #24RH+YG,62.00,183.02,0
AR18993 #14RH+YG,62.00,183.02,3
AR18982 #16YG,67.00,197.78,0
AR18982 #18YG,67.00,197.78,3
AR18982 #20YG,67.00,197.78,0
AR18982 #22YG,67.00,197.78,3
AR18982 #24YG,67.00,197.78,0
AR19116RH+Y #14,53.00,156.46,0
AR19116RH+Y #16,54.00,159.41,0
AR19116RH+Y #18,54.00,159.41,0
AR19116RH+Y #20,54.00,159.41,0
AR19056PINK #16,55.00,162.36,3
AR19056PINK #18,58.00,171.22,3
AR19056PINK #20,61.00,180.07,3
AR19056PINK #22,64.00,188.93,3
AR19056PINK #24,67.00,197.78,3
AR19056BLACK #16,55.00,162.36,0
AR19056BLACK #18,58.00,171.22,3
AR19056BLACK #20,61.00,180.07,3
AR19056BLACK #22,64.00,188.93,3
AR19056BLACK #24,67.00,197.78,3
AR19056WHITE #16,55.00,162.36,0
AR19056WHITE #18,58.00,171.22,0
AR19056WHITE #20,61.00,180.07,0
AR19056WHITE #22,64.00,188.93,0
AR19056WHITE #24,67.00,197.78,0
AR19034 #14RH,28.00,89.54,3
AR19019 #16RH,52.00,153.50,0
AR19019 #18RH,52.00,153.50,3
AR19019 #24RH,52.00,153.50,0
AR19019 #20RH,52.00,153.50,3
AR18992 #16RH,35.00,111.93,0
AR18992 #18RH,35.00,111.93,0
AR18992 #20RH,35.00,111.93,3
AR18992 #24RH,35.00,111.93,3
AR18991 #16RH,64.00,188.93,3
AR18991 #18RH,64.00,188.93,3
AR18991 #20RH,64.00,188.93,3
AR18991 #24RH,64.00,188.93,0
AR19050 #16RH,35.00,111.93,0
AR19050 #18RH,35.00,111.93,0
AR19050 #20RH,35.00,111.93,0
AR19050 #22RH,35.00,111.93,0
AR19050 #24RH,35.00,111.93,0
AR19023 #16RH,43.00,126.94,0
AR19023 #18RH,43.00,126.94,0
AR19023 #20RH,43.00,126.94,0
AR19023 #24RH,43.00,126.94,0
AR18994 #16RH,58.00,171.22,0
AR18994 #18RH,58.00,171.22,0
AR18994 #20RH,58.00,171.22,0
AR18994 #22RH,58.00,171.22,0
AR18994 #24RH,58.00,171.22,0
AR19008 #14RH,84.00,227.30,3
AR19008 #16RH,84.00,227.30,3
AR19008 #18RH,84.00,227.30,3
AR19008 #20RH,84.00,227.30,3
AR19053 #14RH,58.00,171.22,0
AR19053 #16RH,58.00,171.22,0
AR19053 #18RH,58.00,171.22,0
AR19053 #20RH,58.00,171.22,0
AR19006 #14,64.00,188.93,0
AR19006 #16,64.00,188.93,3
AR19006 #18,64.00,188.93,3
AR19006 #20,64.00,188.93,0
AR19051 #16RH,44.00,129.89,0
AR19051 #18RH,44.00,129.89,0
AR19051 #20RH,44.00,129.89,0
AR19051 #22RH,44.00,129.89,0
AR19051 #24RH,44.00,129.89,0
AR19024 #16RH,49.00,144.65,0
AR19024 #18RH,49.00,144.65,0
AR19024 #20RH,49.00,144.65,0
AR19024 #24RH,49.00,144.65,0
AR19003 #14YG,64.00,188.93,3
AR19003 #16YG,64.00,188.93,3
AR19003 #18YG,64.00,188.93,3
AR19003 #20YG,64.00,188.93,3
AR19146 #14,76.00,224.35,3
AR19146 #16,76.00,224.35,3
AR19146 #18,76.00,224.35,3
AR19146 #20,76.00,224.35,3
AR19126 #12,24.00,76.75,3
AR19126 #14,24.00,76.75,3
AR19126 #16,24.00,76.75,0
AR19126 #18,24.00,76.75,0
AR19125 #12,28.00,89.54,0
AR19125 #14,28.00,89.54,0
AR19125 #16,28.00,89.54,0
AR19125 #18,28.00,89.54,0
ALCYR0413R #10,28.00,89.54,3
ALCYR0413R #12,28.00,89.54,3
ALCYR0413R #14,28.00,89.54,3
ALCYR0413R #16,28.00,89.54,0
ALCYR0413R #18,28.00,89.54,0
ALCYR0413R #20,28.00,89.54,0
AR19012 #12RH,90.00,243.54,3
AR19012 #14RH,90.00,243.54,3
AR19012 #16RH,90.00,243.54,3
AR19012 #18RH,90.00,243.54,3
AR19015 #14,47.00,138.74,0
AR19015 #16,47.00,138.74,0
AR19015 #18,47.00,138.74,0
AR19015 #20,47.00,138.74,0
AR19037 #12RH,29.00,92.74,0
AR19037 #14RH,29.00,92.74,0
AR19037 #16RH,29.00,92.74,0
AR19037 #18RH,29.00,92.74,0
AR19025 #16RH,35.00,111.93,0
AR19025 #18RH,35.00,111.93,0
AR19025 #22RH,35.00,111.93,0
AR19025 #24RH,35.00,111.93,0
AR19025 #20RH,35.00,111.93,0
AR19031 #16RH,34.00,108.73,0
AR19031 #18RH,34.00,108.73,3
AR19031 #20RH,34.00,108.73,3
AR19031 #22RH,34.00,108.73,0
AR19031 #24RH,34.00,108.73,0
AR19052 #16RH,26.00,83.15,0
AR19052 #18RH,26.00,83.15,3
AR19052 #20RH,26.00,83.15,3
AR19052 #22RH,26.00,83.15,3
AR19052 #24RH,26.00,83.15,3
AR18999 #16RH,38.00,121.52,3
AR18999 #18RH,38.00,121.52,3
AR18999 #20RH,38.00,121.52,0
AR18999 #22RH,38.00,121.52,0
AR18999 #24RH,38.00,121.52,0
AR18988 #16RH,67.00,197.78,3
AR18988 #18RH,67.00,197.78,3
AR18988 #20RH,67.00,197.78,3
AR18988 #24RH,67.00,197.78,3
AR19007 #14RH,53.00,156.46,3
AR19007 #16RH,53.00,156.46,3
AR19007 #18RH,53.00,156.46,3
AR19007 #20RH,53.00,156.46,3
AR18961 #16RH,34.00,108.73,3
AR18961 #18RH,34.00,108.73,3
AR18961 #20RH,34.00,108.73,3
AR18961 #24RH,34.00,108.73,3
AR18995 #16RH,34.00,108.73,3
AR18995 #18RH,34.00,108.73,3
AR18995 #20RH,34.00,108.73,3
AR18995 #22RH,34.00,108.73,0
AR18995 #24RH,34.00,108.73,0
AR18995 #14RH,34.00,108.73,3
AR19106 #14,38.00,121.52,3
AR19106 #16,40.00,127.92,3
AR19106 #18,41.00,121.03,3
AR19106 #20,42.00,123.98,3
AR19033 #16RH,23.00,73.55,3
AR19033 #18RH,23.00,73.55,3
AR19033 #20RH,23.00,73.55,3
AR19033 #22RH,23.00,73.55,3
AR19033 #24RH,23.00,73.55,3
AR19004 #14,52.00,153.50,3
AR19004 #16,52.00,153.50,3
AR19004 #18,52.00,153.50,3
AR19004 #20,52.00,153.50,3
AR18998 #16RH,54.00,159.41,0
AR18998 #18RH,54.00,159.41,0
AR18998 #20RH,54.00,159.41,0
AR18998 #24RH,54.00,159.41,0
AR19027 #16RH,37.00,118.33,0
AR19027 #18RH,37.00,118.33,0
AR19027 #20RH,37.00,118.33,0
AR19027 #22RH,37.00,118.33,0
AR19027 #24RH,37.00,118.33,0
AR19030 #16RH,52.00,153.50,0
AR19030 #18RH,52.00,153.50,0
AR19030 #20RH,52.00,153.50,3
AR19030 #22RH,52.00,153.50,3
AR19030 #24RH,52.00,153.50,3
AR19018 #16RH,34.00,108.73,3
AR19018 #18RH,34.00,108.73,3
AR19018 #20RH,34.00,108.73,3
AR19018 #24RH,34.00,108.73,3
AR19035 #14RH,41.00,121.03,3
AR19020 #16RH,64.00,188.93,0
AR19020 #18RH,64.00,188.93,3
AR19020 #20RH,64.00,188.93,3
AR19020 #24RH,64.00,188.93,0
AR19124 #14,53.00,156.46,3
AR19123 #12,43.00,126.94,0
AR19123 #14,43.00,126.94,0
AR19123 #16,43.00,126.94,0
AR19123 #18,43.00,126.94,0
AR19000 #14RH,68.00,200.74,0
AR19000 #16RH,68.00,200.74,0
AR19000 #18RH,68.00,200.74,0
AR19000 #20RH,68.00,200.74,0
AR19009 #14RH,70.00,206.64,3
AR19009 #16RH,70.00,206.64,3
AR19009 #18RH,70.00,206.64,3
AR19009 #20RH,70.00,206.64,3
AR18997 #16RH,49.00,144.65,3
AR18997 #18RH,49.00,144.65,3
AR18997 #20RH,49.00,144.65,3
AR18997 #24RH,49.00,144.65,3
AR19011 #14RH,66.00,194.83,3
AR19011 #16RH,66.00,194.83,3
AR19011 #18RH,66.00,194.83,3
AR19011 #20RH,66.00,194.83,3
AR19001 #14RH,47.00,138.74,3
AR19001 #16RH,47.00,138.74,3
AR19001 #18RH,47.00,138.74,3
AR19001 #20RH,47.00,138.74,3
AR19107 #14,55.00,162.36,3
AR19107 #16,56.00,165.31,0
AR19107 #18,60.00,177.12,3
AR19107 #20,61.00,180.07,0
AR18976 #16RH,60.00,177.12,3
AR18976 #18RH,60.00,177.12,3
AR18976 #20RH,60.00,177.12,3
AR18976 #24RH,60.00,177.12,3
AR19014 #14RH,52.00,153.50,3
AR19014 #16RH,52.00,153.50,3
AR19014 #18RH,52.00,153.50,3
AR19014 #20RH,52.00,153.50,3
AR19005 #14RH,58.00,171.22,0
AR19005 #16RH,58.00,171.22,3
AR19005 #18RH,58.00,171.22,0
AR19005 #20RH,58.00,171.22,0
AR19002 #20RH,66.00,194.83,0
AR19002 #14RH,66.00,194.83,3
AR19002 #16RH,66.00,194.83,3
AR19002 #18RH,66.00,194.83,3
AR19013 #14RH,68.00,200.74,3
AR19013 #16RH,68.00,200.74,3
AR19013 #18RH,68.00,200.74,3
AR19013 #20RH,68.00,200.74,3
AR19017 #14RH,74.00,218.45,0
AR19017 #16RH,74.00,218.45,3
AR19017 #18RH,74.00,218.45,3
AR19017 #20RH,74.00,218.45,0
AR19060 #14RH,86.00,232.72,3
AR19060 #16RH,86.00,232.72,3
AR19060 #18RH,86.00,232.72,3
AR19060 #20RH,86.00,232.72,3
EFR-0008GA #15,127.00,312.42,0
DPB-0017R #16,79.00,233.21,3
DPB-0017R #15,84.00,227.30,0
DPB-0019R #15,76.00,224.35,3
DPB-0019R #16,78.00,230.26,3
AR19016 #18RH,48.00,141.70,0
AR19016 #20RH,48.00,141.70,0
AR19016 #14RH,48.00,141.70,0
AR19016 #16RH,48.00,141.70,0
DPSR-0123Y #18,86.00,232.72,0
DPSR-0123Y #16,86.00,232.72,3
DPSR-0123Y #14,86.00,232.72,3
EFSR-0010RH+1 #18,130.00,319.80,0
EFSR-0010RH+1 #19,130.00,319.80,0
EFSR-0010RH+1 #17,130.00,319.80,3
EFSR-0010RH+1 #16,130.00,319.80,3
EFSR-0010RH+1 #15,130.00,319.80,0
EFSR-0010RH+1 #14,130.00,319.80,3
KGDOC60N G14K #45,2151.00,4100.88,3
KGDOC60N G14K #50,2387.00,4550.82,3
KGDOC60N G14K #55,2620.00,4995.03,3
"TRZ80BG14K #20,5",1561.00,3072.05,3
TRZ80NG14K #45,3386.00,6455.41,3
TRZ80NG14K #50,3746.00,7141.75,3
TRZ80NG14K #55,4125.00,7610.62,3
"TRZ60BG14K #20,5",963.00,1954.41,3
KGDOC70N G14K #50,3262.00,6219.00,3
KGDOC70N G14K #55,3594.00,6851.96,3
KGD80NG14K #50,4605.00,8496.22,3
KGD80NG14K #55,5058.00,9332.01,3
R25498Y #14,92.00,248.95,3
R25498Y #16,92.00,248.95,3
R25498Y #18,92.00,248.95,3
R25498Y #20,92.00,248.95,3
R25498Y #22,92.00,248.95,3
R25498RH #14,92.00,248.95,3
R25498RH #16,92.00,248.95,3
R25498RH #18,92.00,248.95,3
R25498RH #20,92.00,248.95,3
R25498RH #22,92.00,248.95,3
R25763RH #14,58.00,171.22,0
R25763RH #16,58.00,171.22,0
R25763RH #18,58.00,171.22,0
R25763RH #20,58.00,171.22,0
MR11829-SA #18,66.00,194.83,0
MR11829-SA #14,66.00,194.83,3
MR11829-SA #15,66.00,194.83,3
MR11829-SA #16,66.00,194.83,3
MR11829-RU #14,66.00,194.83,3
MR11829-RU #15,66.00,194.83,3
MR11829-RU #16,66.00,194.83,3
MR11829-RU #18,66.00,194.83,3
MR11829-WH #16,50.00,147.60,3
MR11829-WH #18,66.00,194.83,3
MR11829-WH #14,66.00,194.83,3
MR11829-WH #15,66.00,194.83,3
MR11375-SA #14,42.00,123.98,3
MR11375-SA #15,42.00,123.98,3
MR11375-SA #16,42.00,123.98,3
MR11375-SA #18,42.00,123.98,3
MR11375-WH #14,42.00,123.98,3
MR11375-WH #15,42.00,123.98,3
MR11375-WH #16,42.00,123.98,3
MR11375-WH #18,42.00,123.98,3
MR11815-SA #15,34.00,108.73,3
MR11815-SA #14,44.00,129.89,3
MR11815-SA #16,44.00,129.89,3
MR11815-SA #18,44.00,129.89,3
MR11815-WH #14,44.00,129.89,3
MR11815-WH #15,44.00,129.89,3
MR11815-WH #16,44.00,129.89,3
MR11815-WH #18,44.00,129.89,3
MR11932-RU #14,55.00,162.36,3
MR11932-RU #16,55.00,162.36,0
MR11932-SA #14,55.00,162.36,0
MR11932-SA #16,55.00,162.36,3
MR10653-WH #14,55.00,162.36,3
MR10653-WH #16,55.00,162.36,3
MR10653-WH #18,55.00,162.36,3
MR10896-SA #18,53.00,156.46,3
MR10896-SA #14,53.00,156.46,0
MR10896-SA #16,53.00,156.46,0
MR10896-WH #14,53.00,156.46,3
MR10896-WH #16,53.00,156.46,3
MR10896-WH #18,53.00,156.46,3
MR10896-RU #16,53.00,156.46,3
MR10896-RU #18,53.00,156.46,3
MR10896-RU #14,53.00,156.46,3
MR11194-WH #14,55.00,162.36,0
MR11194-WH #16,55.00,162.36,0
MR11194-WH #18,55.00,162.36,0
MR11194-SA #18,55.00,162.36,3
MR11194-SA #14,55.00,162.36,0
MR11194-SA #16,55.00,162.36,0
MR11802-WH #16,40.00,127.92,3
MR11802-WH #18,40.00,127.92,3
MR11802-WH #14,40.00,127.92,0
MR11802-WH #15,40.00,127.92,0
MR11802-SA #16,40.00,127.92,0
MR11802-SA #14,40.00,127.92,0
MR11802-RU #14,40.00,127.92,3
MR11802-RU #16,40.00,127.92,0
MR11359-SA #14,50.00,147.60,0
MR11359-SA #16,50.00,147.60,0
MR11359-WH #14,50.00,147.60,0
MR11359-WH #15,50.00,147.60,0
MR11359-WH #16,50.00,147.60,0
MR11562-WH #14,58.00,171.22,3
MR11562-WH #15,58.00,171.22,3
MR11562-WH #16,58.00,171.22,3
MR11562-WH #18,58.00,171.22,3
MR11366-WH #16,48.00,141.70,3
MR11366-WH #18,48.00,141.70,3
MR11366-WH #14,48.00,141.70,0
MR11366-WH #15,48.00,141.70,0
MR11366-SA #18,48.00,141.70,0
MR11366-SA #14,48.00,141.70,0
MR11366-SA #15,48.00,141.70,0
MR11366-SA #16,48.00,141.70,0
SET-185P #18,47.00,138.74,0
SET-185P #16,47.00,138.74,0
SET-185P #14,47.00,138.74,3
SET-185P #12,47.00,138.74,0
EFSR-0010Y #14,109.00,294.95,3
EFSR-0010Y #15,109.00,294.95,0
DPR-0070PRH #14,121.00,327.43,3
DPR-0070PRH #16,121.00,327.43,3
DPR-0070PRH #18,121.00,327.43,0
DPR-0067PRH #14,83.00,224.60,3
DPR-0067PRH #16,83.00,224.60,0
DPR-0067PRH #12,83.00,224.60,0
DPR-0067PRH #18,121.00,327.43,0
DPSR-0215RH #14,78.00,230.26,3
DPSR-0215RH #16,78.00,230.26,0
DPSR-0215RH #18,78.00,230.26,3
DPSR-0130Y-S #14,106.00,286.84,3
DPSR-0130Y-S #16,106.00,286.84,0
DPSR-0130Y-S #18,106.00,286.84,0
AR19541 #16,145.00,356.70,3
AR19541 #14,174.00,385.24,3
AR19541 #18,174.00,385.24,3
AR19541 #20,174.00,385.24,3
AR19543 #18,174.00,385.24,3
AR19543 #20,174.00,385.24,3
AR19543 #14,174.00,385.24,3
AR19543 #16,174.00,385.24,3
AR19547 #16,318.00,704.05,3
AR19547 #18,318.00,704.05,3
AR19547 #20,318.00,704.05,3
AR19547 #14,318.00,704.05,3
AR19545 #20,210.00,464.94,3
AR19545 #14,210.00,464.94,3
AR19545 #16,210.00,464.94,3
AR19545 #18,210.00,464.94,3
AR19539 #14,180.00,398.52,3
AR19539 #16,180.00,398.52,3
AR19539 #18,180.00,398.52,3
AR19539 #20,180.00,398.52,3
AR19546 #18,132.00,324.72,3
AR19546 #20,132.00,324.72,3
AR19546 #14,132.00,324.72,3
AR19546 #16,132.00,324.72,3
AR19542 #20,120.00,324.72,3
AR19542 #14,120.00,324.72,3
AR19542 #16,120.00,324.72,3
AR19542 #18,120.00,324.72,3
AR19540 #16,240.00,531.36,3
AR19540 #18,240.00,531.36,3
AR19540 #20,240.00,531.36,3
AR19540 #14,240.00,531.36,3
AR19544 #20,240.00,531.36,3
AR19544 #18,240.00,531.36,3
AR19544 #14,240.00,531.36,3
AR19544 #16,240.00,531.36,3
PBM1550YG #BIAŁY,80.00,236.16,3
C001BY,26.00,83.15,3
PCS-018,28.00,89.54,3
PCS-019R,28.00,89.54,3
PCS-018W,34.00,108.73,0
PCS-027B,96.00,259.78,3
PC-108B,36.00,115.13,3
PCS-027W,84.00,227.30,0
PCS-001B,60.00,177.12,3
SCE-034W,73.00,215.50,3
TB-0014W,38.00,121.52,3
TB-0015B,36.00,115.13,3
SCY-119B,64.00,188.93,3
SCY-119W,64.00,188.93,3
TB-0013W,42.00,123.98,3
ALCEROR,18.00,57.56,3
CBA10003B,101.00,273.31,0
CBA10002B,113.00,305.78,0
CBA10001BW,175.00,387.45,3
CBA10001B,175.00,387.45,3
SCE-063WR,60.00,177.12,0
SCE-063WY,60.00,177.12,0
SCE-063BR,62.00,183.02,0
CS107B,52.00,153.50,3
SCE-063BY,60.00,177.12,0
AH1688BR,26.00,83.15,3
AN839NY,25.00,79.95,0
AN839BY,18.00,57.56,0
AN465NY,31.00,99.14,3
AN717NR,50.00,147.60,3
AN717BR,41.00,121.03,3
AN467NR,26.00,83.15,3
AN467NY,26.00,83.15,3
AN467BR,18.00,57.56,3
AN467BY,29.00,92.74,3
AN869NR,29.00,92.74,3
AN869NY,29.00,92.74,3
AN869BR,18.00,57.56,0
AN869BY,20.00,63.96,0
AN709NR,43.00,126.94,3
AN709BR,42.00,123.98,3
AN710NY,36.00,115.13,0
AN452NY,37.00,118.33,3
AN153NR,30.00,95.94,0
AC130805BR,29.00,92.74,0
AC130842NR,29.00,92.74,0
AC130842NY,48.00,141.70,3
AC130842BR,24.00,76.75,0
ALCEROB2M,15.00,57.20,3
AN462BR,37.00,118.33,0
AN813BR,38.00,121.52,0
AN873NY,38.00,121.52,3
AN873BY,30.00,95.94,3
AN1011NY,35.00,111.93,3
AN1016NY,31.00,99.14,3
AN1016BY,25.00,79.95,3
AN715NY,49.00,144.65,3
AN715BY,43.00,126.94,0
AN667NY,34.00,108.73,3
AN667BY,31.00,99.14,3
AH1688BY,28.00,89.54,0
AH776NR,56.00,165.31,3
AH776NY,42.00,123.98,3
AH776BR,41.00,121.03,3
AH776BY,29.00,92.74,3
SCE-062BR,62.00,183.02,0
SCE-062WY,62.00,183.02,3
SCE-062BY,62.00,183.02,3
SCE-060WR,60.00,177.12,3
SCE-060BR,60.00,177.12,0
SCE-060WY,60.00,177.12,0
SCE-061WR,100.00,270.60,3
SCE-061BR,97.00,262.48,0
SCE-062WR,41.10,121.33,0
SCE-062WR,60.00,177.12,0
AN153NY,36.00,115.13,3
ALCER0006KWR,43.00,126.94,3
ALCER0006ZWR,26.00,83.15,3
SC-051BR,64.00,188.93,3
SC-049BR,67.00,197.78,3
SCE-039WR,60.00,177.12,3
SCE-040BR,49.00,144.65,3
SCE-038WR,79.00,233.21,3
ALCER0044KBR,66.00,194.83,3
ALCER0049BBR,131.00,322.26,3
ALCER0046NWR,142.00,349.32,3
ALCER0047BBR,206.00,456.08,3
ALCER0048NBR,142.00,349.32,3
0035HK3117N,120.00,324.72,0
0035HK3117B,74.00,218.45,0
0610BK2794B,42.00,123.98,0
0610BK2794N,68.00,200.74,3
0940BR5828,70.00,206.64,3
0940BR5825,61.00,180.07,3
ROS0103M61RH,86.00,232.72,0
ROS0103M61Y,176.00,389.66,0
ROS0203M65Y,94.00,254.36,0
1304OR0086P,13.00,49.57,0
1304OR0086B,13.00,49.57,0
1304OR0086W,12.00,45.76,0
1304OR0086R,12.00,45.76,0
3070BRH,55.28,163.19,0
ALC001R,58.00,171.22,3
ALC006R,30.00,95.94,3
ALC007Y,31.00,99.14,3
ALC008Y,31.00,99.14,0
ALC009R,31.00,99.14,3
ALC002NY,62.00,183.02,3
ALC003R,30.00,95.94,0
ALC004Y,30.00,95.94,3
ALC005BR,28.00,89.54,3
ALC013R,47.00,138.74,3
ALC014NR,34.00,108.73,0
ALC015R,34.00,108.73,3
ALC016R,38.00,121.52,0
ALC017R,35.00,111.93,0
ALC018R,36.00,115.13,0
ALC020Y,40.00,127.92,3
ALC012NRH,25.00,79.95,0
ALC021Y,26.00,83.15,3
ALCER0079KBR,62.00,183.02,3
ALC022Y,31.00,99.14,3
ALCER0079KBY,62.00,183.02,3
ALCER0080KBR,55.00,162.36,0
ALCER0080KBY,55.00,162.36,3
ALCER0075KBR,49.00,144.65,3
ALCER0075ZBR,35.00,111.93,3
ALCER0077KBY,120.00,324.72,0
ALCER0081KBR,60.00,177.12,3
ALCER0078KBR,67.00,197.78,3
ALCER0078ZBR,26.00,83.15,3
ALCER0078BBR,54.00,159.41,3
ALCER0052KBR,52.00,153.50,3
ALCER0052ZBR,35.00,111.93,3
ALCER0052KWR,52.00,153.50,3
ALCER0052ZWR,35.00,111.93,3
ALCER0053BBR,90.00,243.54,3
ALCER0053KBR,47.00,138.74,3
ALCER0053ZBR,26.00,83.15,3
ALCER0053KWR,47.00,138.74,0
ALCER0053ZWR,26.00,83.15,3
ALCER0069KWY,47.00,138.74,3
ALCER0070KWY,47.00,138.74,3
ALCER0071KWY,53.00,156.46,3
ALCER0057ZWR,34.00,108.73,3
ALCER0057ZBR,34.00,108.73,3
ALCER0066ZSR,28.00,89.54,3
ALCER0067KBR,48.00,141.70,3
ALCER0068KBR,48.00,141.70,3
ALCER0054ZBR,26.00,83.15,3
ALCER0054KBR,38.00,121.52,3
ALCER0072ZBWR,44.00,129.89,3
ALCER0072KBWR,127.00,312.42,3
ALCER0073ZBR,30.00,95.94,3
ALCER0074KBR,66.00,194.83,3
ALCER0056ZRY,31.00,99.14,3
SCE-362RY,52.00,153.50,3
SCE-019BR,54.00,159.41,3
SCE-019WR,54.00,159.41,3
ALCER0062KBR,44.00,129.89,0
ALCER0063KBR,44.00,129.89,3
ALCER0064KWY,44.00,129.89,3
ALCER0065KWY,44.00,129.89,3
ALCER0066KWY,44.00,129.89,3
ALKCZ9MRD-WHITE,17.00,54.37,3
ALOPS001,56.00,165.31,0
ALOPS002,52.00,153.50,0
ALOPS004,121.00,327.43,3
ALOPS005,114.00,308.48,3
ALOPB007,107.00,289.54,0
ALOPB008,106.00,286.84,3
ALOPB009,79.00,233.21,3
ALOPB010,78.00,230.26,3
ALOPB012,110.00,297.66,0
ALEP0013,23.00,73.55,0
ALOPB013,109.00,294.95,0
ALKCZ5MSR,10.00,38.13,0
ALKC12MCW,43.00,126.94,3
ALKC10MCW,35.00,111.93,3
ALKC14MCW,34.00,108.73,3
ALKNC2,16.00,61.01,0
ALOPK003,34.00,108.73,3
ALEP018,26.00,83.15,0
ALEP019,38.00,121.52,0
CEL0036Y,23.00,73.55,3
CEL035R,23.00,73.55,3
CEL034R,25.00,79.95,3
CEL0032Y,26.00,83.15,3
CEL0032R,24.00,76.75,0
CEL0020Y,28.00,89.54,3
CEL0024R,28.00,89.54,3
CEL0034Y,25.00,79.95,3
CEL0024Y,28.00,89.54,3
CEL003R,31.00,99.14,0
CEL0033Y,25.00,79.95,0
CEL036R,26.00,83.15,3
CEL0035Y,25.00,79.95,3
CEL003Y,30.00,95.94,0
CEL004Y,26.00,83.15,0
CEL004R,29.00,92.74,0
ALCER0059KBR,38.00,121.52,3
ALCER0060ZBR,35.00,111.93,3
ALCER0061ZBR,25.00,79.95,3
CS-581KBR,74.00,218.45,3
CS-581KWR,74.00,218.45,0
ALCER0006KBR,44.00,129.89,3
ALCER0006ZBR,28.00,89.54,3
ALC081Y,28.00,89.54,3
ALC077Y,28.00,89.54,0
ALC080Y,23.00,73.55,3
ALC065Y,30.00,95.94,3
ALC066R,28.00,89.54,3
ALC084NY,29.00,92.74,0
ALC063R,25.00,79.95,3
MVB-0092-1,140.00,344.40,0
MVB-0089,133.00,327.18,0
MVB-0085-2,116.00,313.90,0
MVB-0088-1,142.00,349.32,0
MVB-0084-1,172.00,380.81,3
MVB-0086,174.00,385.24,3
MVB-0084,139.00,341.94,0
MVB-0086-1,128.00,314.88,0
MVSB-0455,136.00,334.56,0
MVB-0085-3,139.00,341.94,0
MVB-0089-3,130.00,319.80,0
LJN-0047,42.00,123.98,3
LJN-0028Y,40.00,127.92,3
MVE-0104,42.00,123.98,0
HE-1027,44.00,129.89,0
MVE-0054,64.00,188.93,0
MVE-0020,82.00,221.89,0
MVB-0071-1,146.00,359.16,0
MVB-0072-1,136.00,334.56,0
HB-0371,104.00,281.42,0
HB-0351,142.00,349.32,0
CB-0003,48.00,141.70,0
HB-0216,76.00,224.35,0
MVSB-0448-BG,74.00,218.45,0
SP13950100001,30.00,95.94,0
ALC058Y,29.00,92.74,3
ALC064R,23.00,73.55,3
ALC057Y,31.00,99.14,3
SE10157200002,11.00,41.94,0
SE04672100001,25.00,79.95,3
SB02125101003,54.00,159.41,0
SB02052101005,40.00,127.92,0
SB02102101001,43.00,126.94,3
SB02096101001,47.00,138.74,3
SB02091101001,47.00,138.74,3
SB02095101001,47.00,138.74,3
SE08789100001,23.00,73.55,0
SE24488100001,34.00,108.73,0
ALC047BR,34.00,108.73,0
ALC078R,38.00,121.52,0
ALC082Y,26.00,83.15,3
ALC079Y,36.00,115.13,3
ALC038Y,41.00,121.03,3
ALC059Y,25.00,79.95,3
ALC046Y,42.00,123.98,0
ALC048BR,42.00,123.98,3
ALC053Y,34.00,108.73,0
ALC050R,41.00,121.03,3
ALC042R,29.00,92.74,3
ALC051Y,29.00,92.74,3
ALC054R,24.00,76.75,3
ALC035R,41.00,121.03,3
ALC049R,29.00,92.74,3
ALC085R,35.00,111.93,3
ALC061R,34.00,108.73,0
ALC052R,23.00,73.55,3
ALC070Y,37.00,118.33,3
ALC074R,36.00,115.13,3
ALC075Y,36.00,115.13,3
ALC076R,36.00,115.13,3
ALC040NR,48.00,141.70,0
ALC069Y,41.00,121.03,0
ALC073Y,38.00,121.52,3
ALC056Y,23.00,73.55,3
ALC062NR,42.00,123.98,3
ALC029R,41.00,121.03,3
ALC039Y,47.00,138.74,3
ALC071Y,37.00,118.33,0
ALC024R,30.00,95.94,3
ALC037Y,44.00,129.89,0
ALC036R,35.00,111.93,0
ALC026R,48.00,141.70,0
ALC025R,36.00,115.13,0
ALC034R,47.00,138.74,0
ALC028R,41.00,121.03,0
ALC032R,40.00,127.92,0
ALC027BRH,37.00,118.33,0
ALC068Y,65.00,191.88,3
ALC067R,61.00,180.07,3
CELK02SR,28.00,89.54,3
CELK04SR,23.00,73.55,3
CAM001,66.00,194.83,0
ALC086Y,37.00,118.33,0
ALC088Y,35.00,111.93,3
ALC089Y,37.00,118.33,3
ALC090Y,34.00,108.73,0
ALC092Y,40.00,127.92,3
ALCER0058KBR,49.00,144.65,0
ALCER0058ZBR,34.00,108.73,3
ALCER0058KWR,53.00,156.46,0
ALCER0058ZWR,34.00,108.73,3
DE1033,37.00,118.33,3
DE1027,37.00,118.33,3
DE1037,37.00,118.33,3
DE1036,37.00,118.33,3
DE1039,37.00,118.33,3
DE1035,37.00,118.33,3
DE1031,37.00,118.33,3
DE1028,37.00,118.33,3
DE1029,37.00,118.33,3
DE1030,37.00,118.33,3
DE1032,37.00,118.33,3
DE1040,37.00,118.33,3
DE1038,37.00,118.33,0
DE1026,37.00,118.33,3
DE1034,37.00,118.33,3
DE1001,37.00,118.33,0
DE1012,37.00,118.33,3
DE1043,37.00,118.33,3
DE1044,37.00,118.33,3
DE1011,37.00,118.33,3
DE1013,37.00,118.33,3
DE1041,37.00,118.33,0
DE1042,37.00,118.33,3
DE1016,37.00,118.33,3
DE1017,37.00,118.33,3
DE1018,37.00,118.33,3
DE1019,37.00,118.33,3
DE1023,37.00,118.33,3
ME10499,41.00,121.03,0
ME10501,37.00,118.33,3
ME10503,35.00,111.93,3
ME10505,26.00,83.15,0
ME10507,35.00,111.93,3
ME10508,31.00,99.14,0
ME10445,31.00,99.14,0
ME10446,28.00,89.54,3
ME10447,35.00,111.93,3
ALC031R,36.00,115.13,0
ALC091Y,31.00,99.14,3
ALC093Y,30.00,95.94,3
ALC094Y,34.00,108.73,3
ALC095Y,31.00,99.14,3
ALC097Y,31.00,99.14,3
NC005BR,17.00,54.37,3
NC005BY,22.00,70.36,0
NC005NR,29.00,92.74,3
NC005NY,30.00,95.94,3
AN221BY,25.00,79.95,3
AN221NR,20.00,63.96,0
AN221NY,35.00,111.93,3
AN220BR,28.00,89.54,3
AN220BY,22.00,70.36,3
AN220NY,36.00,115.13,3
AN287BR,23.00,73.55,0
AN287BY,29.00,92.74,3
AN287NR,34.00,108.73,3
AN287NY,38.00,121.52,3
AN448BR,35.00,111.93,3
AN448BY,36.00,115.13,3
AN448NR,47.00,138.74,0
AN448NY,42.00,123.98,3
AC150164BY,24.00,76.75,3
AC150164NY,35.00,111.93,3
AC150164NR,30.00,95.94,3
AE3641-NE+P,43.00,126.94,0
AE3627-NE+P,49.00,144.65,0
AE3628-NE+P,67.00,197.78,3
AE3626-NE+P,49.00,144.65,0
AE4473-4NE+P,70.00,206.64,3
AE3693-NE+P,48.00,141.70,3
AE4472-3NE+P,56.00,165.31,0
AE938E+PR,35.00,111.93,0
AE4390-N,42.00,123.98,3
AE4391-N,31.00,99.14,3
AE5119-NRH,34.00,108.73,3
AE4457R,30.00,95.94,3
AE4444R,36.00,115.13,3
AE2610R,38.00,121.52,3
SN-4242R,36.00,115.13,3
SN-4242Y,38.00,121.52,3
SN-4250-BY,30.00,95.94,3
MT10410-NR,36.00,115.13,3
AE3661,16.00,61.01,0
AE118,12.00,45.76,3
AE3522,16.00,61.01,3
AE3505RH,18.00,57.56,0
AE4206-NYG,18.00,57.56,0
AE3446RH,18.00,57.56,3
AE4238,37.00,118.33,3
AE2460RH,18.00,57.56,3
AE4302E,25.00,79.95,0
AE3486R,26.00,83.15,0
AE903,20.00,63.96,0
AE4604,23.00,73.55,0
AE4922,20.00,63.96,0
AE3714,13.00,49.57,0
AE3139-NY,10.00,38.13,0
AE3139-NR,12.00,45.76,0
AE3206RH,23.00,73.55,3
AE3206Y,23.00,73.55,3
AE4962RH,24.00,76.75,3
AE2714RH,30.00,95.94,0
AE131,24.00,76.75,3
AE071RH,18.00,57.56,3
AE3390RH,30.00,95.94,3
AE4943RH,20.00,63.96,0
AE2649RH,24.00,76.75,0
AE4960,14.00,53.38,0
AE4937Y,23.00,73.55,3
AE2606R,25.00,79.95,0
AE2606Y,26.00,83.15,0
AE127RF,25.00,79.95,3
AE149RB,20.00,63.96,0
AE149RPF,44.00,129.89,0
AE149BPF,47.00,138.74,3
AE4837R,35.00,111.93,0
AE4822R,38.00,121.52,0
AE4840R,26.00,83.15,0
ALC103Y,36.00,115.13,3
AE4935,18.00,57.56,3
AE4367,28.00,89.54,3
AE921RH,14.00,53.38,0
AE4915RH,23.00,73.55,0
AE3629-XSRH,18.00,57.56,0
AE4259RH,20.00,63.96,0
AE4937RH,17.00,54.37,0
AE127R,18.00,57.56,3
ALC108Y,42.00,123.98,0
ALC109R,37.00,118.33,3
ALC114Y,36.00,115.13,0
ALC115Y,23.00,73.55,3
ALC116Y,20.00,63.96,3
ALC117R,29.00,92.74,0
ALC118R,28.00,89.54,0
ALC038YG,25.00,79.95,0
ALC120R,28.00,89.54,0
ALC121R,29.00,92.74,3
ALC123R,22.00,70.36,3
ALC124R,26.00,83.15,3
ALC125R,28.00,89.54,3
AE4660Y,31.00,99.14,3
AE4658,26.00,83.15,3
ALC096Y,34.00,108.73,3
ALC098R,26.00,83.15,3
ALC099R,31.00,99.14,3
ALC100R,48.00,141.70,0
ALC101Y,41.00,121.03,3
ALC102Y,42.00,123.98,3
ALC104R,37.00,118.33,3
ALC105Y,40.00,127.92,3
ALC106Y,41.00,121.03,3
ALC107Y,37.00,118.33,3
ALC110R,31.00,99.14,3
ALC111Y,37.00,118.33,3
ALC112Y,36.00,115.13,3
ALC113BY,30.00,95.94,3
ALC122R,37.00,118.33,3
ALC127R,20.00,63.96,3
ALC128R,24.00,76.75,3
E0002,10.00,38.13,0
ALC131R,25.00,79.95,3
ALC132Y,24.00,76.75,3
ALC133Y,23.00,73.55,3
ALC134R,31.00,99.14,3
ALC139Y,35.00,111.93,3
ALC140RY,29.00,92.74,3
ALC141RY,29.00,92.74,3
ALC142RY,26.00,83.15,3
ALC143RY,26.00,83.15,3
ALC151Y,31.00,99.14,3
ALC153Y,26.00,83.15,0
ALC154Y,30.00,95.94,3
HP007+S11MM,29.00,92.74,3
ALC159R,18.00,57.56,3
ALC160Y,18.00,57.56,3
SET831PRN,44.00,129.89,0
ALC126R,40.00,127.92,0
PEARL8MM+6MM,41.00,121.03,3
ALC129R,25.00,79.95,3
ALC130R,41.00,121.03,3
ALC136Y,38.00,121.52,3
ALC137Y,29.00,92.74,0
ALC138Y,30.00,95.94,3
ALC144Y,53.00,156.46,3
ALC145Y,54.00,159.41,3
ALC147R,55.00,162.36,3
ALC148R,55.00,162.36,3
ALC149R,56.00,165.31,0
ALC150R,47.00,138.74,3
ALC156R,30.00,95.94,0
ALC157R,30.00,95.94,3
HR-0659NY,43.00,126.94,3
HR-0659BY,36.00,115.13,3
HR-0653NY,50.00,147.60,3
HR-0653BY,42.00,123.98,3
HR-0660NY,54.00,159.41,3
HR-0660BY,47.00,138.74,3
HE-0096+SET-790E,48.00,141.70,3
MVSE-0401RR,38.00,121.52,0
HE-1021R,34.00,108.73,3
HE-1062R,24.00,76.75,0
HE-1059Y,30.00,95.94,0
MVSP-0025C1RB,23.00,73.55,3
HE-1059R,35.00,111.93,3
ALC161NY,30.00,95.94,3
MVB-0268+BB-0062RYB,35.00,111.93,3
HP-0092RYN,55.00,162.36,0
MVSP-0016PRS,30.00,95.94,3
FP1513R,13.00,49.57,0
MVSP-0401RS,23.00,73.55,3
MVSP-0401RR,22.00,70.36,0
HE-1098R,36.00,115.13,3
PEARL-2MMR,18.00,57.56,3
PEARL-8MMRB,16.00,61.01,3
ALC165G14K,317.00,701.84,0
ALC166G14K,363.00,759.03,0
ALC167G8K,87.00,235.42,0
ALC168G8K,131.00,322.26,0
ALC169G8K,84.00,227.30,0
ALC170G8K-NIE,131.00,322.26,0
2E18266,26.00,83.15,3
EA4665,17.00,54.37,0
2E18238,25.00,79.95,3
1EA78837,22.00,70.36,3
CELK09SY,25.00,79.95,0
2E16703,17.00,54.37,3
ALC187G14K,277.00,613.28,0
ALC188G14K,311.00,688.55,0
1EA76823-E,25.00,79.95,0
2E17398RH,11.00,41.94,3
EA51699,26.00,83.15,3
EA52426,20.00,63.96,0
1EA79002,13.00,49.57,3
1EA78166,28.00,89.54,3
1EA78956,26.00,83.15,0
1EA77312,14.00,53.38,0
2E11071,18.00,57.56,0
1EA78668-E,22.00,70.36,3
1EA78668-P,13.00,49.57,0
1EA77308,10.00,38.13,0
1EA77314,17.00,54.37,0
ALC189G14K,295.00,653.13,0
ALC190G14K,261.00,577.85,0
CELK11G8K,179.00,396.31,3
ALC162Y,41.00,121.03,0
ALC163R,44.00,129.89,3
ALC164NR,30.00,95.94,0
ALC171G14K,380.00,794.58,3
ALC172G14K,191.00,422.87,0
ALC173G14K,389.00,813.40,3
ALC176G14K,216.00,478.22,0
ALC177BG14K,250.00,553.50,3
ALC178G14K,218.00,482.65,0
CELK07SY,14.00,53.38,0
ALC182Y,25.00,79.95,3
ALC186KY,29.00,92.74,0
CELK10SY,28.00,89.54,3
1EA76644,20.00,63.96,0
EA54044,26.00,83.15,0
2E16743,20.00,63.96,3
2E17392,24.00,76.75,3
2E12302,17.00,54.37,0
1EA78671,20.00,63.96,3
1EA77001,12.00,45.76,0
2E20012,17.00,54.37,3
2E18683,23.00,73.55,3
2E18682,18.00,57.56,0
2F11118,49.00,144.65,0
E0003,10.00,38.13,3
2066OR0072,13.00,49.57,3
2066OR0115,13.00,49.57,3
2066OR0129,28.00,89.54,3
2066OR0087,25.00,79.95,0
1EA76823-P,23.00,73.55,0
1EA77468,36.00,115.13,3
NO731-2F11946,50.00,147.60,0
2F11761,47.00,138.74,0
2F10055,48.00,141.70,0
2F12947,74.00,218.45,0
2E13849,48.00,141.70,3
2F12270,55.00,162.36,0
2F11870,48.00,141.70,0
2F12092,67.00,197.78,0
2F11817,47.00,138.74,0
CELK12G8K,184.00,407.38,3
CELK13G8K,173.00,383.02,0
ALCER0104NBY,20.00,63.96,3
ALCER0103NBR,17.00,54.37,3
HP007+A11MM,26.00,83.15,3
HP007+B11MM,30.00,95.94,3
HP007+C11MM,16.00,61.01,3
ALEC0014,24.00,76.75,3
AE4446R,52.00,153.50,3
CHR0024R,40.00,127.92,3
CHR0013R,40.00,127.92,3
CHR0019R,36.00,115.13,3
CHR0022R,36.00,115.13,3
MM2/9,31.00,99.14,0
ALC203G14K,256.00,566.78,0
CELK14G14K,281.00,622.13,0
CELK16G14K,281.00,622.13,0
ALC204G14K,216.00,478.22,0
ALC205G14K,241.00,533.57,0
ALC206G14K,231.00,511.43,0
HP007+E11MM,28.00,89.54,3
ALCER0091KBR,47.00,138.74,3
HP007+F11MM,17.00,54.37,3
ALCER0099KBR,47.00,138.74,3
ALCER0098KBR,52.00,153.50,3
ALCER0097KWR,56.00,165.31,3
ALCER0097ZBR,34.00,108.73,3
HP007+G11MM,17.00,54.37,3
ALCER0097ZWR,34.00,108.73,3
CHR-0027-ER,64.00,188.93,0
CHR0017R,43.00,126.94,3
CHR0014R,40.00,127.92,3
CHR0026R,42.00,123.98,3
CHR0010R,43.00,126.94,3
CHR0015R,44.00,129.89,0
CHR0016,48.00,141.70,3
CHR0018R,44.00,129.89,3
CHR0020R,41.00,121.03,3
CHR0021R,44.00,129.89,3
CHR0023R,44.00,129.89,0
CHR0025R,42.00,123.98,3
CHR0028R,40.00,127.92,0
CHR0029R,42.00,123.98,3
CHR-0011-ER,73.00,215.50,0
CHR-0013-ER,68.00,200.74,0
CHE-0007R,58.00,171.22,0
CHE-0008R,56.00,165.31,0
CHE-0009R,64.00,188.93,0
HP007+I11MM,18.00,57.56,3
HP007+J11MM,26.00,83.15,3
HP007+K11MM,40.00,127.92,3
HP007+L11MM,12.00,45.76,3
HP007+N11MM,23.00,73.55,0
HP007+O11MM,13.00,49.57,3
HP007+P11MM,29.00,92.74,3
HP007+R11MM,14.00,53.38,3
HP007+T11MM,18.00,57.56,3
HP007+U11MM,20.00,63.96,3
HP007+W11MM,34.00,108.73,3
HP007+Z11MM,18.00,57.56,3
HP007+V11MM,20.00,63.96,3
BS-689ZWR,52.00,153.50,3
BS-689ZBR,52.00,153.50,3
CS-569KBR,58.00,171.22,3
ALCER0051KBR,80.00,236.16,3
ALCER0050ZBR,42.00,123.98,3
SCE-420KBR,47.00,138.74,3
SCE-420ZBR,30.00,95.94,3
ALCER0096KWR,62.00,183.02,3
ALCER0096KBR,62.00,183.02,3
ALCER0096ZBR,38.00,121.52,3
ALCER0096ZWR,38.00,121.52,3
ALCER0090KBR,52.00,153.50,3
ALCER0090ZBR,34.00,108.73,3
ALCER0090KWR,52.00,153.50,3
ALCER0090ZWR,34.00,108.73,3
ALCER0090KWY,52.00,153.50,3
ALCER0090ZWY,34.00,108.73,0
ALCER0087KBR,52.00,153.50,3
ALCER0087ZBR,31.00,99.14,3
ALCER0088KBY,49.00,144.65,3
ALCER0088ZBY,31.00,99.14,3
ALCER0089KBR,49.00,144.65,3
ALCER0089ZBR,31.00,99.14,3
ALCER0082KWR,49.00,144.65,0
ALCER0083KWR,49.00,144.65,3
ALCER0084KWR,49.00,144.65,3
ALCER0085KBR,49.00,144.65,3
ALCER0085ZBR,31.00,99.14,3
ALCER0086ZBR,31.00,99.14,3
ALCER0100KBR,61.00,180.07,3
ALCER0100ZBR,31.00,99.14,3
ALCER0101KBR,88.00,238.13,3
ALCER0092KBR,53.00,156.46,3
ALCER0092ZBR,34.00,108.73,3
ALCER0093KBR,53.00,156.46,3
ALCER0093ZBR,34.00,108.73,3
ALCER0094KBR,53.00,156.46,3
ALCER0094ZBR,34.00,108.73,3
ALCER0095KBY,53.00,156.46,3
SC-093BR,92.00,248.95,3
PCS-049BR,35.00,111.93,3
SCE-092BR,92.00,248.95,3
SCE-094BR,55.00,162.36,3
TB-0006BBR,38.00,121.52,0
TB-0018BBR,37.00,118.33,3
ALCER0117BWR,41.00,121.03,3
SCE-059KBR,53.00,156.46,3
CAM002,41.00,121.03,0
CAM003,37.00,118.33,3
CAM004,67.00,197.78,0
CAM005,20.00,63.96,3
503SE2807,30.00,95.94,0
ALCER0104NBR,17.00,54.37,3
ALCER0103NBY,17.00,54.37,3
ALC192Y,30.00,95.94,3
ALC193R,31.00,99.14,3
ALC194Y,37.00,118.33,3
ALC195Y,36.00,115.13,3
ALC196R,37.00,118.33,3
ALC197R,36.00,115.13,3
ALC198R,34.00,108.73,3
ALC199Y,34.00,108.73,3
ALC200Y,34.00,108.73,3
ALC201R,34.00,108.73,3
MM31/4,18.00,57.56,3
MM2/2,38.00,121.52,3
MM7/11,29.00,92.74,0
MM3/8,16.00,61.01,3
MM8/4,20.00,63.96,0
MM1/4S,35.00,111.93,3
MM8/9,31.00,99.14,0
MM2/4,20.00,63.96,0
MM5/3,26.00,83.15,0
MM7/15,18.00,57.56,0
MM1/15,14.00,53.38,3
MM4/1,42.00,123.98,0
MM3/7,18.00,57.56,3
MM3/9,28.00,89.54,3
MM5/6,17.00,54.37,3
MM7/3,20.00,63.96,0
ALOPR001B,53.00,156.46,0
ALCER0122ZPY,30.00,95.94,3
ALCER0122ZPR,30.00,95.94,3
ALCER0123ZPY,30.00,95.94,3
ALCER0124ZWR,49.00,144.65,3
ALCER0124ZBR,49.00,144.65,3
ALCER0125ZBR,44.00,129.89,3
ALCER0125KBR,107.00,289.54,3
ALCER0105KBR,40.00,127.92,3
ALCER0115ZBR,20.00,63.96,3
ALCER0116ZBR,20.00,63.96,3
ALCER0117BBR,41.00,121.03,0
ALCER0117ZBR,23.00,73.55,3
ALCER0118BBR,38.00,121.52,3
ALCER0118BWR,38.00,121.52,0
ALCER0106KBR,90.00,243.54,3
ALDEM0001KB,14.00,53.38,3
ALDEM0002KR,12.00,45.76,3
ALDEM0003KR,16.00,61.01,0
ALDEM0004BMIXC,43.00,126.94,0
ALDEM0005BMIXC,44.00,129.89,3
ALDEM0006BMIXC,40.00,127.92,0
ALDEM0007BB,22.00,70.36,3
ALDEM0008BR,23.00,73.55,3
ALCER0111ZBR,43.00,126.94,3
ALCER0109KBR,54.00,159.41,0
ALCER0110ZBR,48.00,141.70,3
ALCER0119KBR,47.00,138.74,3
ALCER0119ZBR,34.00,108.73,3
ALCER0120KBR,38.00,121.52,3
ALCER0121ZBR,34.00,108.73,3
ALCER0128ZWR,23.00,73.55,3
ALCER0127KWR,35.00,111.93,3
ALCER0067KSY,53.00,156.46,0
LU010,17.00,54.37,0
LU012,16.00,61.01,3
LU013,16.00,61.01,3
LU014,22.00,70.36,0
LU015,23.00,73.55,3
LU018,14.00,53.38,0
LU019,14.00,53.38,0
ALCER0107KBR,74.00,218.45,0
ALCER0108ZBR,22.00,70.36,0
411E4120,20.00,63.96,3
424E4758,22.00,70.36,3
463E4132,50.00,147.60,3
452E4510,40.00,127.92,3
SV62,26.00,83.15,0
AT166,35.00,111.93,3
P4120,17.00,54.37,3
P4758,17.00,54.37,3
P3908,24.00,76.75,3
P4510,20.00,63.96,3
P4132,20.00,63.96,3
P4858,14.00,53.38,3
P3949,34.00,108.73,3
463E4858,31.00,99.14,3
463E3949,77.00,227.30,3
463E6753,20.00,63.96,3
P6753,11.00,41.94,3
463E6242,44.00,129.89,3
P6242,17.00,54.37,3
433P4910,28.00,89.54,0
480P2813,40.00,127.92,3
BABYIDRH1,29.00,92.74,0
BABYIDY1,30.00,95.94,0
LU011,14.00,53.38,3
LU022,22.00,70.36,3
CR989,24.00,76.75,0
CR1174,28.00,89.54,0
CR353,20.00,63.96,3
CR355,19.00,60.76,3
CR352,24.00,76.75,3
CR272,28.00,89.54,0
CR856,26.00,83.15,0
CR443,100.00,270.60,0
460P2917,34.00,108.73,0
459P4423,24.00,76.75,3
480P2514,47.00,138.74,3
446P3914,37.00,118.33,3
P6743,10.00,38.13,3
463E6743,18.00,57.56,3
P5646,13.00,49.57,3
463E3908,62.00,183.02,3
ALC187Y,41.00,121.03,0
ALC188R,40.00,127.92,0
ALC189Y,42.00,123.98,3
ALC190R,41.00,121.03,3
ALC193Y,50.00,147.60,3
ALC196Y,34.00,108.73,3
ALC206R,41.00,121.03,3
ALC207NRH,35.00,111.93,0
ALC208R,28.00,89.54,3
ALC210R,42.00,123.98,3
ALC211R,28.00,89.54,0
ALC212R,30.00,95.94,3
ALC214R,23.00,73.55,3
P4245,17.00,54.37,3
P4355,8.00,30.50,0
ALCER0170NBY,30.00,95.94,3
ALCER0170NWY,30.00,95.94,3
ALCER0171BBR,30.00,95.94,3
ALCER0171BWR,30.00,95.94,3
BR2505RH,28.00,89.54,3
BR2499RH,20.00,63.96,0
NC2505Y,25.00,79.95,3
NC2754Y,29.00,92.74,3
NC2576RH,25.00,79.95,3
BR2505Y,26.00,83.15,3
BR2756RH,22.00,70.36,3
BR2499Y,24.00,76.75,0
CELK11SY,23.00,73.55,0
CELK12SRH,26.00,83.15,3
CELK12SY,25.00,79.95,3
ALCB221SRH,26.00,83.15,0
BR2503RH,20.00,63.96,3
NC2505RH,28.00,89.54,3
ALCB223SRH,24.00,76.75,0
ALCN223SRH,26.00,83.15,0
ALCN224SRH,26.00,83.15,0
ALCB224SRH,28.00,89.54,3
ALCN222SY,38.00,121.52,3
ALCB222SRH,29.00,92.74,0
ALC197Y,28.00,89.54,3
ALC201Y,26.00,83.15,3
ALC202Y,30.00,95.94,3
ALC203Y,23.00,73.55,3
ALC205Y,20.00,63.96,3
NC2756Y,24.00,76.75,3
NC2503Y,28.00,89.54,3
BR2503Y,22.00,70.36,3
BR2576Y,23.00,73.55,3
ALCN223SY,25.00,79.95,0
ALCB223SY,26.00,83.15,3
ALCN224SY,29.00,92.74,3
ALCER0170BBY,29.00,92.74,3
ALCER0170BWY,29.00,92.74,3
ALCER0171NBR,29.00,92.74,3
ALCER0171NWR,29.00,92.74,3
ALCER0172NBY,29.00,92.74,3
ALCER0173NWR,29.00,92.74,0
P6140,11.00,41.94,0
433P4628,36.00,115.13,3
433P3531,43.00,126.94,3
HP007+Ł11MM,34.00,108.73,3
ALEC0015,26.00,83.15,3
ALECZ0015,28.00,89.54,3
ALC240NRH,36.00,115.13,3
ALC241RH,37.00,118.33,3
ALC242RH,36.00,115.13,3
ALC243Y,29.00,92.74,0
HP007+D11MM,28.00,89.54,3
HP007+D11MMY,31.00,99.14,3
HP007+K11MMY,40.00,127.92,3
HP007+P11MMY,31.00,99.14,3
HP007+C11MMY,13.00,49.57,3
HP007+G11MMY,13.00,49.57,3
HP007+O11MMY,13.00,49.57,3
HP007+S11MMY,14.00,53.38,3
ALC134NR,28.00,89.54,3
501SE4912,14.00,53.38,0
CRAL001RH,38.00,121.52,0
CRAL004RH,54.00,159.41,3
CRAL005RH,19.00,60.76,3
CRAL006RH,19.00,60.76,3
CRAL008RH,36.00,115.13,3
603R34532,25.00,79.95,3
CC-1874+HP-007RH,52.00,153.50,3
HP007+I11MMY,12.00,45.76,3
HP007+H11MMY,18.00,57.56,3
HP007+N11MMY,26.00,83.15,3
HP007+A11MMY,20.00,63.96,3
HP007+F11MMY,17.00,54.37,3
HP007+Ł11MMY,34.00,108.73,3
HP007+Z11MMY,17.00,54.37,3
ALOL0001MIXC,8.00,30.50,0
HP007+L11MMY,13.00,49.57,3
ALOL0002MIXC,8.00,30.50,0
ALOL0003MIXC,8.00,30.50,0
HP007+R11MMY,18.00,57.56,3
ALOL0004MIXC,8.00,30.50,0
ALOL0005MIXC,8.00,30.50,0
ALOL0006MIXC,8.00,30.50,0
ALOL0007MIXC,8.00,30.50,0
ALOL0008MIXC,8.00,30.50,0
ALOL0009MIXC,8.00,30.50,0
ALOL0010MIXC,8.00,30.50,0
ALOL0011MIXC,8.00,30.50,0
HP007+E11MMY,17.00,54.37,3
HP007+U11MMY,18.00,57.56,3
HP007+B11MMY,25.00,79.95,3
HP007+J11MMY,34.00,108.73,3
HP007+W11MMY,18.00,57.56,3
HP007+T11MMY,18.00,57.56,0
CR911,34.00,108.73,0
N94S,31.00,99.14,0
P2548,14.00,53.38,3
P7301,23.00,73.55,3
416E5806,22.00,70.36,3
463E7301,50.00,147.60,3
411E2548,18.00,57.56,3
ALC224RH,42.00,123.98,0
ALC226BY,35.00,111.93,0
ALC227BR,43.00,126.94,0
ALC227BY,41.00,121.03,0
CELK11RH,25.00,79.95,0
ALC229RH,23.00,73.55,3
ALC230Y,36.00,115.13,0
ALC231RH,36.00,115.13,3
ALC233RH,38.00,121.52,0
ALC234Y,40.00,127.92,0
ALC235Y,44.00,129.89,0
ALC236Y,40.00,127.92,0
ALC237Y,23.00,73.55,3
ALC238RH,36.00,115.13,0
ALC239Y,31.00,99.14,3
ALCB236Y,36.00,115.13,3
ALKCZ6MRDR,7.00,26.69,3
ALKC8MWHT,30.00,95.94,3
ALCN228Y,43.00,126.94,3
ALKNC3,20.00,63.96,3
P5806,22.00,70.36,3
CRAL003,35.00,111.93,0
ALCEROB5M,22.00,70.36,3
E37132RHW,30.00,95.94,0
E37132RYW,34.00,108.73,0
E37132RHR,31.00,99.14,0
ZOD001RYBY,26.00,83.15,3
ZOD001BYK,26.00,83.15,3
ZOD001WAGA,26.00,83.15,3
ZOD001KOZIOROŻEC,26.00,83.15,3
ZOD001BLIŹNIĘTA,26.00,83.15,3
ZOD001LEW,26.00,83.15,3
ZOD001BARAN,26.00,83.15,3
ZOD001PANNA,26.00,83.15,3
ZOD001WODNIK,26.00,83.15,3
ZOD001STRZELEC,26.00,83.15,3
ZOD001SKORPION,26.00,83.15,3
E37132RHA+W,28.00,89.54,0
E37132RHR+W,28.00,89.54,0
E37132GW,16.00,61.01,0
CRAL0019,40.00,127.92,3
CRAL0024,46.00,135.79,0
CRAL0026,24.00,76.75,0
SP-2521W,29.00,92.74,3
SP-2521R,28.00,89.54,0
SP-2527G,26.00,83.15,0
SP3081W,31.00,99.14,0
SP-3086W,17.00,54.37,0
SP-3086B,18.00,57.56,0
HP-0384R,35.00,111.93,3
HP-0384S,35.00,111.93,3
HP-0384W,35.00,111.93,0
ALDEM0004KW,12.00,45.76,3
ALDEM0004KR,16.00,61.01,3
ALDEM0004KP,16.00,61.01,3
CRAL0031,29.00,92.74,3
CRAL0033,36.00,115.13,3
CRAL0036,30.00,95.94,3
CR90,36.00,115.13,0
ALKC6MWHT,16.00,61.01,3
ALKC10MWHT,28.00,89.54,3
CRAL0046,28.00,89.54,3
N98,26.00,83.15,3
CRAL0053,35.00,111.93,3
CR79,46.00,135.79,3
CELK13SR,26.00,83.15,0
CELK16SR,34.00,108.73,3
CELK16SY,28.00,89.54,3
CELK13SY,22.00,70.36,3
CELK17SY,28.00,89.54,3
ALRZ0001B,20.00,63.96,3
ALRZ0001W,20.00,63.96,3
ALRZ0001O,20.00,63.96,3
ALRZ0001WP,20.00,63.96,3
ALRZ0001P,20.00,63.96,3
ALRZ0001OG,20.00,63.96,3
ALRZ0001R,20.00,63.96,0
ALC174G8K,84.00,227.30,0
ALC238Y,23.00,73.55,3
ALC240RH,23.00,73.55,0
BABYIDY4Y,22.00,70.36,0
BABYIDY3Y,25.00,79.95,0
BABYIDY2Y,18.00,57.56,0
BABYIDY5Y,29.00,92.74,0
BABYIDRH6,35.00,111.93,0
BABYIDY6,24.00,76.75,0
BABYIDY7,29.00,92.74,3
BABYIDY8,29.00,92.74,0
BABYIDRH8,35.00,111.93,0
BABYIDRH9,35.00,111.93,0
BABYIDY9,29.00,92.74,0
BABYIDY10,29.00,92.74,3
BABYIDRH10,29.00,92.74,0
CRAL0055,35.00,111.93,3
ALC113BRH,26.00,83.15,3
ALC240BRH,29.00,92.74,3
ALC245BRH,35.00,111.93,3
CELK15SR,22.00,70.36,3
CELK19Y,24.00,76.75,3
ALC094RH,34.00,108.73,3
CR84W,59.00,174.17,3
CR819W,42.00,123.98,0
CR31WP,38.00,121.52,3
SP-3085W,29.00,92.74,0
SP-3086S,28.00,89.54,3
SP-3532W,34.00,108.73,3
SP-3532R,30.00,95.94,3
SP-3532S,34.00,108.73,3
SP-3532B,34.00,108.73,3
HP-0386,34.00,108.73,3
N96S,30.00,95.94,0
CRAL0013,30.00,95.94,3
CR848,29.00,92.74,3
CRAL0021,24.00,76.75,0
CRAL0023,29.00,92.74,0
CRAL0025,19.00,60.76,3
N104S,59.00,174.17,0
CRAL0034,30.00,95.94,3
CRAL0039,26.00,83.15,0
CRAL0040,31.00,99.14,3
CRAL0041,24.00,76.75,0
CRAL0042,62.00,183.02,0
CRAL0044,79.00,233.21,3
CRAL0048,72.00,212.54,0
CRAL0050,30.00,95.94,0
ALC245NRH,37.00,118.33,3
ALC097RH,34.00,108.73,3
ALC106RH,40.00,127.92,3
ALC096RH,34.00,108.73,3
CR71,56.00,165.31,3
CRAL0058S,28.00,89.54,0
CR81L,47.00,138.74,3
CR32WP,20.00,63.96,3
N209,29.00,92.74,3
CRAL0011,25.00,79.95,0
CRAL0015,25.00,79.95,0
CRAL0016,44.00,129.89,3
CRAL0018,19.00,60.76,3
CR802,35.00,111.93,3
CR1200,14.00,53.38,0
CRAL0020,17.00,54.37,3
N106,26.00,83.15,0
CRAL0022,38.00,121.52,3
CRAL0028,19.00,60.76,3
CRAL0029,25.00,79.95,0
CRAL0030,34.00,108.73,3
CR305,26.00,83.15,0
CRAL0032,28.00,89.54,0
CRAL0035,25.00,79.95,3
CR521,35.00,111.93,0
CR520,29.00,92.74,0
CR341,31.00,99.14,3
CRAL0045,19.00,60.76,3
CRAL0047,20.00,63.96,0
CRAL0051,34.00,108.73,0
CRAL0052,34.00,108.73,3
CR329,28.00,89.54,0
CRAL0049,34.00,108.73,3
CR616,36.00,115.13,3
CR80,43.00,126.94,0
CRAL0056,28.00,89.54,3
CRAL0057,25.00,79.95,3
CRAL0059,19.00,60.76,3
CRAL0060,31.00,99.14,3
CRAL0061,20.00,63.96,0
ALDEM0009K,28.00,89.54,3
ALDEM0010K,23.00,73.55,3
ALDEM0011K,25.00,79.95,3
ALDEM0012K,24.00,76.75,3
ALDEM0013B,20.00,63.96,0
ALP0002K BIAŁY,10.00,38.13,0
ALP0002K CZARNY,10.00,38.13,3
ALP0002K SZAFIR,10.00,38.13,3
ALP0002K RUBIN,10.00,38.13,3
ALP0002K POMARAŃCZ,10.00,38.13,3
ALP0002K LAWENDA,10.00,38.13,3
ALP0002K AMETYST,10.00,38.13,3
ALP0002K CIEMNY RÓŻ,10.00,38.13,3
ALP0002K JASNY RÓŻ,10.00,38.13,3
ALP0002K AQUA,10.00,38.13,3
ALP0002K TURKUS,10.00,38.13,3
ALP0002K NIEBIESKI,10.00,38.13,3
LU024,38.00,121.52,0
ALRZ0001G,20.00,63.96,3
ALRZ0001BG,20.00,63.96,3
LU025,23.00,73.55,3
ZOD001RAK,26.00,83.15,3
ALP0008K,23.00,73.55,3
ALP0004K,23.00,73.55,0
ALP0005K,23.00,73.55,0
ALP0007K,23.00,73.55,0
ALC013Y,34.00,108.73,3
CRAL007,36.00,115.13,0
CRAL0068,25.00,79.95,0
ROS0103M45,137.00,337.02,3
LRK6MM-RED,17.00,54.37,0
ALC181G8K,149.00,366.54,0
ALC182G8K,181.00,400.73,3
ALC183G8K,180.00,398.52,3
ALC186G8K,184.00,407.38,3
ALC187G8K,117.00,316.60,3
ALC188G8K,118.00,319.31,0
ALC189G8K,128.00,314.88,3
ALC190G8K,119.00,322.01,3
CR492,30.00,95.94,3
CRAL0077,25.00,79.95,3
502SE3906,16.00,61.01,0
ALC172G8K,108.00,292.25,0
ALC175G8K,77.00,227.30,0
ALC176G8K,118.00,319.31,0
ALC177G8K,184.00,407.38,3
AE3139-NRSET,17.00,54.37,0
CE-62166MMRH,14.00,53.38,0
CE-62166MMY,18.00,57.56,0
CP-100725MRH,18.00,57.56,0
CP-100725MY,24.00,76.75,0
AE5533SETR,37.00,118.33,3
CRAL0062,28.00,89.54,0
CRAL0065,25.00,79.95,0
CRAL0066,29.00,92.74,0
CRAL0067,19.00,60.76,3
CRAL0070,19.00,60.76,0
CRAL0071,28.00,89.54,3
CRAL0072,36.00,115.13,0
ALC101R,40.00,127.92,0
CRAL0073,64.00,188.93,3
CRAL0074S,65.00,191.88,3
AT168,55.00,162.36,3
MMAL0002,29.00,92.74,0
AT1751,25.00,79.95,0
MMAL0004,40.00,127.92,3
MMAL0005,47.00,138.74,0
LRK6MM-AMETHYST,17.00,54.37,0
CELK15G8K,134.00,329.64,0
ALC191G8K,184.00,407.38,3
N106B,30.00,95.94,3
N103,20.00,63.96,3
CR432,34.00,108.73,3
CR33,35.00,111.93,3
AE4269Y,13.00,49.57,0
AE4269RHSET,25.00,79.95,0
AE2460Y,14.00,53.38,3
AE4937RSET,37.00,118.33,0
AE5533R,16.00,61.01,0
CE-62164MMRH,25.00,79.95,0
CE-62164MMY,14.00,53.38,0
CE-62165MMY,23.00,73.55,0
CE-62167MMRH,18.00,57.56,0
CE-62167MMY,20.00,63.96,0
CE-62168MMY,26.00,83.15,3
CEL12RHBR,25.00,79.95,0
CRAL0062S,28.00,89.54,3
CRAL0078,19.00,60.76,3
CRAL0080,36.00,115.13,0
CRAL0084,49.00,144.65,3
N105,70.00,206.64,3
CRAL0043R,12.00,45.76,0
CRAL0088RH,24.00,76.75,0
CRAL0089RH,14.00,53.38,3
CRAL0091RH,16.00,61.01,3
CRAL0092RH,55.00,162.36,3
ALBEADS0006,10.00,38.13,3
ALBEADS0007B,35.00,111.93,3
ALBEADS0007W,35.00,111.93,3
ALBEADS0007M,35.00,111.93,3
N105RH,46.00,135.79,0
CRAL0137RH,14.00,53.38,0
ALC198G14K,345.00,721.39,0
ALC210G14K,210.00,464.94,3
ALC211G14K,177.00,391.88,0
ALC212G14K,226.00,500.36,0
ALC213G14K,173.00,383.02,0
ALC215G14K,178.00,394.09,0
AN715BR,43.00,126.94,0
AN715NR,53.00,156.46,0
ALBEADS0001,23.00,73.55,3
ALBEADS0002,30.00,95.94,3
ALBEADS0004,25.00,79.95,0
N116,14.00,53.38,3
ALDEM0014BG,30.00,95.94,0
ALDEM0015BG,24.00,76.75,3
ALDEM0016BG,42.00,123.98,3
ALDEM0017BG,34.00,108.73,3
ALDEM0019BG,35.00,111.93,3
ALDEM0020BP,42.00,123.98,3
ALDEM0021BP,42.00,123.98,3
ALDEM0022BP,42.00,123.98,3
ALDEM0023BP,36.00,115.13,0
ALDEM0024BP,42.00,123.98,3
ALDEM0026BL,24.00,76.75,0
CRAL0093,26.00,83.15,3
CRAL0094,34.00,108.73,3
CRAL0095,30.00,95.94,3
CRAL0106,26.00,83.15,3
CRAL0107,19.00,60.76,3
CRAL0108,20.00,63.96,3
CRAL0131,24.00,76.75,0
ALC200G14K,322.00,712.91,0
416E6755,35.00,111.93,3
CRAL0105,26.00,83.15,3
AE5645SETR,26.00,83.15,3
AE5571Y,14.00,53.38,3
AE5513Y,24.00,76.75,0
AE5565SET,29.00,92.74,3
CRAL0096,35.00,111.93,3
CRAL0098,17.00,54.37,3
CRAL0114,42.00,123.98,3
CRAL0097,34.00,108.73,3
CRAL0113,61.00,180.07,3
CRAL0115,36.00,115.13,3
CRAL0116,40.00,127.92,3
CRAL0122,36.00,115.13,0
CRAL0123,35.00,111.93,0
CRAL0124,43.00,126.94,3
CRAL0125,40.00,127.92,3
CRAL0129,36.00,115.13,3
CRAL0128,35.00,111.93,3
CRAL0132,38.00,121.52,3
CRAL0136,42.00,123.98,3
ALCB221SY,28.00,89.54,3
AE5624Y,16.00,61.01,3
AE5498R,16.00,61.01,3
AE5535R,20.00,63.96,3
AE5551R,14.00,53.38,0
AE5587R,16.00,61.01,3
AE5562Y,20.00,63.96,0
AE5500Y,22.00,70.36,0
AE5593Y,16.00,61.01,3
AE5634R,20.00,63.96,0
AE5634Y,20.00,63.96,0
AE5635R,20.00,63.96,3
AE5637R,24.00,76.75,3
AE5645R,13.00,49.57,0
AE5648R,25.00,79.95,3
AE5640R,20.00,63.96,0
AE5640Y,18.00,57.56,0
AE5564R,25.00,79.95,0
AE5561R,18.00,57.56,0
AE5561Y,16.00,61.01,0
AE5506Y,25.00,79.95,3
AE5496Y,17.00,54.37,3
AE5511R,25.00,79.95,3
AE5554R,26.00,83.15,3
AE5565Y,17.00,54.37,0
AE5574R,18.00,57.56,3
AE5657R,16.00,61.01,3
AE5663R,16.00,61.01,3
AE5599R,23.00,73.55,3
AE5562R,20.00,63.96,0
AE5500R,20.00,63.96,0
AE5641R,18.00,57.56,0
AE5642ERH,28.00,89.54,0
AE5593R,14.00,53.38,3
AE5624R,14.00,53.38,3
AE5506R,29.00,92.74,0
AE5496R,18.00,57.56,0
AE5513R,20.00,63.96,0
AE5487R,14.00,53.38,0
AE5470R,12.00,45.76,3
AE5553R,24.00,76.75,3
AE5565R,17.00,54.37,0
CRAL0083,29.00,92.74,3
N72,34.00,108.73,3
N107,35.00,111.93,3
CRAL0100,24.00,76.75,3
CRAL0101,28.00,89.54,3
CRAL0102,20.00,63.96,0
CRAL0104,38.00,121.52,3
CRAL0109,14.00,53.38,3
CRAL0110,14.00,53.38,3
CRAL0111,16.00,61.01,0
CRAL0112,14.00,53.38,0
CRAL0117,31.00,99.14,3
CRAL0118,29.00,92.74,3
CRAL0121,29.00,92.74,3
CRAL0119,29.00,92.74,3
CRAL0120,29.00,92.74,3
CRAL0126,20.00,63.96,3
CRAL0134,20.00,63.96,0
CRAL0133,20.00,63.96,0
LU026,29.00,92.74,3
PEARL-6MMRB,11.00,41.94,3
CR103,70.00,206.64,0
CR307,26.00,83.15,0
CRAL0079,19.00,60.76,3
CRAL0081S,30.00,95.94,3
CRAL0085,30.00,95.94,0
CRAL0086,40.00,127.92,3
CRAL0085S,25.00,79.95,3
CRAL0087,29.00,92.74,0
ALBEADS0008,25.00,79.95,3
ALBEADS0009,26.00,83.15,3
ALBEADS0010,26.00,83.15,3
ALBEADS0011,28.00,89.54,3
SP-3526RHR,40.00,127.92,0
ALBEADS0013RH,28.00,89.54,0
ALBEADS0014,25.00,79.95,0
ALBEADS0015,26.00,83.15,3
ALBEADS0016,18.00,57.56,0
ALBEADS0017BE,28.00,89.54,0
ALBEADS0017O,28.00,89.54,0
ALBEADS0017Y,28.00,89.54,0
ALBEADS0017G,28.00,89.54,0
ALBEADS0017BN,28.00,89.54,0
ALBEADS0017PE,28.00,89.54,0
ALKC10MCM,22.00,70.36,0
ALKC12MCM,23.00,73.55,3
ALKC14MCM,25.00,79.95,3
ALBEADS0033W,12.00,45.76,0
ALBEADS0033P,12.00,45.76,0
ALBEADS0033AE,12.00,45.76,3
ALBEADS0033AT,12.00,45.76,3
ALBEADS0033R,12.00,45.76,3
ALBEADS0033B,12.00,45.76,0
ALBEADS0034P,23.00,73.55,0
ALBEADS0034AE,11.00,41.94,0
ALBEADS0034AT,11.00,41.94,0
ALBEADS0034R,11.00,41.94,0
ALBEADS0034B,11.00,41.94,0
LU027,13.00,49.57,0
CELK19YS,11.00,41.94,0
CELK19RHS,13.00,49.57,0
DE8X14MMC,25.00,79.95,3
DE10X18MMC,28.00,89.54,3
DE10X18MMB,28.00,89.54,3
ALBEADS0035S,26.00,83.15,3
ALBEADS0037OKS,18.00,57.56,0
ALBEADS0018RH,25.00,79.95,0
ALBEADS0019OKS,34.00,108.73,3
ALBEADS0020OKS,17.00,54.37,3
ALBEADS0021EM,20.00,63.96,3
ALBEADS0022EM,23.00,73.55,3
ALBEADS0023EM,18.00,57.56,3
ALBEADS0024EM,20.00,63.96,0
ALBEADS0025EM,14.00,53.38,3
ALBEADS0026EM,14.00,53.38,0
ALBEADS0030EM,14.00,53.38,3
ALBEADS0031EM,16.00,61.01,0
ALBEADS0032EM,14.00,53.38,0
ALKNC4,25.00,79.95,3
ALKNC5,31.00,99.14,3
CEL12YB,26.00,83.15,0
CEL12RHN,31.00,99.14,0
CEL12YN,31.00,99.14,3
ALBR002,50.00,147.60,0
ALBR003,37.00,118.33,0
ALBEADS0027EM,12.00,45.76,0
ALBEADS0028EM,12.00,45.76,0
ALBEADS0029EM,13.00,49.57,0
CELK14SRH,14.00,53.38,3
CELK22RH,18.00,57.56,0
CELK22Y,17.00,54.37,3
2066OR0084,12.00,45.76,3
2066OR0076,16.00,61.01,3
2066OR0081,12.00,45.76,3
2066OR0077,14.00,53.38,3
2066OR0079,12.00,45.76,3
CRAL0127,26.00,83.15,0
433P3809,36.00,115.13,0
433P5111,38.00,121.52,3
433P5530,37.00,118.33,0
480P3910,26.00,83.15,0
468P3406,29.00,92.74,3
415E7138SET,52.00,153.50,3
514E4608,18.00,57.56,0
527E5720,26.00,83.15,0
523E5233,23.00,73.55,0
523E7834,25.00,79.95,3
463E4355,25.00,79.95,0
503E9732,18.00,57.56,3
503E3811,17.00,54.37,3
463E5937,26.00,83.15,3
415E7138,29.00,92.74,3
463E8051,17.00,54.37,3
468P3813,26.00,83.15,0
463E4355Y,25.00,79.95,0
463E4355RH,17.00,54.37,3
ALKD001,29.00,92.74,0
ALBR004,193.00,427.30,0
ALK006,38.00,121.52,3
ALK007,31.00,99.14,3
468P3502,28.00,89.54,3
459P3335,25.00,79.95,3
468P4024,37.00,118.33,3
468P3332,30.00,95.94,3
ALEP020,26.00,83.15,0
ALEP021,28.00,89.54,0
ALEP023,26.00,83.15,0
ALEP024,29.00,92.74,0
ALEP025,36.00,115.13,0
ALEP026,24.00,76.75,0
ALEP027,29.00,92.74,0
ALEP028,23.00,73.55,0
ALEP029,26.00,83.15,0
ALEP030,31.00,99.14,3
ALEP031,31.00,99.14,0
ALEP033,22.00,70.36,0
ALEP034,17.00,54.37,0
ALEP035,16.00,61.01,0
ALEP036,17.00,54.37,0
HB-0236,89.00,240.83,0
HB-0241,82.00,221.89,3
HB-0233,73.00,215.50,0
HB-0235,84.00,227.30,0
HB-0242,91.00,246.25,3
HB-0238,97.00,262.48,3
HB-0234,102.00,276.01,0
HB-0230,97.00,262.48,3
HB-0239,94.00,254.36,3
HB-0237,96.00,259.78,3
HB-0232,92.00,248.95,3
HB-0231,108.00,292.25,3
HB-0240,106.00,286.84,3
HB-0243,100.00,270.60,3
HSE-0590,53.00,156.46,3
HSP-0590,24.00,76.75,3
HSE-0594,70.00,206.64,3
HSP-0594,34.00,108.73,3
HSE-0609,54.00,159.41,0
HSP-0609,25.00,79.95,3
HSE-0597,41.00,121.03,0
HSP-0597,22.00,70.36,3
HSE-0546,55.00,162.36,3
HSP-0546,26.00,83.15,3
HSE-0595,67.00,197.78,3
HSP-0595,34.00,108.73,3
HP-0124-1,41.00,121.03,0
HSN-0274OV-1,116.00,313.90,0
MVP-0066RD,77.00,227.30,0
HP-0112-1,65.00,191.88,0
HSC-0264,80.00,236.16,3
BRO-015,36.00,115.13,0
BRO-014,54.00,159.41,0
BRO-012,60.00,177.12,0
BRO-010,47.00,138.74,0
BRO-007,67.00,197.78,3
BRO-005,43.00,126.94,0
BRO-018,42.00,123.98,0
BRO-002,58.00,171.22,0
FC0065,73.00,215.50,0
FC0044,36.00,115.13,0
FC0043,38.00,121.52,0
FC0042,44.00,129.89,0
FC0040,61.00,180.07,0
FC0039,53.00,156.46,0
FC0038,53.00,156.46,0
FC0037,54.00,159.41,0
FC0032,50.00,147.60,0
FC0027,73.00,215.50,3
FC0026,53.00,156.46,0
FC0025,55.00,162.36,0
FC0022,104.00,281.42,0
MSC0440,52.00,153.50,0
FC0018,53.00,156.46,0
SC2047,73.00,215.50,0
C00233,80.00,236.16,0
C00231,66.00,194.83,0
HSE-0565,48.00,141.70,0
HSP-0565,22.00,70.36,3
HSE-0603,42.00,123.98,3
HSP-0603,20.00,63.96,3
HSE-0601,31.00,99.14,3
HSP-0601,13.00,49.57,3
HSP-0593,16.00,61.01,0
HSE-0570,43.00,126.94,0
HSP-0570,16.00,61.01,0
HSE-0587,37.00,118.33,0
HSP-0587,24.00,76.75,3
HSE-0566,38.00,121.52,3
HSP-0566,16.00,61.01,3
HSP-0608,24.00,76.75,3
HSE-0585,34.00,108.73,3
HSP-0585,13.00,49.57,3
HSE-0556,88.00,238.13,0
HSP-0556,41.00,121.03,0
CS-1124,56.00,165.31,3
CS-1125,58.00,171.22,3
CS-1122,60.00,177.12,3
CS-1145,62.00,183.02,3
CS-1147,58.00,171.22,3
CS-1175,60.00,177.12,3
CS-1189,62.00,183.02,3
CS-1197,43.86,129.47,0
PCS-1008BR,49.00,144.65,3
PCS-1014BR,52.00,153.50,3
PCS-1020BR,49.00,144.65,3
PCS-1021BR,49.00,144.65,3
PCS-1071BR,38.00,121.52,3
PCS-1109BR,34.00,108.73,3
PCS-1119WY,26.00,83.15,3
PCS-209WR,61.00,180.07,3
PCS-1050BR,36.00,115.13,3
SCE-238-EBR,53.00,156.46,3
SCE-825-EBR,73.00,215.50,3
SCE-427-EBR,50.00,147.60,0
SCE-801-EBR,62.00,183.02,3
ALCER0047BWR,208.00,460.51,3
CR005,13.00,49.57,0
CELK14,12.00,45.76,3
Z-462,42.00,123.98,0
CHRZ001,250.00,553.50,0
CHRZ002,250.00,553.50,0
CHRZ003,168.00,371.95,0
CHRZ004,242.00,535.79,0
CHRZ005,133.00,327.18,0
CHRZ006,224.00,495.94,0
SCE-823KBR,74.00,218.45,3
PCS-1096BR,35.00,111.93,3
PCS-1109SR,35.00,111.93,3
PCS-1109RR,35.00,111.93,3
SCE-158BR,54.00,159.41,3
SCE-212BR,79.00,233.21,3
H-10018,86.00,232.72,0
SY016R,20.00,63.96,3
LU028,20.00,63.96,0
LU029,17.00,54.37,0
LU031,22.00,70.36,3
SCE-802BR,54.00,159.41,0
KB-238,90.00,243.54,0
B-320,74.00,218.45,0
ZB-320,92.00,248.95,0
KB-320,54.00,159.41,0
ZZ-1  BARAN,47.00,138.74,0
ZZ-1  WODNIK,44.00,129.89,0
ZZ-1  BYK,48.00,141.70,0
ZZ-1  RYBY,44.00,129.89,0
ZZ-1  LEW,53.00,156.46,0
ZZ-1  PANNA,37.00,118.33,0
ZZ-1  SKORPION,48.00,141.70,0
ZZ-1  STRZELEC,43.00,126.94,0
B-378,145.00,356.70,0
KB-378,76.00,224.35,0
ZZ-1  WAGA,38.00,121.52,0
ZZ-1  BLIŹNIĘTA,52.00,153.50,3
ZZ-1  KOZIOROŻEC,42.00,123.98,0
SCE-827EBR,54.00,159.41,3
SCE-474-EBR,40.00,127.92,3
SCE-474-EWR,40.00,127.92,3
SCE-474-EWY,40.00,127.92,3
PCS-1116BR,28.00,89.54,3
SCE-827ZBR,30.00,95.94,0
PCS-1106KBR,55.00,162.36,0
PCS-1105KBR,62.00,183.02,3
B-424,284.00,628.78,0
ZB-424,30.00,95.94,0
KB-424,86.00,232.72,0
B-457,176.00,389.66,0
ZB-457,34.00,108.73,0
KB-457,71.00,209.59,0
E603,37.00,118.33,0
B-228,188.00,416.23,0
B-392,204.00,451.66,3
ZB-392,80.00,236.16,0
B-462,152.00,373.92,0
H-10005,61.00,180.07,0
B-353,172.00,380.81,0
B-355,102.00,276.01,0
B-368,122.00,300.12,0
B-454,188.00,416.23,3
B-466,248.00,549.07,3
B-425,150.00,369.00,0
E609,26.00,83.15,3
E053,53.00,156.46,3
E041,44.00,129.89,0
E042,37.00,118.33,0
E044,31.00,99.14,0
E046,37.00,118.33,0
E047,38.00,121.52,0
E241,71.00,209.59,0
E242,66.00,194.83,0
E246,61.00,180.07,0
E001RH,25.00,79.95,0
E004RH,28.00,89.54,0
E005RH,26.00,83.15,0
E007RH,28.00,89.54,0
E009RH,23.00,73.55,0
E013RH,29.00,92.74,0
E017RH,20.00,63.96,0
ZB-228,47.00,138.74,0
KB-228,67.00,197.78,3
B-307,154.00,378.84,0
ZB-307,54.00,159.41,3
KB-307,58.00,171.22,0
KB-372,58.00,171.22,0
B-396,126.00,309.96,0
ZB-396,56.00,165.31,0
KB-396,58.00,171.22,0
ZB-241,61.00,180.07,3
B-282,172.00,380.81,0
ZB-282,50.00,147.60,0
B-455,100.00,270.60,0
ZB-455,18.00,57.56,3
ZB-462,38.00,121.52,0
ZB-353,61.00,180.07,0
B-312,146.00,359.16,0
ZB-312,47.00,138.74,0
B-214,186.00,411.80,0
ZB-214,148.00,364.08,0
B-429,132.00,324.72,0
ZB-429,102.00,276.01,0
ZB-355,44.00,129.89,0
B-452,160.00,393.60,0
ZB-452,14.00,53.38,0
B-421,203.00,449.44,0
B-409,154.00,378.84,0
ZB-409,91.00,246.25,0
B-461,166.00,367.52,0
ZB-461,40.00,127.92,0
B-406,156.00,383.76,0
ZB-406,42.00,123.98,0
B-322,184.00,407.38,0
ZB-322,13.00,49.57,3
ZB-454,34.00,108.73,0
ZB-466,86.00,232.72,0
ZB-425,29.00,92.74,0
E029RH,23.00,73.55,0
E039RH,22.00,70.36,0
E044RH,18.00,57.56,0
E045RH,23.00,73.55,0
E049RH,17.00,54.37,0
E050RH,23.00,73.55,0
E082RH,20.00,63.96,0
KB-282,48.00,141.70,0
KB-455,64.00,188.93,3
KB-452,55.00,162.36,0
KB-461,61.00,180.07,0
KB-406,78.00,230.26,0
KB-322,43.00,126.94,0
KB-454,76.00,224.35,3
E023RH,20.00,63.96,0
E087RH,18.00,57.56,0
KB-241,84.00,227.30,3
KB-398,61.00,180.07,0
KB-413,68.00,200.74,0
KB-392,61.00,180.07,0
KB-462,54.00,159.41,0
KB-353,62.00,183.02,0
KB-312,83.00,224.60,0
KB-465,83.00,224.60,0
KB-214,146.00,359.16,0
KB-429,78.00,230.26,0
KB-355,68.00,200.74,0
KB-368,84.00,227.30,3
KB-421,109.00,294.95,0
KB-409,71.00,209.59,0
KB-402,44.00,129.89,0
KB-466,77.00,227.30,0
KB-425,82.00,221.89,0
DZ010RH+YG,37.00,118.33,3
DZ026,54.00,159.41,3
GS066R,44.00,129.89,0
SY016Y,26.00,83.15,0
GS015,43.00,126.94,0
GS013,31.00,99.14,0
GS009-3,44.00,129.89,0
GS002,38.00,121.52,3
E609P,13.00,49.57,3
E602P,17.00,54.37,3
E607P,16.00,61.01,0
ALC225RH,55.00,162.36,3
B-241,182.00,402.95,0
B-465,167.00,369.74,0
CEL047NR,43.00,126.94,3
CEL047NY,36.00,115.13,3
CEL048NY,28.00,89.54,0
PCS-209BR,61.00,180.07,0
PCS-1051WR,62.00,183.02,3
CELK12SN,31.00,99.14,3
CEL045BR,48.00,141.70,0
CEL046NY,48.00,141.70,3
CEL045BY,42.00,123.98,3
CEL046BR,53.00,156.46,0
CEL048BY,34.00,108.73,3
CEL046BY,49.00,144.65,3
ALCER0127KBR,35.00,111.93,3
PCS-1012BR,49.00,144.65,3
PCS-1013BR,49.00,144.65,3
PCS-1071BY,38.00,121.52,3
PCS-1109WY,34.00,108.73,3
PCS-1119BR,26.00,83.15,3
SCE-158-PBR,30.00,95.94,3
SCE-238-PBR,30.00,95.94,3
SCE-248-EBY,48.00,141.70,0
SCE-248-EWY,48.00,141.70,0
SCE-329-EWR,61.00,180.07,3
SCE-474-EBY,40.00,127.92,3
SCE-474-ESY,44.00,129.89,3
SCE-474-ESR,44.00,129.89,3
SCE-474-EPY,44.00,129.89,3
SCE-823ZBR,48.00,141.70,3
PCS-1108KBR,76.00,224.35,3
PCS-1108ZBR,30.00,95.94,0
PCS-1105ZBR,31.00,99.14,3
PCS-1106ZBR,28.00,89.54,0
SCE-474ERR,44.00,129.89,3
CRAL0043BR,24.00,76.75,3
CRAL0044RH,17.00,54.37,0
CRAL0072RH,30.00,95.94,0
N209RH,19.00,60.76,3
CRAL0049BR,26.00,83.15,3
CRZL01,61.00,180.07,3
CRZL02,61.00,180.07,3
CRZL03,76.00,224.35,3
CRZL04,61.00,180.07,3
CRZL05,76.00,224.35,3
CRZL06,46.00,135.79,0
CRZL07,46.00,135.79,3
CRZL09,31.00,99.14,0
CRZL12,61.00,180.07,3
CRZL13,73.00,215.50,3
AT001,40.00,127.92,3
KB-430,68.00,200.74,0
SH-013,143.00,351.78,3
SH-021,132.00,324.72,0
AT016,42.00,123.98,0
AT026,61.00,180.07,0
AT027,44.00,129.89,0
CELK14N,31.00,99.14,3
ALZC10MMWHT,16.00,61.01,3
"ALZC""A""14MW",16.00,61.01,3
"ALZC""B""14MW",16.00,61.01,3
"ALZC""D""14MW",16.00,61.01,3
"ALZC""E""14MW",16.00,61.01,3
"ALZC""F""14MW",16.00,61.01,3
"ALZC""G""14MW",16.00,61.01,3
"ALZC""H""14MW",16.00,61.01,3
"ALZC""I""14MW",16.00,61.01,3
"ALZC""J""14MW",16.00,61.01,3
"ALZC""K""14MW",16.00,61.01,3
"ALZC""L""14MW",16.00,61.01,3
"ALZC""M""14MW",16.00,61.01,3
"ALZC""N""14MW",16.00,61.01,3
ALEP023S,24.00,76.75,0
"ALZC""O""14MW",16.00,61.01,3
"ALZC""P""14MW",16.00,61.01,3
"ALZC""R""14MW",16.00,61.01,3
"ALZC""S""14MW",16.00,61.01,3
"ALZC""T""14MW",16.00,61.01,3
"ALZC""U""14MW",16.00,61.01,3
"ALZC""W""14MW",16.00,61.01,3
"ALZC""Y""14MW",16.00,61.01,3
"ALZC""Z""14MW",16.00,61.01,3
"ALZC""Ć""14MW",16.00,61.01,3
FL043,48.00,141.70,0
FL020-5,53.00,156.46,0
FL020-7,48.00,141.70,0
FL020-2,53.00,156.46,0
FL025-2,53.00,156.46,3
FL008-1,48.00,141.70,0
FL012,48.00,141.70,0
FL005-1,53.00,156.46,0
FL014-3,53.00,156.46,0
FL016-1,53.00,156.46,0
FL014-8,53.00,156.46,3
FL032,44.00,129.89,0
E020RH,24.00,76.75,0
E077RH,22.00,70.36,0
E088RH,18.00,57.56,0
ALSD0001BR,41.00,121.03,3
ALSD0003BRHG,36.00,115.13,3
ALSD0004BRHG,31.00,99.14,3
ALSD0005BRHG,29.00,92.74,3
P6304W,34.00,108.73,0
P6304M,34.00,108.73,3
P6304S,34.00,108.73,3
P6304R,35.00,111.93,0
P6304B,37.00,118.33,0
AS30001BRHYG,31.00,99.14,3
AS30002BRHYG,29.00,92.74,3
AS30003BRHYG,28.00,89.54,3
AS30004BRHYG,38.00,121.52,0
ALSD0006BR,58.00,171.22,3
ALSD0007BR,64.00,188.93,3
ALSD0008BR,40.00,127.92,0
ALSD0009BR,53.00,156.46,0
ALSD0010BR,62.00,183.02,3
ALSD0011BR,47.00,138.74,0
ALSD0012BR,35.00,111.93,3
ALSD0013BR,41.00,121.03,0
ALSD0014BR,38.00,121.52,0
CELK050R,25.00,79.95,3
CELK051R,24.00,76.75,3
CELK052R,35.00,111.93,3
CELK053R,20.00,63.96,0
CELK054R,22.00,70.36,3
CEL050NY,24.00,76.75,3
CEL050NR,24.00,76.75,3
CEL050BR,26.00,83.15,0
CEL050BY,28.00,89.54,3
CELK050Y,25.00,79.95,3
CEL051NR,30.00,95.94,3
CEL051NY,30.00,95.94,3
CELK051Y,24.00,76.75,3
CELK052Y,34.00,108.73,3
CEL052BY,31.00,99.14,3
CEL052BR,31.00,99.14,3
CEL052NY,35.00,111.93,3
CELK053Y,17.00,54.37,0
CEL053BY,28.00,89.54,0
CEL053BR,23.00,73.55,0
CEL053NY,23.00,73.55,0
CEL053NR,30.00,95.94,0
CELK054Y,22.00,70.36,3
CEL054NR,30.00,95.94,3
CEL054NY,30.00,95.94,3
CEL054BY,29.00,92.74,3
CEL054BR,29.00,92.74,3
CEL055NR,41.00,121.03,0
CEL055BY,35.00,111.93,3
CEL055BR,37.00,118.33,3
CEL056BY,50.00,147.60,3
CEL056BR,48.00,141.70,0
CEL056NR,55.00,162.36,0
CEL057NR,26.00,83.15,0
CEL057NY,29.00,92.74,0
CEL059NY,42.00,123.98,3
CEL059NR,42.00,123.98,3
CEL060NY,35.00,111.93,0
CEL060NR,35.00,111.93,3
CEL063BR,34.00,108.73,0
CEL063BY,36.00,115.13,3
CEL063NR,36.00,115.13,3
CEL063NY,37.00,118.33,3
CEL064NR,41.00,121.03,3
CEL064NY,41.00,121.03,3
CEL065NR,40.00,127.92,3
CEL065NY,40.00,127.92,3
CEL066NY,42.00,123.98,3
CEL058NR,36.00,115.13,3
CEL058NY,36.00,115.13,3
CEL066NR,42.00,123.98,3
ALBEADS0039A,25.00,79.95,0
ALBEADS0039B,25.00,79.95,0
ALBEADS0039C,25.00,79.95,3
ALBEADS0039D,25.00,79.95,0
ALBEADS0039E,26.00,83.15,3
ALBEADS0039F,25.00,79.95,3
ALBEADS0039G,25.00,79.95,0
ALBEADS0039H,25.00,79.95,3
ALBEADS0039I,25.00,79.95,3
ALBEADS0039J,25.00,79.95,0
ALBEADS0039K,25.00,79.95,3
ALBEADS0039L,25.00,79.95,3
ALBEADS0039M,25.00,79.95,3
ALBEADS0039N,25.00,79.95,0
ALBEADS0039O,25.00,79.95,0
ALBEADS0039P,25.00,79.95,0
ALBEADS0039R,25.00,79.95,0
ALBEADS0039S,25.00,79.95,0
ALBEADS0039T,25.00,79.95,3
ALBEADS0039W,25.00,79.95,3
ALBEADS0039U,25.00,79.95,3
ALBEADS0039Y,25.00,79.95,3
ALBEADS0039Z,25.00,79.95,3
ALBEADS0041,24.00,76.75,0
ALBEADS0042,17.00,54.37,0
ALBEADS0043,18.00,57.56,0
ALBEADS0044,24.00,76.75,0
ALBEADS0046,26.00,83.15,0
ALBEADS0048,30.00,95.94,0
ALBEADS0049,20.00,63.96,0
ALBEADS0050,14.00,53.38,0
ALBEADS0051,16.00,61.01,0
ALBEADS0053,24.00,76.75,0
ALBEADS0054,26.00,83.15,0
ALBEADS0056,26.00,83.15,0
ALBEADS0058,28.00,89.54,0
ALBEADS0060,17.00,54.37,0
ALBEADS0062,23.00,73.55,0
ALBEADS0063,24.00,76.75,0
ALBEADS0064,16.00,61.01,0
ALBEADS0065,17.00,54.37,0
ALBEADS0066,20.00,63.96,0
ALBEADS0067,16.00,61.01,0
ALBEADS0069,20.00,63.96,0
ALBEADS0070,18.00,57.56,0
ALBEADS0071,17.00,54.37,0
ALBEADS0072,17.00,54.37,0
ALBEADS0073,25.00,79.95,0
ALBEADS0074,18.00,57.56,0
ALBEADS0075,29.00,92.74,0
ALBEADS0076,18.00,57.56,0
ALBEADS0077,20.00,63.96,0
ALBEADS0078,14.00,53.38,0
ALBEADS0079,18.00,57.56,0
ALBEADS0080,20.00,63.96,0
ALBEADS0082,18.00,57.56,0
ALBEADS0083,23.00,73.55,0
ALBEADS0084,17.00,54.37,0
ALBEADS0087,26.00,83.15,0
ALBEADS0088,20.00,63.96,0
ALBEADS0089,17.00,54.37,0
ALBEADS0090,20.00,63.96,0
ALBEADS0092,23.00,73.55,0
ALBEADS0093,26.00,83.15,0
ALBEADS0094,17.00,54.37,0
ALBEADS0095,14.00,53.38,0
ALBEADS0096,17.00,54.37,0
ALBEADS0097,14.00,53.38,0
ALBEADS0098,18.00,57.56,0
ALBEADS0099,17.00,54.37,0
ALBEADS0100,24.00,76.75,0
ALBEADS0101,23.00,73.55,0
ALBEADS0102,16.00,61.01,0
ALSS0002,26.00,83.15,0
ALSS0003,44.00,129.89,0
ALSS0004,23.00,73.55,0
ALSS0005,34.00,108.73,0
ALSS0006,35.00,111.93,0
ALSS0007,20.00,63.96,0
ALSS0008,24.00,76.75,0
ALSS0009,29.00,92.74,0
ALSS0010,41.00,121.03,0
ALSS0011,41.00,121.03,0
ALSS0012,25.00,79.95,0
ALSS0013,31.00,99.14,0
ALSS0015,38.00,121.52,0
ALSS0016,44.00,129.89,0
MMAL0006,54.00,159.41,3
BRC001,43.00,126.94,3
BRC002,43.00,126.94,0
BRC003,43.00,126.94,3
NRC001,41.00,121.03,3
BRC005,43.00,126.94,3
NRC002,52.00,153.50,3
CHRZ007,306.00,677.48,0
CHRZ008,318.00,704.05,0
ŁYŻ-5,187.00,414.02,3
ŁYŻ-4,193.00,427.30,0
AE2584,30.00,95.94,0
AE3958-N,42.00,123.98,3
AE4397-N,44.00,129.89,3
AE4496-N,25.00,79.95,0
AE4498-N,24.00,76.75,3
AE4499-N,28.00,89.54,0
CEL061NY,53.00,156.46,3
CEL061NR,52.00,153.50,3
CEL062NY,49.00,144.65,3
CEL062NR,48.00,141.70,3
SCE-825-PBR,40.00,127.92,3
GR-1,130.00,319.80,0
GR-2,175.00,387.45,0
SM-3,193.00,427.30,3
SM-4,192.00,425.09,0
ALEP039,28.00,89.54,0
AS2018,47.00,138.74,3
AS2026,52.00,153.50,3
AS2409,43.00,126.94,3
AS2715,31.00,99.14,3
AS2672,31.00,99.14,3
NRC005,58.00,171.22,3
FAB001,25.00,79.95,3
FAN001,38.00,121.52,3
AN001NY,31.00,99.14,3
AN001BY,22.00,70.36,3
HP-0007,35.00,111.93,3
LSV-0024,22.00,70.36,0
P5631,18.00,57.56,3
452SP7620,52.00,153.50,3
P9190,23.00,73.55,3
ALZWZW0001G,17.00,54.37,3
ALZWZW0001Y,30.00,95.94,0
P12283B,17.00,54.37,3
P12283R,17.00,54.37,3
463E3033,41.00,121.03,3
AN3574ER,35.00,111.93,0
AN3574EY,35.00,111.93,3
GS066V,30.00,95.94,0
407E6850,31.00,99.14,3
408E3831,37.00,118.33,3
408E5859,29.00,92.74,0
410E6307,44.00,129.89,3
418E6434,36.00,115.13,3
452E7620,41.00,121.03,3
AT002,28.00,89.54,3
AT004,34.00,108.73,3
AT006,42.00,123.98,0
AT007,47.00,138.74,3
AT008,40.00,127.92,3
AT009,34.00,108.73,3
AT361,25.00,79.95,3
AT011,40.00,127.92,3
AT012,31.00,99.14,0
AT013,42.00,123.98,0
AT014,43.00,126.94,3
AT015,28.00,89.54,0
AT212,31.00,99.14,3
AT019,47.00,138.74,3
N218,28.00,89.54,3
N218,28.00,89.54,3
AT020,36.00,115.13,3
AT021,35.00,111.93,3
AT022,52.00,153.50,3
AT1517,20.00,63.96,0
AT1561,26.00,83.15,0
AT181,28.00,89.54,3
AT025,25.00,79.95,3
N001S,90.00,243.54,3
AT028,43.00,126.94,3
E6828,26.00,83.15,3
MVE-006,22.00,70.36,3
MVE-006B,34.00,108.73,3
AS3572,47.00,138.74,3
503E2014,25.00,79.95,0
AE3408,35.00,111.93,0
AS3573,29.00,92.74,3
ALBEADS0040,16.00,61.01,0
ALSS0014,29.00,92.74,0
MMAL0008,44.00,129.89,3
FE0967R,34.00,108.73,3
ALSZK001ZW,38.00,121.52,0
ALSZK002NR,41.00,121.03,0
ALSZK003K,68.00,200.74,3
ALSZK005BR,43.00,126.94,0
P-0698RH,96.00,259.78,0
ALP003RH,88.00,238.13,0
ALP004,91.00,246.25,0
P-0694,118.00,319.31,3
NRC006,50.00,147.60,3
YE0189,155.00,381.30,3
E00014,127.00,312.42,0
E00016,185.00,409.59,3
E00090,103.00,278.72,3
YN00402,114.00,308.48,0
P00335,92.00,248.95,3
P00335E,95.00,257.07,0
YP0067,83.00,224.60,3
R00278,76.00,224.35,0
R00280,88.00,238.13,0
P00583,78.00,230.26,3
YP00461,109.00,294.95,3
YE00461,102.00,276.01,0
YE00402,115.00,311.19,0
YR00402,102.00,276.01,0
YE00399,140.00,344.40,0
YE0190,143.00,351.78,0
YN0190,124.00,305.04,0
YB0207,118.00,319.31,0
YN0207,110.00,297.66,3
YN00347,121.00,327.43,3
GN8473RH,44.00,129.89,3
GN8473SB,44.00,129.89,3
TP0511RH,14.00,53.38,3
TP0511SB,16.00,61.01,3
GN8444RH,30.00,95.94,3
GN8444SB,29.00,92.74,3
TP0510RH,58.00,171.22,3
TP0510SB,60.00,177.12,3
GN8451RH,35.00,111.93,3
GN8451SB,35.00,111.93,3
GN8476RH,36.00,115.13,3
GN8476SB,36.00,115.13,3
GN8471RH,25.00,79.95,3
GN8471SB,25.00,79.95,3
TP0508RH,30.00,95.94,3
TP0508SB,31.00,99.14,3
YE5592RH,49.00,144.65,3
YE5592SB,52.00,153.50,3
YE5590RH,47.00,138.74,3
YE5590SB,47.00,138.74,3
YE5602RH,58.00,171.22,3
YE5602SB,56.00,165.31,3
YE5627RH,40.00,127.92,3
YE5627SB,42.00,123.98,3
YE5587RH,37.00,118.33,3
YE5587SB,36.00,115.13,3
YE5620RH,65.00,191.88,3
YE5620SB,66.00,194.83,3
YE5619RH,37.00,118.33,3
YE5619SB,38.00,121.52,3
YE5631RH,65.00,191.88,3
YE5631SB,65.00,191.88,3
YE5615RH,40.00,127.92,3
YE5615SB,41.00,121.03,3
YE5608RH,29.00,92.74,3
YE5608SB,30.00,95.94,3
YE5614RH,35.00,111.93,0
YE5614SB,36.00,115.13,3
YE5614YGSB,37.00,118.33,3
YE5614YG,37.00,118.33,3
YE5612SB,40.00,127.92,3
E-0545BRH,41.00,121.03,0
SET-882BRH,41.00,121.03,0
SET-883BRH,41.00,121.03,0
E-0546BRH,41.00,121.03,3
P14778RH,41.00,121.03,0
P14770RH,47.00,138.74,3
P14768RH,50.00,147.60,0
P14759RH,73.00,215.50,3
CC-1771-1RH,47.00,138.74,0
P14763RH,50.00,147.60,0
P14784RH,62.00,183.02,3
P14788RH,55.00,162.36,3
P14772RH,54.00,159.41,3
P14780RH,48.00,141.70,0
P14761RH,54.00,159.41,0
P14789RH,53.00,156.46,0
P14773RH,64.00,188.93,3
P14765RH,70.00,206.64,3
P14766RH,30.00,95.94,0
P14781RH,66.00,194.83,3
TB-0033BRB,38.00,121.52,3
TB-0033BRW,38.00,121.52,3
TSP-0018NRB,42.00,123.98,3
TSB-0018BRB,38.00,121.52,0
TSE-0018KB,44.00,129.89,3
CC-1772RH,44.00,129.89,3
1BR64893,54.00,159.41,3
1BR61770,56.00,165.31,0
1BR63499,48.00,141.70,0
1BR60572,73.00,215.50,0
1BR10544,36.00,115.13,0
1BR64890,47.00,138.74,0
1BR64739,48.00,141.70,0
1BR64458,55.00,162.36,0
1BR31173,49.00,144.65,0
1BR60441,52.00,153.50,0
JDE-1007R,62.00,183.02,3
JDE-1002R,60.00,177.12,3
JDE-1003R,49.00,144.65,3
JDP-1013E,58.00,171.22,3
JDP-1015R,35.00,111.93,3
JDP-1009R,68.00,200.74,3
JDE-1010R,62.00,183.02,3
JDP-1011R,29.00,92.74,3
JDP-1016R,29.00,92.74,3
JDP-1026R,35.00,111.93,3
JDP-1001R,36.00,115.13,3
JDP-1002R,30.00,95.94,3
JDP-1013R,30.00,95.94,3
JDP-1020R,31.00,99.14,0
JDP-1010R,31.00,99.14,3
JDP-1003R,31.00,99.14,3
JDP-1053R,31.00,99.14,3
JDP-1057R,29.00,92.74,3
JDP-1058R,23.00,73.55,3
CEL067BR,25.00,79.95,3
CEL048NR,35.00,111.93,0
CEL048BR,31.00,99.14,0
CEL068BY,23.00,73.55,3
CEL057BY,26.00,83.15,3
CEL070NY,29.00,92.74,0
CEL070NR,26.00,83.15,0
CEL070BY,26.00,83.15,3
CEL070BR,26.00,83.15,3
CEL067BY,25.00,79.95,3
CEL067NR,26.00,83.15,3
CEL067NY,26.00,83.15,3
CEL071NY,28.00,89.54,3
CEL071NR,28.00,89.54,3
CEL071BY,26.00,83.15,3
CEL071BR,26.00,83.15,3
CEL068BR,23.00,73.55,3
CEL068NR,25.00,79.95,3
CEL068NY,25.00,79.95,3
CEL072NR,43.00,126.94,3
CEL072NY,43.00,126.94,3
CEL073NR,40.00,127.92,3
CEL073NY,43.00,126.94,0
CEL074NR,36.00,115.13,3
CEL074NY,36.00,115.13,3
CEL057BR,26.00,83.15,3
1SE60091,22.00,70.36,0
1SE61024,11.00,41.94,3
1SE61141,13.00,49.57,0
1SE60107,24.00,76.75,0
1SE61018,14.00,53.38,0
1SE61153,11.00,41.94,0
1SE61340,20.00,63.96,0
1SE61147,14.00,53.38,0
1SE60106,23.00,73.55,0
1SE61169,16.00,61.01,3
1SE61346,18.00,57.56,0
1SE61351,14.00,53.38,0
1SE61149,14.00,53.38,3
1SE61352,29.00,92.74,0
1SE61156,17.00,54.37,3
1SE61161,14.00,53.38,0
1TI00359,35.00,111.93,0
2A00032,23.00,73.55,0
2A00024,38.00,121.52,0
2A00397,44.00,129.89,3
2A00175,35.00,111.93,0
1TI00645,30.00,95.94,3
ALSZK004NR,38.00,121.52,0
CI17,8.00,30.50,0
CI62,12.00,45.76,0
CI63,17.00,54.37,0
CI193,11.00,41.94,0
CI210,25.00,79.95,3
CI201,18.00,57.56,0
HSE-0858RH,60.00,177.12,3
HSP-0858RH,24.00,76.75,3
HP-0275RH,24.00,76.75,3
SET-2492E1,42.00,123.98,3
SET-2492PRH,24.00,76.75,0
SET-2488PRH,29.00,92.74,3
SET-2489E1RH,60.00,177.12,3
SET-2489PRH,18.00,57.56,0
SET-2490E1RH,48.00,141.70,3
SET-2490PRH,28.00,89.54,3
SET-931ERH,62.00,183.02,0
E-0579RH,26.00,83.15,0
HE-1118RH,41.00,121.03,0
E-0560RH,30.00,95.94,0
E-0577RH,35.00,111.93,0
E-0574RH,31.00,99.14,0
E-0570RH,25.00,79.95,0
E-0561RH,40.00,127.92,0
HSE-0856RH,54.00,159.41,0
HSP-0856RH,22.00,70.36,3
1EA80577,25.00,79.95,0
1EA81461,18.00,57.56,0
1EA79576,11.00,41.94,3
1EA82133,12.00,45.76,3
1EA80583,23.00,73.55,3
1EA79415,11.00,41.94,0
1EA79575,13.00,49.57,3
1EA79503,13.00,49.57,3
1EA80997R,35.00,111.93,3
1EA79404,10.00,38.13,0
1EA79835,24.00,76.75,0
1EA80429,23.00,73.55,0
1TI00650,38.00,121.52,0
2A00461,49.00,144.65,0
E-0565RH,22.00,70.36,3
2A00174,40.00,127.92,0
2A00039,34.00,108.73,0
1EA79679,10.00,38.13,0
HE-1119RH,49.00,144.65,0
SETEW001,28.00,89.54,0
SETEDR001,28.00,89.54,0
SETEP001,28.00,89.54,3
SETEB001,28.00,89.54,0
SETPB001,13.00,49.57,3
SETPDR001,12.00,45.76,3
SETPW001,12.00,45.76,3
466SP4509,12.00,45.76,0
1EA80997B,35.00,111.93,0
E-0562RH,25.00,79.95,3
1EA82158,18.00,57.56,0
1EA81101RH+WH,16.00,61.01,3
1EA76038,12.00,45.76,0
1EA78574,20.00,63.96,3
1EA82141,12.00,45.76,3
1EA79594,11.00,41.94,3
1EA79660,13.00,49.57,3
1EA76245,12.00,45.76,0
1EA81848,13.00,49.57,3
1EA80940,13.00,49.57,0
1EA81364,38.00,121.52,3
1EA77752,20.00,63.96,3
1EA81033,23.00,73.55,3
1EA76952,18.00,57.56,0
1EA80648,16.00,61.01,3
OBNS005R,52.00,153.50,3
OBNS005-BR,29.00,92.74,0
OBES005R,43.00,126.94,0
OBNS006R,67.00,197.78,3
OBNS006-BR,56.00,165.31,0
OBES006R,66.00,194.83,0
OBNS008NR,50.00,147.60,0
OBNS008-BR,43.00,126.94,0
OBES008R,54.00,159.41,0
OBNS009NR,44.00,129.89,0
OBNS012NRH,62.00,183.02,3
OBNS012-BR,41.00,121.03,3
OBES012R,43.00,126.94,3
OBNS020R,78.00,230.26,3
OBNS020-BR,66.00,194.83,0
OBES020R,91.00,246.25,0
OBES021R,64.00,188.93,3
OBNS023R,50.00,147.60,0
OBNS023-BR,42.00,123.98,0
OBES023R,54.00,159.41,0
OBNS024R,50.00,147.60,3
OBNS024-BR,35.00,111.93,3
OBES024R,52.00,153.50,3
OBNS025NH,44.00,129.89,3
OBNS021-BR,37.00,118.33,0
OBNS025-BR,31.00,99.14,3
OBES025,26.00,83.15,0
OBNS0026R,48.00,141.70,3
OBES026,37.00,118.33,3
OBNS027-BR,42.00,123.98,0
OBNS027R,50.00,147.60,3
OBES027,54.00,159.41,0
OBNS0028R,50.00,147.60,3
OBNS028-BR,35.00,111.93,3
OBES028,37.00,118.33,3
OBNS0029R,55.00,162.36,0
OBNS029-BR,41.00,121.03,0
OT1006E,48.00,141.70,0
OBNS0031R,53.00,156.46,3
OBES031R,60.00,177.12,0
OBNS042R,67.00,197.78,3
OBNS042-BR,54.00,159.41,3
OBES042R,54.00,159.41,0
OBNS043R,52.00,153.50,3
OBNS043-BR,38.00,121.52,0
OBES043R,26.00,83.15,3
OBNS031-BR,52.00,153.50,3
OBNS045-BR,40.00,127.92,3
OBES045R,47.00,138.74,3
OBNS026-BR,31.00,99.14,3
AE3763-N,31.00,99.14,3
AE2972-N,30.00,95.94,0
CAE1013RHN,35.00,111.93,3
CAE1016RHN,23.00,73.55,0
CAE1010RHN,28.00,89.54,3
OBNS009-BR,31.00,99.14,0
524E2424,37.00,118.33,3
41NL3605,53.00,156.46,0
41NL3304(64),58.00,171.22,3
BR3605,43.00,126.94,3
E3605,44.00,129.89,3
BR3304,47.00,138.74,3
E3304,55.00,162.36,3
FAN002,43.00,126.94,0
ALC250NY,47.00,138.74,3
ALC184G8K,229.00,507.01,0
ALC193G8K,215.00,476.01,3
ALC194NG8K,184.00,407.38,0
ALC195G8K,123.00,302.58,0
ALC196G8K,182.00,402.95,0
ALCN172G8K,184.00,407.38,3
ALCN175G8K,177.00,391.88,3
ALCN207G8K,215.00,476.01,0
ALCB207G8K,146.00,359.16,3
ALCN209G8K,186.00,411.80,0
ALCB209G8K,140.00,344.40,3
ALCN2010G8K,205.00,453.87,3
ALCB210G8K,137.00,337.02,3
ALCN2011G8K,194.00,429.52,3
ALCB211G8K,131.00,322.26,3
ALCN2012G8K,151.00,371.46,0
ALCB212G8K,85.00,230.01,0
ALCN2013G8K,129.00,317.34,0
ALCB213G8K,126.00,309.96,3
ALCN2014G8K,211.00,467.15,0
ALCB214G8K,150.00,369.00,0
ALCB215G8K,141.00,346.86,0
ALCB216G8K,128.00,314.88,0
ALCB218G8K,128.00,314.88,0
ALCN2017G8K,206.00,456.08,0
524E2851,49.00,144.65,3
R00223,100.00,270.60,0
R00199,109.00,294.95,0
P00370,155.00,381.30,0
P00212,133.00,327.18,0
P00187,134.00,329.64,0
488E2712SET,52.00,153.50,3
488E2425SET,78.00,230.26,3
488E1533SET,98.00,265.19,3
485E1845,50.00,147.60,3
485E3046,41.00,121.03,3
E160603SET,95.00,257.07,3
E160604SET,84.00,227.30,0
SET-931PRH,28.00,89.54,3
485E3738,40.00,127.92,3
487E2425,28.00,89.54,3
485E3144,37.00,118.33,3
483E2408,40.00,127.92,3
508E2716,43.00,126.94,3
485E3263,30.00,95.94,0
545E5501,37.00,118.33,3
545E1007,52.00,153.50,3
E160606(64),42.00,123.98,3
SETPP001,13.00,49.57,3
HYSE-0003,37.00,118.33,3
HYSP-0003,38.00,121.52,3
HYSE-0002,34.00,108.73,3
HYSP-0002,31.00,99.14,3
HYSE-0001,40.00,127.92,3
HYSP-0001,35.00,111.93,3
SETPAQ001,12.00,45.76,0
AT003,29.00,92.74,0
MMAL0009S,24.00,76.75,3
MMAL0010S,29.00,92.74,0
MMAL0011,40.00,127.92,0
MMAL0012S,19.00,60.76,0
CRAL0103D,19.00,60.76,0
CRAL0130,18.00,57.56,0
ALSS0017,18.00,57.56,0
ALSS0018,20.00,63.96,0
ALSS0019,12.00,45.76,3
ALSS0020,13.00,49.57,3
ALSS0021,12.00,45.76,0
ALSS0022,12.00,45.76,0
ALSS0023,13.00,49.57,0
ALSS0024,12.00,45.76,3
ALSS0025,12.00,45.76,3
ALSS0026,7.00,26.69,3
ALSS0027,13.00,49.57,0
ALSS0028,14.00,53.38,0
ALSS0029,37.00,118.33,3
MVSB-0221,136.00,334.56,0
ALKM0022SMSM,78.00,230.26,0
ALKM0033SMSD,64.00,188.93,0
FAN004,48.00,141.70,0
FAN005,47.00,138.74,0
FAN006,42.00,123.98,0
FAN007,50.00,147.60,0
FAN008,47.00,138.74,3
FAB008,20.00,63.96,0
FAB007,24.00,76.75,3
FAN014,26.00,83.15,3
FAN021RH,36.00,115.13,3
FAN022RH,50.00,147.60,3
FAN024RH,54.00,159.41,3
FAN025RH,30.00,95.94,3
FAN026RH,50.00,147.60,0
FAN027RH,55.00,162.36,3
FAN028RH,56.00,165.31,3
FAN029RH,66.00,194.83,3
FAN030RH,50.00,147.60,3
FAN031RH,58.00,171.22,3
FAN032RH,68.00,200.74,3
FAN034RH,42.00,123.98,0
FAN035RH,60.00,177.12,3
FAN036RH,50.00,147.60,3
FAN037RH,30.00,95.94,0
FAB022RH,28.00,89.54,0
FAB023RH,49.00,144.65,3
FAB030RH,43.00,126.94,0
FAB028RH,23.00,73.55,0
FAN038RH,67.00,197.78,3
FAK034RH,48.00,141.70,3
FAK027RH,48.00,141.70,0
FAK022RH,26.00,83.15,0
FAK005RH,26.00,83.15,0
FAK025RH,35.00,111.93,0
FAN010,49.00,144.65,3
FAB010,24.00,76.75,0
FAN011,50.00,147.60,0
FAB011,22.00,70.36,0
FAB013,25.00,79.95,3
FAB015,20.00,63.96,0
FAB016,23.00,73.55,0
ALKM0002SKS,66.00,194.83,0
FAN009,48.00,141.70,0
FAN012,54.00,159.41,0
FAN013,49.00,144.65,0
FAN016,42.00,123.98,0
FAN017,42.00,123.98,3
FAN019,53.00,156.46,3
ALKM0034SMSD,65.00,191.88,0
ALCYR001NY,31.00,99.14,3
ALCYR002NY,31.00,99.14,0
ALSS001NRH,31.00,99.14,0
ALSS001NY,31.00,99.14,3
1EA79660Y,13.00,49.57,0
1EA79503Y,12.00,45.76,0
1EA82141Y,12.00,45.76,0
1EA81848Y,13.00,49.57,0
1EA82133Y,11.00,41.94,3
1EA76245Y,12.00,45.76,3
1EA79575Y,12.00,45.76,3
1EA79576Y,8.00,30.50,3
HUB-020,60.00,177.12,0
HUN-020,121.00,327.43,3
HUN-020S,48.00,141.70,3
HUK-020,35.00,111.93,0
HUK-021,31.00,99.14,3
HUN-021S,53.00,156.46,3
HUN-021,127.00,312.42,3
HUB-021,66.00,194.83,3
HUB-022,78.00,230.26,3
HUK-022,88.00,238.13,0
HUN-022S,55.00,162.36,0
HUN-022,106.00,286.84,3
HUN-023,121.00,327.43,3
HUN-023S,48.00,141.70,3
MVB-0103,88.00,238.13,3
HUK-023,31.00,99.14,3
HUB-024,61.00,180.07,0
HUN-024S,54.00,159.41,3
HUN-024,124.00,305.04,0
HUK-024,18.00,57.56,0
MVB-0085N,378.00,790.40,3
MVB-0085K,60.00,177.12,3
MVSN-0221,188.00,416.23,3
MVSE-0221,130.00,319.80,3
HUN-026,144.00,354.24,3
HUB-026,64.00,188.93,0
HUB-025,55.00,162.36,3
HUK-025,24.00,76.75,3
ALDEM0033BG,49.00,144.65,0
ALDEM0034BG,42.00,123.98,3
ALDEM0035BG,42.00,123.98,3
ALDEM0036BP,42.00,123.98,3
ALDEM0037BP,42.00,123.98,3
ALDEM0038BP,42.00,123.98,3
ALDEM0039BR,42.00,123.98,3
ALDEM0041BR,30.00,95.94,0
ALDEM0040BR,41.00,121.03,3
ALDEM0042BW,24.00,76.75,0
ALDEM0043BW,31.00,99.14,0
ALDEM0044BW,42.00,123.98,3
ALDEM0045BW,42.00,123.98,3
ALDEM0046BW,25.00,79.95,0
ALDEM0047BW,35.00,111.93,0
ALDEM0048BW,36.00,115.13,0
FAN015,36.00,115.13,0
FAK014,22.00,70.36,3
ALC241BRH,23.00,73.55,3
ALC241BY,22.00,70.36,3
ROS0104M19RH,49.00,144.65,0
CEL076KR,24.00,76.75,3
CEL076KY,16.00,61.01,0
ON1AW20RH,72.00,212.54,0
ON1AW10RH,40.00,127.92,0
ON1AW15RH,54.00,159.41,0
OM3PAVV10RH,30.00,95.94,0
OM3PAVV15RH,40.00,127.92,0
OM3PAVV20RH,53.00,156.46,0
OT3P20RH,64.00,188.93,0
FAK001-1,17.00,54.37,0
CEL076BY,24.00,76.75,3
CEL076BR,25.00,79.95,3
CEL076NY,28.00,89.54,3
CEL076NR,26.00,83.15,3
CEL079BR,24.00,76.75,3
CEL079BY,25.00,79.95,3
CEL079NR,26.00,83.15,3
CEL079NY,26.00,83.15,3
CEL080BR,26.00,83.15,0
CEL080BY,29.00,92.74,0
CEL080NR,31.00,99.14,0
CEL080NY,31.00,99.14,0
CEL082BR,29.00,92.74,0
CEL082BY,35.00,111.93,3
CEL083NY,43.00,126.94,3
ALCYR002BY,25.00,79.95,3
ALC253NRH,42.00,123.98,3
ALC091NRH,36.00,115.13,0
ALC095BRH,35.00,111.93,3
ALC254BY,31.00,99.14,3
ALC024BY,31.00,99.14,3
BRC007,44.00,129.89,0
NRC008,38.00,121.52,3
FAN042RH,56.00,165.31,0
FAN043RH,56.00,165.31,0
FAB043RH,38.00,121.52,3
FAK043RH,38.00,121.52,0
FAN033RH,54.00,159.41,3
FAN039RH,47.00,138.74,3
FAB030,30.00,95.94,3
FAB033RH,28.00,89.54,3
FAK033RH,35.00,111.93,3
FAB035,25.00,79.95,0
FAN045RH,54.00,159.41,0
FAB042RH,41.00,121.03,0
FAB026RH,23.00,73.55,3
FAK037RH,36.00,115.13,3
FAK026RH,34.00,108.73,3
FAK023RH,31.00,99.14,0
FAK021RH,40.00,127.92,0
MVSE-0401RSA,80.00,236.16,3
ALCN207G14K,398.00,832.22,0
ALCN208G14K,521.00,1089.41,0
ALC184G14K,414.00,865.67,0
ALCB207G14K,256.00,566.78,0
ALCB215G14K,252.00,557.93,0
ALC194G14K,372.00,777.85,0
ALC2010NG14K,426.00,890.77,3
ALC2010BG14K,290.00,642.06,3
CELK10G8K,165.00,365.31,3
ALCB150G8K,218.00,482.65,3
ALCB152G8K,188.00,416.23,0
ALCB153G8K,156.00,383.76,0
ALCN153G8K,211.00,467.15,0
ALCN154G8K,205.00,453.87,0
ALCN155G8K,237.00,524.72,0
ALCN219G8K,149.00,366.54,0
ALCN220G8K,245.00,542.43,3
ALCB220G8K,206.00,456.08,0
ALCN221G8K,189.00,418.45,0
ALCB221G8K,141.00,346.86,3
ALCN228G8K,170.00,376.38,0
ALCN229G8K,258.00,571.21,0
ALCB229G8K,205.00,453.87,3
ALCN230G8K,194.00,429.52,3
ALCB230G8K,142.00,349.32,3
ALCN231G8K,185.00,409.59,0
ALCB154G8K,184.00,407.38,3
ALCB217G14K,244.00,540.22,0
ALCN219G14K,277.00,613.28,0
ALCN221G14K,264.00,584.50,0
ALCB221G14K,165.00,365.31,0
E11278,29.00,92.74,3
E11283,29.00,92.74,0
P13344,12.00,45.76,0
P12979,14.00,53.38,3
E11820,20.00,63.96,0
E13157,61.00,180.07,3
E13158RH,23.00,73.55,0
E12809,56.00,165.31,3
E12844,70.00,206.64,3
E12845,56.00,165.31,3
E13083,41.00,121.03,3
B02536YG,30.00,95.94,3
N01379RH,29.00,92.74,3
N01379YG,29.00,92.74,3
B02538YG,35.00,111.93,3
N01917RH,43.00,126.94,3
N01917YG,43.00,126.94,3
B02632YG,40.00,127.92,3
N01918RH,34.00,108.73,3
N01918YG,47.00,138.74,3
E13254,43.00,126.94,3
N01919RH,60.00,177.12,3
P14436RH,43.00,126.94,0
P14436YG,43.00,126.94,3
B02649YG,41.00,121.03,3
E12800YG,26.00,83.15,3
FB0553YG,30.00,95.94,0
N01920YG,35.00,111.93,0
B02536RH,30.00,95.94,3
B02538RH,35.00,111.93,3
B02632RH,25.00,79.95,0
B02146RH,48.00,141.70,0
MB0079RH,61.00,180.07,3
B02649RH,41.00,121.03,0
ALSER0069KRHB,38.00,121.52,3
E13153,18.00,57.56,3
E13154,18.00,57.56,0
E13155,14.00,53.38,3
E13156RH,47.00,138.74,3
P14259RH,41.00,121.03,0
P14277RH,42.00,123.98,0
P14293,28.00,89.54,0
P12305,28.00,89.54,3
SETEP002,22.00,70.36,0
E0797,38.00,121.52,0
ALSER0022ZRH,29.00,92.74,3
ALSER0035ZG,22.00,70.36,3
ALCYR0001ZRH,18.00,57.56,0
SETEB002,24.00,76.75,0
SETEW002,26.00,83.15,0
SETEDR002,20.00,63.96,0
SETEAQ002,22.00,70.36,0
SETEL002,20.00,63.96,0
FB0447RH,55.00,162.36,0
RB0017,54.00,159.41,0
MSN0526,37.00,118.33,0
MN0017,70.00,206.64,3
E12208,56.00,165.31,0
E12234,49.00,144.65,0
E12237,54.00,159.41,0
E12246,35.00,111.93,0
R16994,35.00,111.93,3
ALSD0004BR,53.00,156.46,0
MS-518RH,18.00,57.56,0
MS-519OX,24.00,76.75,0
MS-521OX,16.00,61.01,0
MS-523OX,18.00,57.56,0
MS-524OX,14.00,53.38,0
MS-527OX,25.00,79.95,0
MS-529OX,26.00,83.15,3
MS-531OX,14.00,53.38,3
MS-532OX,29.00,92.74,0
MVSP-0401RWO,34.00,108.73,0
P14631,47.00,138.74,3
P8773,26.00,83.15,0
P9921,17.00,54.37,0
P14088,18.00,57.56,3
P0495,29.00,92.74,3
ALSER0001ZS,11.00,41.94,0
ALSER0002ZS,10.00,38.13,0
ALSER0004ZS,12.00,45.76,0
ALSER0005ZS,11.00,41.94,0
ALSER0006ZS,14.00,53.38,0
ALSER0007ZRH,17.00,54.37,0
ALSER0008ZS,12.00,45.76,0
ALSER0009ZS,11.00,41.94,0
ALSER0010ZRH,13.00,49.57,0
ALSER0010ZS,12.00,45.76,0
ALSER0011ZS,12.00,45.76,0
ALSER0012ZRH,12.00,45.76,0
ALSER0012ZS,12.00,45.76,0
ALSER0014ZRH,54.00,159.41,0
ALSER0015ZRH,58.00,171.22,0
ALSER0016ZRHY,58.00,171.22,0
ALSER0017ZS,37.00,118.33,3
ALSER0018ZRH,13.00,49.57,0
ALSER0019ZG,18.00,57.56,3
ALSER0020ZRH,31.00,99.14,0
ALSER0021ZRH,30.00,95.94,3
ALSER0023ZRH,16.00,61.01,3
ALSER0024ZRH,23.00,73.55,3
ALSER0025ZRH,14.00,53.38,3
ALSER0026ZRH,16.00,61.01,3
ALSER0027ZRH,13.00,49.57,3
ALSER0028ZRH,44.00,129.89,3
ALSER0029ZRH,42.00,123.98,3
ALSER0030ZRH,23.00,73.55,0
ALSER0031ZRH,43.00,126.94,3
ALSER0032ZRH,47.00,138.74,3
ALSER0033ZRH,44.00,129.89,3
ALSER0035ZRH,25.00,79.95,3
ALSER0036ZG,29.00,92.74,3
ALSER0037ZRH,23.00,73.55,3
ALSER0037ZY,20.00,63.96,0
ALSER0037ZG,18.00,57.56,3
ALSER0038ZRH,34.00,108.73,3
ALSER0039ZRH,18.00,57.56,3
ALSER0040ZRH,13.00,49.57,0
ALSER0042ZRH,35.00,111.93,3
ALSER0045ZRH,20.00,63.96,3
ALSER0046ZRH,43.00,126.94,3
ALSER0047ZRH,10.00,38.13,3
ALSER0048ZRH,25.00,79.95,3
ALSER0050ZRH,48.00,141.70,3
ALSER0051ZRH,28.00,89.54,3
ALSER0052ZRH,14.00,53.38,3
ALSER0053ZRH,31.00,99.14,3
ALSER0054ZRH,17.00,54.37,0
ALSER0054ZY,18.00,57.56,0
ALSER0054ZG,17.00,54.37,3
ALSER0055ZRH,14.00,53.38,0
ALSER0056ZRH,23.00,73.55,0
ALSER0057ZRH,25.00,79.95,3
ALSER0058ZRH,24.00,76.75,3
ALSER0041ZRH,42.00,123.98,3
ALSER0059ZRH,16.00,61.01,3
ALSER0061ZRH,23.00,73.55,0
ALSER0062ZRHW,23.00,73.55,3
ALSER0062ZRHR,23.00,73.55,0
ALSER0063ZRH,14.00,53.38,0
ALSER0065ZRH,16.00,61.01,0
ALSER0066ZRH,20.00,63.96,0
ALSER0067ZRH,20.00,63.96,3
ALSER0068ZRH,34.00,108.73,3
ALCYR0002ZRH,16.00,61.01,3
ALSER0044ZRH,47.00,138.74,3
ALOPK006,29.00,92.74,0
ALOPK007,31.00,99.14,0
ALOPK008,31.00,99.14,0
ALOPK009,34.00,108.73,0
ALOPK010,31.00,99.14,0
ALOPK012,29.00,92.74,3
P14927RH,42.00,123.98,3
MS-543OX,20.00,63.96,3
MS-545OX,14.00,53.38,0
MS-546OX,14.00,53.38,3
MS-547OX,8.00,30.50,3
MS-548OX,14.00,53.38,0
MS-549OX,11.00,41.94,0
MS-550OX,11.00,41.94,0
ALSER0043ZRH,28.00,89.54,0
MS-533OX,23.00,73.55,0
MS-535OX,13.00,49.57,3
MS-536OX,23.00,73.55,0
MS-557OX,25.00,79.95,0
ALC239BY,38.00,121.52,3
ROS0203M80Y,121.00,327.43,0
CEL079BG8K,102.00,276.01,0
CEL079BG14K,201.00,445.01,3
CEL079NG14K,277.00,613.28,0
CEL079NG8K,98.00,265.19,0
ALSK0001B,29.00,92.74,3
RYN60,334.00,698.39,0
AR3531,40.00,127.92,0
AR3532,31.00,99.14,0
AR3545,49.00,144.65,0
AR3547,41.00,121.03,0
AR3548,35.00,111.93,0
AR3549,37.00,118.33,0
AR5876,43.00,126.94,0
ALCB223G14K,277.00,613.28,0
ALCB224G14K,276.00,611.06,0
CELK15SY,22.00,70.36,3
AR3535,48.00,141.70,0
AR3539,40.00,127.92,0
AR3540,49.00,144.65,0
AR3541,43.00,126.94,0
AR3542,41.00,121.03,0
AR3543,35.00,111.93,0
AR3544,37.00,118.33,0
AR5877,44.00,129.89,0
AR5878,41.00,121.03,0
N01752,90.00,243.54,0
N01753,103.00,278.72,3
FAN040,73.00,215.50,3
FAB040,26.00,83.15,3
FAK040,24.00,76.75,0
FAN044RH,64.00,188.93,3
FAK044RH,48.00,141.70,3
FAK020RH,34.00,108.73,0
CEL080BG14K,251.00,555.71,0
CEL080NG14K,367.00,767.40,0
CEL080NG8K,185.00,409.59,0
CEL080BG8K,127.00,312.42,0
E602B,49.00,144.65,0
E603B,49.00,144.65,0
E607B,47.00,138.74,3
ALCB232RH,38.00,121.52,0
ALCB233RH,40.00,127.92,0
ALCN234Y,38.00,121.52,3
ALCB234Y,37.00,118.33,3
ALCN235Y,47.00,138.74,0
ALCN234RH,49.00,144.65,0
ALCN235RH,38.00,121.52,3
ALCN236Y,43.00,126.94,0
ALCB233Y,41.00,121.03,3
ALC237BRH,38.00,121.52,0
ALCB238Y,42.00,123.98,3
ALCN232RH,41.00,121.03,0
ALCN233RH,50.00,147.60,0
ALCN233Y,47.00,138.74,3
CEL065BR,31.00,99.14,3
ALCB235Y,41.00,121.03,0
E604,37.00,118.33,3
E605,37.00,118.33,0
QS0473RHA,34.00,108.73,0
QS0478RHDP,38.00,121.52,0
QS0480RHS,38.00,121.52,0
QS0524RHW,47.00,138.74,0
QS0571RH,20.00,63.96,3
QS0573Y,26.00,83.15,3
QS0001RHP,41.00,121.03,0
QS0005RHW,38.00,121.52,3
QS0015RH,34.00,108.73,0
QS0019RHWP,40.00,127.92,0
QS0021RHWDP,56.00,165.31,0
QS0026RHY,31.00,99.14,0
QS0052RHP,49.00,144.65,3
QS0109RHP,43.00,126.94,3
QS0139RHW,48.00,141.70,0
QS0149RHW,41.00,121.03,0
QS0187RHW,37.00,118.33,0
QS0222RHW,43.00,126.94,0
QS0236RHW,38.00,121.52,0
QS0295RHW,48.00,141.70,0
QS0309RHW,36.00,115.13,0
QS0383RHW,20.00,63.96,0
QS0460RHWA,42.00,123.98,0
QS0462RHWS,44.00,129.89,0
QS0467RHWR,31.00,99.14,3
QS0589RHY,28.00,89.54,0
QS0601RH,30.00,95.94,0
QS0607RHW,35.00,111.93,3
QS0609YB,34.00,108.73,0
QS0610RHWP,64.00,188.93,0
QS0611RH,23.00,73.55,0
QS0620RHA,25.00,79.95,0
QS0667RHYW,44.00,129.89,0
QS0705RHW,38.00,121.52,3
QS0724RHW,49.00,144.65,0
QS0728RHY,23.00,73.55,3
QS0812RHWS,47.00,138.74,0
QS0815RHP,41.00,121.03,0
QS0852RHW,35.00,111.93,0
QS0878RHP,23.00,73.55,0
ALCN223G14K,442.00,924.22,0
ALCN224G14K,463.00,968.13,0
CEL046KY,58.00,171.22,3
ALCK196G8K,166.00,367.52,3
ALCK191G8K,118.00,319.31,3
CEL046KR,78.00,230.26,3
ALC2010KG8K,156.00,383.76,3
CEL045KR,65.00,191.88,3
CEL045KY,66.00,194.83,3
CEL065BY,35.00,111.93,3
CEL060BY,26.00,83.15,3
CEL046KEY,90.00,243.54,3
CEL045KEY,73.00,215.50,3
CEL060BR,26.00,83.15,3
ALMS001RH,31.00,99.14,0
ALMS002,38.00,121.52,0
ALMS003,37.00,118.33,3
ALMS004RH,28.00,89.54,0
ALMS005S,30.00,95.94,0
ALMS006S,28.00,89.54,0
ALMS007RH,24.00,76.75,0
ALMS008S,25.00,79.95,0
ALMS009RH,52.00,153.50,3
ALMS010S,26.00,83.15,0
P6304A,35.00,111.93,3
P6304G,31.00,99.14,0
CEL065KY,24.00,76.75,3
CEL060KRH,16.00,61.01,0
CEL065KR,25.00,79.95,3
CEL060KY,20.00,63.96,3
CEL057KR,24.00,76.75,3
ALMS011RH,31.00,99.14,0
AC130418Y,16.00,61.01,3
AC130415Y,17.00,54.37,0
AC130376RH,29.00,92.74,3
AE3009-NY,11.00,41.94,0
ACMH0034RH,23.00,73.55,3
AC130619RH,18.00,57.56,3
AE261RH,25.00,79.95,3
AE5164RH,23.00,73.55,0
AE950RH,25.00,79.95,3
AC130575RH,23.00,73.55,3
AC141808BORH,26.00,83.15,3
AC141838RH,23.00,73.55,3
AC130715RH,17.00,54.37,0
AE4088-NRH,26.00,83.15,0
AC150122RH,23.00,73.55,3
AE461RH,23.00,73.55,3
AE3428RH,18.00,57.56,0
AP165RH,14.00,53.38,3
AC130695RH,20.00,63.96,0
AP044RH,23.00,73.55,3
AH2230RH,52.00,153.50,0
AH245RH,52.00,153.50,0
AC130815BRH,25.00,79.95,3
AC130815NRH,44.00,129.89,3
AH1732BRH,28.00,89.54,0
AH1732NRH,44.00,129.89,3
AC130803BRH,26.00,83.15,3
AC130803NRH,38.00,121.52,3
H1084BRH,47.00,138.74,0
H1107BRH,37.00,118.33,0
H850BRH,42.00,123.98,0
H043BRH,31.00,99.14,0
AH2247BBRH,78.00,230.26,3
AH2252BBRH,89.00,240.83,3
AH1624BRH,58.00,171.22,0
AH2226BRH,49.00,144.65,0
AN979NRH,43.00,126.94,0
AC150153NRH,34.00,108.73,3
AN741NRH,41.00,121.03,0
AN735NRH,53.00,156.46,0
AN288NRH,52.00,153.50,0
AC130801NRH,29.00,92.74,0
A001-AN1299BRH,42.00,123.98,0
AP2308RH,14.00,53.38,3
AC141682RH,12.00,45.76,3
AC141688RH,11.00,41.94,0
AC130559RH,17.00,54.37,0
AP017-PRH,37.00,118.33,3
AP3790RH,25.00,79.95,0
AC06002001RH,14.00,53.38,0
AC141558RH,14.00,53.38,0
AC130338RH,23.00,73.55,0
AP909RH,20.00,63.96,3
AC130339RH,20.00,63.96,0
AC130520RH,16.00,61.01,3
AC130718RH,18.00,57.56,3
AC130637RH,20.00,63.96,3
AC141556RH,13.00,49.57,3
AC141705RH,36.00,115.13,3
AC130574RH,16.00,61.01,3
ACMM0624RH,16.00,61.01,0
AC141774RH,28.00,89.54,3
AC130519RH,20.00,63.96,3
AC130568RH,23.00,73.55,0
AP3677RH,12.00,45.76,0
AP2973-NRH,14.00,53.38,0
A001-AN1299NRH,80.00,236.16,0
R00280Y,88.00,238.13,3
CR84-1,46.00,135.79,0
ALC202G8K,194.00,429.52,3
N002S,38.00,121.52,0
CRAL008S,29.00,92.74,0
AC142027BORH,48.00,141.70,0
AE5302RH,20.00,63.96,3
E+PAE2207RH,61.00,180.07,0
E+PAC141763BORH,49.00,144.65,0
E+PAE4894RH,52.00,153.50,0
E+PAC131165BKRH,58.00,171.22,0
E+PAC143509RH,44.00,129.89,3
E+PAC143510RH,43.00,126.94,3
E+PAC131167BKRH,43.00,126.94,3
AE731RH,28.00,89.54,0
E+PAC141818RH,37.00,118.33,3
E+PAC130624RH,30.00,95.94,3
AS3311RH,16.00,61.01,0
AE4948RH,37.00,118.33,3
AE5828CRH,26.00,83.15,0
E+PAE3180RH,42.00,123.98,0
AE1241RH,30.00,95.94,3
AE4722RH,23.00,73.55,3
AE280RH,20.00,63.96,3
AE293RH,23.00,73.55,3
E+PAE435RH,43.00,126.94,3
AE4720RH,18.00,57.56,0
AC130591BORH,29.00,92.74,3
AE3761-NRH,25.00,79.95,3
E+PAC141787BORH,37.00,118.33,3
AS3118RH,38.00,121.52,3
AS1844RH,43.00,126.94,3
AS3392RH,38.00,121.52,3
AS2726RH,43.00,126.94,3
AS3604RH,35.00,111.93,3
AC130710RH,18.00,57.56,0
AC130374RH,25.00,79.95,3
AE6155RH,18.00,57.56,0
AE5852CRH,20.00,63.96,3
A001-35993RH,23.00,73.55,3
AC141649RH,24.00,76.75,0
E+PAE430RH,55.00,162.36,3
A001-38226RH,25.00,79.95,3
AE4082-NRH,16.00,61.01,0
AC143243BORH,18.00,57.56,0
AE2957RH,22.00,70.36,0
AE274RH,20.00,63.96,3
AE5820CRH,17.00,54.37,3
AC141645RH,14.00,53.38,0
AE4164RH,23.00,73.55,3
AE4163RH,16.00,61.01,3
AE5824CRH,24.00,76.75,3
AE5817CRH,18.00,57.56,0
AE5821CRH,23.00,73.55,0
ALSER0071KRH,22.00,70.36,3
A001-41075RH,17.00,54.37,3
A001-41004RH,18.00,57.56,3
HP001+A15MMS,16.00,61.01,3
HP001+B15MMS,13.00,49.57,0
HP001+C15MMS,12.00,45.76,3
HP001+D15MMS,23.00,73.55,3
HP001+E15MMS,23.00,73.55,3
HP001+F15MMS,11.00,41.94,3
HP001+G15MMS,20.00,63.96,3
HP001+H15MMS,22.00,70.36,3
HP001+I15MMS,8.00,30.50,3
HP001+J15MMS,10.00,38.13,0
HP001+K15MMS,14.00,53.38,3
HP001+L15MMS,12.00,45.76,3
HP001+Ł15MMS,13.00,49.57,3
HP001+M15MMS,23.00,73.55,3
HP001+N15MMS,20.00,63.96,3
HP001+O15MMS,13.00,49.57,3
HP001+P15MMS,16.00,61.01,0
HP001+R15MMS,22.00,70.36,3
HP001+S15MMS,10.00,38.13,3
HP001+T15MMS,10.00,38.13,3
HP001+U15MMS,13.00,49.57,3
HP001+W15MMS,20.00,63.96,3
HP001+Z15MMS,20.00,63.96,3
CEL081NY,30.00,95.94,3
CELK19G8K,124.00,305.04,0
ALZC10MWHTF,17.00,54.37,3
CEL090NY,30.00,95.94,3
CEL090NR,34.00,108.73,0
CEL090BR,34.00,108.73,0
CEL090KR,26.00,83.15,0
CEL090KY,23.00,73.55,0
CEL091NR,26.00,83.15,0
CEL091BY,28.00,89.54,3
CEL091KY,22.00,70.36,3
CEL091KR,22.00,70.36,0
LTN-0048B,24.00,76.75,3
CEL092NY,29.00,92.74,3
CEL092NR,29.00,92.74,0
CEL092BY,28.00,89.54,3
CEL092BR,28.00,89.54,3
CEL092KY,26.00,83.15,3
CEL093NY,24.00,76.75,0
CEL093BR,22.00,70.36,0
CEL093BY,28.00,89.54,3
CEL094NR,24.00,76.75,3
CEL094BR,25.00,79.95,0
LTN-0034,53.00,156.46,3
CEL094BY,25.00,79.95,3
LTN-0034B,35.00,111.93,3
LTN-0034K,35.00,111.93,3
CEL096NY,31.00,99.14,0
CEL096NR,31.00,99.14,3
CEL096BR,35.00,111.93,3
CEL096BY,35.00,111.93,3
CEL097NR,26.00,83.15,3
CEL097BR,26.00,83.15,3
CEL097NY,25.00,79.95,3
CEL097BY,25.00,79.95,3
CEL098NY,29.00,92.74,3
CEL098NR,30.00,95.94,3
CEL098BY,28.00,89.54,3
CEL098BR,28.00,89.54,3
CEL056KUY,78.00,230.26,3
CEL056KUR,78.00,230.26,3
CEL099NR,30.00,95.94,0
CEL099NY,30.00,95.94,3
CEL099BR,26.00,83.15,3
CEL099BY,26.00,83.15,3
ALCB155G8K,181.00,400.73,0
CELK6SRW,22.00,70.36,3
LTN-0033,53.00,156.46,3
LTN-0033B,35.00,111.93,3
YP0052,140.00,344.40,0
AH1769BRH,37.00,118.33,0
AN1416NRH,48.00,141.70,0
AN1423NRH,49.00,144.65,3
AN1418NRH,50.00,147.60,3
AH2313-MRHY,38.00,121.52,3
AH785RH,37.00,118.33,0
A001-41036RH,29.00,92.74,3
A001-31CS1534RH,29.00,92.74,0
AN187RH,52.00,153.50,0
A001-38083RH,38.00,121.52,0
A001-38081RH,35.00,111.93,3
A001-38105RH,62.00,183.02,3
A001-001NRH,64.00,188.93,3
A001-38097NRH,38.00,121.52,3
A001-37361NRH,36.00,115.13,3
A001-38003BRH,26.00,83.15,0
P00334Y,102.00,276.01,0
LTN-0047,34.00,108.73,3
LTN-0028,37.00,118.33,3
LTN-0029,37.00,118.33,3
LTN-0029K,23.00,73.55,3
LTN-0029B,26.00,83.15,3
LTN-0030B,26.00,83.15,3
LTN-0030,37.00,118.33,3
LTN-0031,48.00,141.70,0
LTN-0031KY,40.00,127.92,0
LTN-0031K,40.00,127.92,0
LTN-0035BG,38.00,121.52,3
LTN-0035KG,42.00,123.98,3
LTN-0035PG,62.00,183.02,3
LTN-0036Y,48.00,141.70,0
LTN-0036R,48.00,141.70,0
LTN-0036BY,44.00,129.89,3
LTN-0036BR,44.00,129.89,3
LTN-0036YK,68.00,200.74,3
LTN-0036RK,68.00,200.74,3
LTN-0037Y,58.00,171.22,0
LTN-0037RH,60.00,177.12,0
LTN-0037BY,38.00,121.52,0
LTN-0037BR,38.00,121.52,0
LTN-0037YK,43.00,126.94,0
LTN-0037RK,41.00,121.03,0
LTN-0038YK,48.00,141.70,3
LTN-0038YR,42.00,123.98,0
LTN-0039Y,48.00,141.70,3
LTN-0039RH,48.00,141.70,3
LTN-0039BR,40.00,127.92,3
LTN-0039BY,38.00,121.52,3
LTN-0039YK,40.00,127.92,3
LTN-0039RK,40.00,127.92,3
LTN-0040RH,48.00,141.70,3
LTN-0040BR,48.00,141.70,3
LTN-0040YK,61.00,180.07,3
LTN-0040RK,61.00,180.07,3
LTN-0040NY,48.00,141.70,3
LTN-0041Y,60.00,177.12,3
LTN-0041RH,62.00,183.02,3
LTN-0041BY,38.00,121.52,3
LTN-0041BR,38.00,121.52,0
LTN-0041YK,43.00,126.94,3
LTN-0041RK,40.00,127.92,0
AN782NR,35.00,111.93,0
AN785NR,42.00,123.98,3
LTN-0033K,40.00,127.92,3
ALCN237G8K,187.00,414.02,0
ALCN239G14K,277.00,613.28,0
ALCN240G8K,172.00,380.81,0
GS006BRH,67.00,197.78,0
GS006-4SRH,42.00,123.98,0
A001-41323RH,11.00,41.94,3
A001-41501RH,20.00,63.96,0
AC130611RH,12.00,45.76,3
A001-38072RH,14.00,53.38,3
A001-41513RH,26.00,83.15,3
AS1300RH,16.00,61.01,3
ALMS009RHP,37.00,118.33,0
A001-40947RH,22.00,70.36,0
AE2183RH,24.00,76.75,0
AE2156RH,29.00,92.74,0
PE8389RH,38.00,121.52,0
AE4836RH,30.00,95.94,0
AE2077RH,36.00,115.13,0
AE457RH,38.00,121.52,0
AE4838RH,29.00,92.74,0
AE2105RH,47.00,138.74,3
PE5816RH,36.00,115.13,3
AE4987RH,31.00,99.14,0
AE5360RH,35.00,111.93,3
MMAL0013S,40.00,127.92,0
MMAL0014S,34.00,108.73,3
MMAL0015S,25.00,79.95,0
MMAL0016S,28.00,89.54,0
MMAL0017S,24.00,76.75,0
MMAL0018S,28.00,89.54,3
MMAL0020S,44.00,129.89,0
MMAL0021S,52.00,153.50,0
MMAL0022S,42.00,123.98,3
MMAL0023S,38.00,121.52,3
MMAL0024S,29.00,92.74,0
MMAL0025S,46.00,135.79,3
MMAL0026S,47.00,138.74,3
MMAL0027S,30.00,95.94,3
MMAL0028S,19.00,60.76,3
MMAL0029S,26.00,83.15,3
AT1750,30.00,95.94,0
MMAL0031S,40.00,127.92,0
MMAL0032S,28.00,89.54,0
MMAL0033S,35.00,111.93,0
MMAL0034S,28.00,89.54,3
MMAL0035S,28.00,89.54,3
MMAL0036S,19.00,60.76,0
MMAL0037S,25.00,79.95,0
MMAL0039S,59.00,174.17,3
MMAL0040S,31.00,99.14,0
MMAL0041S,26.00,83.15,3
MMAL0042S,30.00,95.94,0
MMAL0043S,59.00,174.17,3
MMAL0044S,26.00,83.15,3
MMAL0045S,20.00,63.96,3
MMAL0046S,35.00,111.93,0
MMAL0047S,46.00,135.79,3
MMAL0048S,46.00,135.79,3
MMAL0049S,38.00,121.52,3
MMAL0050S,65.00,191.88,3
MMAL0051S,25.00,79.95,0
MMAL0052S,18.00,57.56,3
MMAL0053S,28.00,89.54,0
MMAL0054S,25.00,79.95,0
MMAL0055S,34.00,108.73,3
MMAL0056S,35.00,111.93,3
MMAL0057S,38.00,121.52,0
MMAL0058S,54.00,159.41,3
MMAL0059S,34.00,108.73,0
MMAL0060S,26.00,83.15,0
MMAL0061S,26.00,83.15,3
MMAL0062S,26.00,83.15,3
MMAL0065S,25.00,79.95,0
MMAL0067S,29.00,92.74,0
MMAL0068S,49.00,144.65,3
MMAL0069S,42.00,123.98,0
MMAL0070S,25.00,79.95,0
MMAL0071S,34.00,108.73,3
MMAL0072S,36.00,115.13,3
MMAL0073S,46.00,135.79,3
MMAL0074S,29.00,92.74,3
MMAL0075S,65.00,191.88,0
MMAL0076S,24.00,76.75,0
AT1041,35.00,111.93,0
MMAL0079S,24.00,76.75,0
MMAL0080S,24.00,76.75,3
MMAL0081S,42.00,123.98,3
MMAL0115S,48.00,141.70,3
MMAL0116S,54.00,159.41,3
MMAL0117S,80.00,236.16,0
MMAL0118S,16.00,61.01,0
MMAL0119S,58.00,171.22,0
MMAL0120S,42.00,123.98,3
MMAL0121S,35.00,111.93,0
MMAL0122S,64.00,188.93,3
MMAL0123S,29.00,92.74,3
MMAL0124S,29.00,92.74,3
MMAL0125S,35.00,111.93,3
MMAL0127S,54.00,159.41,0
E+PAE2188RH,37.00,118.33,3
E+PAE2887RH,64.00,188.93,3
E+PAE2874RH,64.00,188.93,3
E+PAE2836RH,64.00,188.93,3
E+PAE2884RH,64.00,188.93,0
E+PAE2881RH,64.00,188.93,0
E+PAE2163RH,61.00,180.07,0
E+PAE2141RHR,78.00,230.26,3
E+PPE4534RH,48.00,141.70,0
E+PAE2141RHW,71.00,209.59,3
E+PAE2141RHS,70.00,206.64,0
E+PAE2141RHB,55.00,162.36,0
AE5294RH,68.00,200.74,3
AS2722RH,42.00,123.98,3
AS3676RH,48.00,141.70,3
AS3681RH,42.00,123.98,3
AS3688RH,37.00,118.33,3
AS3700RH,44.00,129.89,0
AS3682RH,42.00,123.98,0
AS3703RH,40.00,127.92,3
AS3689RH,40.00,127.92,3
A00180-E,42.00,123.98,3
AE3759-N,24.00,76.75,0
AC131165PK,18.00,57.56,3
AC131165KP,18.00,57.56,3
AP822,23.00,73.55,0
AP828,26.00,83.15,3
AP823,23.00,73.55,3
SETERED001,24.00,76.75,0
SETPRED001,14.00,53.38,3
SETEAQ001,28.00,89.54,3
AE1190RH,29.00,92.74,3
ACMH0499RH,20.00,63.96,3
AE5835CRH,29.00,92.74,3
AE4498-Z,64.00,188.93,3
AE4497-Z,64.00,188.93,3
LTN-0051YR,34.00,108.73,3
MVE-0028,37.00,118.33,0
MVSE-0016WAQS,37.00,118.33,0
MVSP-0016WAQS,38.00,121.52,3
P-0698,66.00,194.83,0
P-0699,90.00,243.54,3
SETP0010,107.00,289.54,0
SET-720-1,90.00,243.54,0
SET-725-1,94.00,254.36,3
SET-720-2,107.00,289.54,3
R00278Y,76.00,224.35,3
DRQR003,41.00,121.03,0
ALL0001C,10.00,38.13,3
ALL0001S,10.00,38.13,0
ALL0001M,10.00,38.13,3
ALL0001H,10.00,38.13,0
CRAL0145S,108.00,292.25,3
CRAL0146S,168.00,371.95,3
CRAL0151S,66.00,194.83,3
CRAL0192S,59.00,174.17,3
CRAL0193S,112.00,303.07,0
CRAL0194S,40.00,127.92,0
CRAL0195S,66.00,194.83,0
CRAL0196S,74.00,218.45,0
CRAL0197S,72.00,212.54,0
CRAL0157S,47.00,138.74,3
CRAL0150S,86.00,232.72,3
CRAL0153S,40.00,127.92,3
CRAL0154S,110.00,297.66,3
CRAL0155S,74.00,218.45,3
CRAL0149S,55.00,162.36,3
CRAL0156S,109.00,294.95,0
CRAL0148S,72.00,212.54,3
CRAL0143S,108.00,292.25,3
CRAL0147S,36.00,115.13,0
CRAL0152S,42.00,123.98,3
CRAL0144OXW,154.00,378.84,0
CRAL0144OXR,142.00,349.32,0
CRAL0158RH,49.00,144.65,3
CRAL0159RH,121.00,327.43,3
CRAL0160RH,55.00,162.36,3
CRAL0161RH,55.00,162.36,3
CRAL0162RH,31.00,99.14,3
CRAL0163RH,24.00,76.75,3
CRAL0164RH,30.00,95.94,3
CRAL0165RH,44.00,129.89,3
CRAL0166RH,44.00,129.89,3
CRAL0167RH,70.00,206.64,3
CRAL0169RH,40.00,127.92,3
CRAL0170RH,48.00,141.70,3
CRAL0171RH,49.00,144.65,3
CRAL0172RH,56.00,165.31,3
CRAL0173RH,70.00,206.64,3
CRAL0174RH,79.00,233.21,3
CRAL0175RH,26.00,83.15,3
CRAL0176RH,58.00,171.22,3
CRAL0177RH,59.00,174.17,3
CRAL0178RH,49.00,144.65,3
CRAL0179RH,38.00,121.52,3
CRAL0180RH,24.00,76.75,3
CRAL0181RH,17.00,54.37,0
CRAL0183RH,43.00,126.94,3
CRAL0185RH,40.00,127.92,3
CRAL0186RH,29.00,92.74,3
CRAL0187RH,20.00,63.96,3
CRAL0188RH,47.00,138.74,3
CRAL0189RH,43.00,126.94,0
CRAL0190RH,28.00,89.54,0
CRAL0191RH,12.00,45.76,0
ALBEADS0104OX,24.00,76.75,3
ALBEADS0105OX,29.00,92.74,0
GRZEB-1,262.00,580.07,3
BU-2R,166.00,367.52,0
BU-2S,146.00,359.16,3
BU-2W,161.00,396.06,0
ALMS002Y,26.00,83.15,0
CEL057KY,20.00,63.96,3
AC130416RH,17.00,54.37,3
AC130659RH,13.00,49.57,0
AC141940RH,17.00,54.37,3
AC130354RH,13.00,49.57,3
AE3993RH,28.00,89.54,3
AE2357RH,34.00,108.73,3
AE5311RH,12.00,45.76,0
AE3950RH,14.00,53.38,0
AE804RH,24.00,76.75,3
AE4332RH,13.00,49.57,3
AE4413RH,17.00,54.37,0
AE250RH,23.00,73.55,3
AE1894Y,23.00,73.55,0
AE1894RH,38.00,121.52,3
AE5114RH,16.00,61.01,0
AE5101RH,22.00,70.36,0
AE5103RH,24.00,76.75,0
AE5093RH,17.00,54.37,0
AE6158RH,16.00,61.01,0
AE6030RH,17.00,54.37,3
AE949RH,20.00,63.96,3
AE1866Y,30.00,95.94,3
AE1869Y,38.00,121.52,3
PE3352,24.00,76.75,0
ALSZK002ZW,36.00,115.13,3
ALSZK003ZW,36.00,115.13,3
SETC001,38.00,121.52,3
SETC003,30.00,95.94,0
ALC245KRH,14.00,53.38,0
ALMS012RH,23.00,73.55,0
ALMS012Y,35.00,111.93,0
ALMS013,28.00,89.54,3
ALMS013Y,20.00,63.96,0
ALMS014Y,48.00,141.70,0
AE4499-Z,77.00,227.30,3
AE4496-Z,90.00,243.54,3
AE4495-Z,90.00,243.54,3
AE4494-Z,70.00,206.64,3
AE4493-Z,77.00,227.30,3
AE4492-Z,60.00,177.12,3
AE4491-Z,77.00,227.30,3
SETP0006,42.00,123.98,0
SETP0007,60.00,177.12,0
SETP0008,42.00,123.98,0
SETP0009,48.00,141.70,3
SET0050,47.00,138.74,0
SET0051,73.00,215.50,3
SET0052,73.00,215.50,3
SET0053,73.00,215.50,0
SET0054,50.00,147.60,3
SET0055,73.00,215.50,3
SETC002,38.00,121.52,3
HE001,52.00,153.50,0
HE002,52.00,153.50,3
MVSP-0423-1,40.00,127.92,0
MVP-0245,90.00,243.54,0
MVSE-0378,124.00,305.04,0
MVSE-0423-2,90.00,243.54,3
MVSP-0423-2,44.00,129.89,3
ACMH0035Y,18.00,57.56,3
ACMH0036Y,26.00,83.15,3
ACMH0037Y,26.00,83.15,3
ACMH0038Y,28.00,89.54,3
ACMH0039Y,28.00,89.54,3
ACMH0040Y,17.00,54.37,3
ACMH0041Y,20.00,63.96,3
ACMH0042Y,20.00,63.96,0
ACMH0043Y,35.00,111.93,3
ACMH0044RH,25.00,79.95,3
ACMH0045RH,34.00,108.73,3
ACMH0045PRH,17.00,54.37,3
ACMH0044PRH,12.00,45.76,3
ACMH0043PY,26.00,83.15,3
ACMH0038PY,13.00,49.57,3
ACMH0040PY,13.00,49.57,3
ACMH0042PY,13.00,49.57,0
SETCB003,90.00,243.54,0
SETCB001,90.00,243.54,3
AE4026RH,35.00,111.93,3
AE4656RH,29.00,92.74,3
AC130412RH,12.00,45.76,0
AC130426RH,13.00,49.57,3
AC130411RH,18.00,57.56,3
AE2579RH,30.00,95.94,3
AC130538BORH,18.00,57.56,3
AC130533RH,14.00,53.38,0
AC130523RH,16.00,61.01,3
AC130711RH,17.00,54.37,3
AC130577RH,14.00,53.38,3
AC141773RH,17.00,54.37,0
AC130553BORH,12.00,45.76,0
AE3538RH,24.00,76.75,3
AE4721RH,20.00,63.96,3
AC130547RH,12.00,45.76,0
AE4284RH,14.00,53.38,0
AE3932RH,20.00,63.96,0
AE3136-NRH,12.00,45.76,0
AE4404RH,38.00,121.52,0
AE2206RH,24.00,76.75,0
AE3931RH,30.00,95.94,0
ACMH0243RH,16.00,61.01,3
ACMH0247BORH,18.00,57.56,3
ACMH0246RH,17.00,54.37,3
AC130532BORH,13.00,49.57,3
AC130783RH,17.00,54.37,3
ACMH0245BORH,14.00,53.38,0
ACMH0495RH,17.00,54.37,3
AE270RH,25.00,79.95,3
AE5831CRH,23.00,73.55,3
AC130529BORH,17.00,54.37,0
A001-36105RH,22.00,70.36,0
AE2206BRH,24.00,76.75,3
SETC004,25.00,79.95,3
SETC005,25.00,79.95,3
SETC008,34.00,108.73,3
SETC009,25.00,79.95,3
SETC010,25.00,79.95,3
KC008,17.00,54.37,3
KC009,17.00,54.37,3
KC0010,17.00,54.37,3
KC0011,17.00,54.37,3
KC0012,17.00,54.37,3
KC0013,17.00,54.37,3
KC0018,17.00,54.37,0
KC0019,17.00,54.37,3
KC0026,17.00,54.37,0
KC0028,17.00,54.37,3
KC0030,17.00,54.37,3
PE8358RH,24.00,76.75,3
AC130625RH,20.00,63.96,0
AC131171BKRH,26.00,83.15,0
AE2580RH,30.00,95.94,3
AE3009-NRH,12.00,45.76,0
AC130709RH,17.00,54.37,0
AC145440BORH,28.00,89.54,3
AC141645Y,22.00,70.36,3
AC141646RH,18.00,57.56,3
AC141646Y,13.00,49.57,0
AE4298RH,24.00,76.75,0
AC141647RH,24.00,76.75,0
AC141651Y,14.00,53.38,0
CEL095KR,17.00,54.37,0
CEL097KR,16.00,61.01,3
CEL093KR,17.00,54.37,0
CEL093KY,17.00,54.37,3
CEL094KY,17.00,54.37,0
CEL098KR,25.00,79.95,3
CEL098KY,26.00,83.15,3
CEL099KR,23.00,73.55,3
CEL099KY,23.00,73.55,3
CEL096KR,22.00,70.36,0
CEL096KY,22.00,70.36,0
CEL097KY,16.00,61.01,3
CEL095KY,23.00,73.55,3
DRQS001,64.00,188.93,0
DRQS004,64.00,188.93,0
DRQS005,36.00,115.13,0
BU-1,156.00,383.76,3
BU-3,316.00,699.62,3
BU-4P,340.00,710.94,0
BU-4L,331.00,692.12,0
BU-4W,337.00,704.67,0
GR-4,211.00,467.15,0
AS2707,37.00,118.33,3
AS2708,38.00,121.52,3
AS2709,58.00,171.22,0
AS2710,88.00,238.13,0
AS2711,82.00,221.89,3
AS2712,100.00,270.60,3
PHM0029E14K,458.00,957.68,0
PHM0029P14K,242.00,535.79,0
PUM0031E14K,333.00,696.30,3
PUM0031P14K,134.00,329.64,0
PUM0035E14K,420.00,878.22,0
PUM0035P14K,228.00,504.79,3
PHM0020E14K,274.00,606.64,0
PHM0020P14K,226.00,500.36,0
SGE0546E14K,540.00,1129.14,0
SGE0547E14K,494.00,1032.95,3
AZP0445P14K,174.00,385.24,0
AZP0358P14K,327.00,683.76,3
AZP0447P14K,330.00,690.03,0
K0355P14K,215.00,476.01,0
K0359P14K,147.00,361.62,0
AZP0463PM14K,274.00,606.64,3
AZP0463PK14K,188.00,416.23,3
AZP0463PA14K,218.00,482.65,3
V0449E14K,385.00,805.03,3
V0524E14K,388.00,811.31,3
V0366E14K,420.00,878.22,3
V0610E14K,329.00,687.94,3
YRE0035E14K,230.00,509.22,0
SGK0099E14K,444.00,928.40,3
V0402E14K,374.00,782.03,3
A0046E14K,420.00,878.22,3
KCE0016E14K,508.00,1062.23,3
A0821E14K+WP,366.00,765.31,0
KCE0042E14K,454.00,949.31,0
SGK0540E14K,314.00,695.20,0
SGK0279E14KW,418.00,874.04,0
SGE0451E14K,329.00,687.94,0
KMRT0013E14K,325.00,719.55,0
KMRT0005E14K,274.00,606.64,0
KCE0285E14K,443.00,926.31,0
KMRT0011EW+SG14K,777.00,1576.92,3
KMRT0008E14K,943.00,1913.82,3
V0549E14K,449.00,938.86,3
V0425EG14K,426.00,890.77,3
V0373G14K,329.00,687.94,0
V0389E14K,348.00,727.67,3
SGE0129E14K,360.00,752.76,0
PAR0319E14K,464.00,970.22,0
FK0693E14K,263.00,582.28,0
SP-2521S,26.00,83.15,0
FAK032RH,40.00,127.92,0
NRC009,56.00,165.31,3
A001-41511RH,14.00,53.38,0
LTN-0052BR,25.00,79.95,0
LTN-0053BY,25.00,79.95,3
LTN-0054BR,35.00,111.93,0
AH1733BRH,34.00,108.73,3
AH1733BY,31.00,99.14,3
AH1734NRH,47.00,138.74,0
AH1734NY,47.00,138.74,3
HP0008,48.00,141.70,3
BREL-1,90.00,243.54,0
BREL-2OX,74.00,218.45,0
SM-5R,136.00,334.56,0
SM-6,222.00,491.51,0
SM-7,238.00,526.93,3
SM-8,209.00,462.73,3
SM-9,103.00,278.72,0
ŁYŻ-20,58.00,171.22,3
LTN-0051BR,26.00,83.15,3
LTN-0051BR,26.00,83.15,3
LTN-0055BR,28.00,89.54,3
KB-454A,36.00,115.13,0
AS2706,48.00,141.70,3
NRC010,47.00,138.74,3
BRC010,35.00,111.93,3
KRC001W9MM,30.00,95.94,3
ŁYŻ-6,164.00,363.10,0
ŁYŻ-7,150.00,369.00,0
ŁYŻ-8,103.00,278.72,0
ŁYŻ-10,181.00,400.73,0
ŁYŻ-11D,218.00,482.65,3
ŁYŻ-13,114.00,308.48,0
ŁYŻ-14,224.00,495.94,0
ŁYŻ-15,97.00,262.48,0
ŁYŻ-17,178.00,394.09,0
CEL100BY,17.00,54.37,3
NRC011,56.00,165.31,3
BRC011,55.00,162.36,3
ALCN239G8K,192.00,425.09,0
ALC2010KG14K,298.00,659.77,0
ALCK191G14K,197.00,436.16,0
CELK10G14K,295.00,653.13,3
CELK17G14K,255.00,564.57,0
ALCN240G14K,329.00,687.94,0
ALCB230G14K,240.00,531.36,0
ALCN230G14K,415.00,867.76,3
ALCN172G14K,334.00,698.39,0
ALLINK0001YBM,24.00,76.75,0
ALLINK0002YNDG,38.00,121.52,0
ALLINK0002YBDG,25.00,79.95,3
ALLINK0003YNG,38.00,121.52,3
ALLINK0003YBG,25.00,79.95,3
ALLINK0004YNR,38.00,121.52,3
ALLINK0004YBR,24.00,76.75,3
ALLINK0005YNS,38.00,121.52,3
ALLINK0005YBS,25.00,79.95,0
ALCK209G8K,151.00,371.46,3
AZP0383P14K,345.00,721.39,0
VSP0393P14K,455.00,951.40,3
ALCB240G8K,101.00,273.31,0
CELK19G8KP,154.00,378.84,0
ALCK191G8KP,148.00,364.08,0
CELK15G8KP,174.00,385.24,0
ALCK209G8KP,143.00,351.78,0
CPP/015/M/08,162.00,398.52,0
M/0596,230.00,509.22,0
CRAL0141S,43.00,126.94,3
CRAL0142SD,46.00,135.79,0
CRAL0198S,24.00,76.75,0
CRAL0199S,25.00,79.95,0
CRAL0202S,48.00,141.70,3
CRAL0203S,29.00,92.74,3
CRAL0204S,40.00,127.92,0
CRAL0205S,24.00,76.75,0
CRAL0206S,29.00,92.74,0
CRAL0207S,26.00,83.15,0
CRAL0208S,43.00,126.94,3
CRAL0209S,40.00,127.92,3
CRAL0211S,19.00,60.76,0
CRAL0212S,28.00,89.54,3
CRAL0214S,17.00,54.37,3
CRAL0215S,42.00,123.98,0
CRAL0219S,20.00,63.96,0
CRAL0220S,25.00,79.95,0
CRAL0221S,28.00,89.54,3
CRAL0222S,18.00,57.56,0
CRAL0223S,24.00,76.75,0
CRAL0224S,16.00,61.01,0
CRAL0225S,52.00,153.50,3
CRAL0226S,49.00,144.65,0
CRAL0227S,56.00,165.31,0
CRAL0228S,40.00,127.92,3
CRAL0229S,36.00,115.13,3
CRAL0230S,19.00,60.76,0
CRAL0231S,24.00,76.75,3
CRAL0233S,26.00,83.15,0
M/0928,87.00,235.42,0
M/0956,147.00,361.62,0
CPP/052/M/03,158.00,388.68,0
M/1077/IP03,240.00,531.36,3
M/0550,254.00,562.36,0
M/0971,176.00,389.66,0
M/0698,105.00,284.13,0
M/0797/IP/18,250.00,553.50,0
M/1023,174.00,385.24,0
CRAL0216S,42.00,123.98,3
CRAL0217S,42.00,123.98,3
CRAL0218S,42.00,123.98,0
CRZL16,28.00,89.54,0
CRZL17,43.00,126.94,0
CRZL18,38.00,121.52,0
CRZL20,38.00,121.52,3
CRZL21,47.00,138.74,0
CRZL22,54.00,159.41,3
M/0651,100.00,270.60,0
MB10033Y,91.00,246.25,3
SET0056,53.00,156.46,0
ALCN217G14K,325.00,719.55,0
ALC203G8K,142.00,349.32,0
ACMH0052RHZ,12.00,45.76,3
ACMH0051RHZ,12.00,45.76,3
ACMH0053RH,26.00,83.15,0
ACMH0054Z,13.00,49.57,3
ACMH0055Z,13.00,49.57,0
ACMH0057RHZ,12.00,45.76,3
ACMH0058OXZ,25.00,79.95,3
ACMH0059Z,10.00,38.13,3
ACMH0060Z,4.00,15.25,0
ACMH0061Z,4.00,15.25,0
ACMH0062Z,11.00,41.94,0
ACMH0064,13.00,49.57,3
ACMH0065RH,20.00,63.96,3
ACMH0071,22.00,70.36,0
M/0501,255.00,564.57,0
M/0951,462.00,966.04,3
M/0921/S/14K,243.00,538.00,0
LTN-0032KG,22.00,70.36,0
ALC014KRH,17.00,54.37,3
ALC014KY,12.00,45.76,0
ALNK0001P,50.00,147.60,0
ALSW0002H4MM,23.00,73.55,3
ALSW0002VL4MM,23.00,73.55,0
ALSW0002C4MM,23.00,73.55,0
ALC195NG14K,399.00,834.31,0
MMAL0129S,37.00,118.33,0
MMAL0131S,36.00,115.13,3
MMAL0132S,25.00,79.95,3
ACMH0051RH,23.00,73.55,3
ACMH0052RH,26.00,83.15,3
ACMH0054,24.00,76.75,3
ACMH0055,26.00,83.15,3
ACMH0056RH,24.00,76.75,3
ACMH0057RH,25.00,79.95,3
ACMH0059,17.00,54.37,3
ACMH0060,10.00,38.13,0
ACMH0061,10.00,38.13,0
ACMH0062,12.00,45.76,0
ACMH0063,17.00,54.37,3
ACMH0065,20.00,63.96,3
ACMH0070,17.00,54.37,3
CRAL0200S,26.00,83.15,0
CRAL0201S,36.00,115.13,0
ACMH0072,20.00,63.96,3
MMAL0066S,25.00,79.95,0
MMAL0082S,38.00,121.52,3
MMAL0084S,34.00,108.73,0
AT1515,25.00,79.95,0
MMAL0086S,38.00,121.52,3
MMAL0087S,34.00,108.73,3
MMAL0089S,34.00,108.73,3
MMAL0090S,59.00,174.17,3
MMAL0091S,35.00,111.93,0
MMAL0093S,30.00,95.94,3
AT440,30.00,95.94,3
MMAL0095S,30.00,95.94,0
MMAL0096S,40.00,127.92,3
MMAL0097S,19.00,60.76,0
MMAL0099S,28.00,89.54,0
MMAL0100S,44.00,129.89,3
MMAL0101S,25.00,79.95,0
MMAL0102S,55.00,162.36,3
MMAL0103S,31.00,99.14,0
MMAL0104S,18.00,57.56,3
AT1516,25.00,79.95,0
MMAL0106S,35.00,111.93,3
MMAL0109S,66.00,194.83,3
MMAL0110S,20.00,63.96,0
MMAL0111S,17.00,54.37,0
MMAL0112S,56.00,165.31,3
MMAL0113S,29.00,92.74,3
MMAL0134S,76.00,224.35,3
MMAL0135S,79.00,233.21,0
MMAL0138S,29.00,92.74,3
MMAL0139S,28.00,89.54,3
MMAL0140S,47.00,138.74,3
MMAL0100S+1,43.00,126.94,0
ALP0022PW,30.00,95.94,0
ALP0022EW,50.00,147.60,0
ALP0022BL,106.00,286.84,0
ALP0022BW,121.00,327.43,0
KRC002P9MM,17.00,54.37,0
KRC003R9MM,17.00,54.37,0
KRC004MK9MM,17.00,54.37,0
KRC005CH9MM,17.00,54.37,0
KRC007T9MM,30.00,95.94,3
CEL101NRH,24.00,76.75,0
CEL101NY,25.00,79.95,0
CEL101BRH,23.00,73.55,0
CEL101BY,24.00,76.75,0
CEL102BY,23.00,73.55,0
CEL102NY,24.00,76.75,0
CEL103BRH,29.00,92.74,3
CEL103BY,25.00,79.95,3
CEL103KRH,17.00,54.37,0
CEL103NY,23.00,73.55,0
CEL104BRH,25.00,79.95,3
CEL104BY,23.00,73.55,3
CEL104NY,26.00,83.15,0
CEL105BRH,24.00,76.75,3
CEL105BY,22.00,70.36,3
CEL105NY,25.00,79.95,3
CEL106BRH,24.00,76.75,3
CEL106BY,25.00,79.95,3
CEL106NRH,26.00,83.15,3
CEL106NY,25.00,79.95,3
M/0809/14K,100.00,270.60,0
CPP/004M/02/14K,165.00,365.31,0
CPP/003M/04/14K,234.00,518.08,0
CPP/175A/01/14K,84.00,227.30,0
CPP/158M/03/14K,162.00,398.52,0
CPP/052M/14/14K,168.00,371.95,0
CPP/052M/02/14K,146.00,359.16,0
CPP/053M/1014K,146.00,359.16,0
M/050314K,158.00,388.68,0
CPP/053M/1414K,149.00,366.54,0
CPP/046A/0214K,142.00,349.32,0
CPP/046M/05/14K,157.00,386.22,0
CPP/042M/12/14K,194.00,429.52,0
CPP/046M/08/14K,146.00,359.16,0
M/0831/14K,215.00,476.01,0
CPP/147A/01/14K,230.00,509.22,0
CPP/147M/01/14K,186.00,411.80,0
CPP/147M/0814K,173.00,383.02,0
CPP/094M/14/14K,240.00,531.36,0
CPP/188A/0214K,168.00,371.95,0
CPP/148/14K,145.00,356.70,0
QS0737RH+Y,49.00,144.65,0
QS0786RHAQ,34.00,108.73,0
QS0887RH,41.00,121.03,0
QS0094RH,14.00,53.38,0
QS0603YW,34.00,108.73,3
QS0652RHW,30.00,95.94,0
QS0666RHW+A,30.00,95.94,0
QS0672RHW+P,28.00,89.54,0
QS0722RHW,64.00,188.93,3
QS0739G,31.00,99.14,3
QS0611Y,14.00,53.38,3
QS0919RHW,29.00,92.74,0
QS0953YW,25.00,79.95,0
QS0964RH+YW,43.00,126.94,3
MP10355RH,38.00,121.52,0
QS0522RHW,48.00,141.70,0
QS0292RH,24.00,76.75,3
QS0008RH,42.00,123.98,0
QS0077RH,43.00,126.94,0
QS0087RH,35.00,111.93,3
QS0092RH,47.00,138.74,0
QS0693RHW,52.00,153.50,0
QS0725RHW,29.00,92.74,0
QS0862RH,24.00,76.75,3
QS0864RH,30.00,95.94,3
QS0909RHW,37.00,118.33,0
QS0947RHWS,37.00,118.33,0
LTN-0042NY,62.00,183.02,3
LTN-0042NRH,62.00,183.02,3
LTN-0042BY,37.00,118.33,3
LTN-0042BR,37.00,118.33,0
MMAL0083S,19.00,60.76,0
MMAL0107S,28.00,89.54,3
MMAL0108S,34.00,108.73,0
HS-0954NRH,448.00,936.77,3
HS-0954BRH,193.00,427.30,3
GS140,48.00,141.70,0
SET-979PRH,24.00,76.75,3
SET-979ERH,42.00,123.98,3
SET-978ERH,48.00,141.70,3
SET-977ERH,79.00,233.21,3
SET-976PRH,30.00,95.94,3
SET-976ERH,55.00,162.36,3
SET-975PRH,22.00,70.36,3
SET-975ERH,44.00,129.89,3
SET-973PRH,23.00,73.55,3
SET-973ERH,43.00,126.94,3
SET-971ERH,40.00,127.92,3
SET-970ERH,34.00,108.73,3
SET-969ERH,34.00,108.73,0
SET-968ERH,41.00,121.03,3
SET-966ERH,37.00,118.33,3
SET-965PRH,22.00,70.36,3
SET-965ERH,44.00,129.89,3
SET-972ERH,53.00,156.46,3
HS-0985ERH,36.00,115.13,3
HS-0984ERH,38.00,121.52,0
SET-972PRH,29.00,92.74,3
HS-0970ERH,28.00,89.54,3
HS-0963ERH,43.00,126.94,0
HS-0960ERH,34.00,108.73,3
HS-0954ERH,43.00,126.94,3
HS-0978ERH,53.00,156.46,3
HS-0975ERH,40.00,127.92,3
HS-09755ERH,54.00,159.41,3
HS-0974ERH,40.00,127.92,3
HS-0971ERH,53.00,156.46,3
HS-0961ERH,65.00,191.88,3
HS-0951ERH,60.00,177.12,3
HS-0950ERH,35.00,111.93,3
SET-978PRH,25.00,79.95,3
SET-977PRH,23.00,73.55,3
SET-971PRH,20.00,63.96,3
SET-969PRH,17.00,54.37,3
SET-968PRH,20.00,63.96,3
SET-966PRH,22.00,70.36,3
HS-0985PRH,29.00,92.74,3
HS-0984PRH,31.00,99.14,3
HS-0970PRH,20.00,63.96,3
HS-0963PRH,47.00,138.74,3
HS-0960PRH,23.00,73.55,3
HS-0954PRH,28.00,89.54,3
HS-0978PRH,31.00,99.14,3
HS-0975PRH,47.00,138.74,3
HS-09755PRH,68.00,200.74,3
HS-0974PRH,47.00,138.74,3
HS-0971PRH,36.00,115.13,3
HS-0961PRH,38.00,121.52,3
HS-0951PRH,42.00,123.98,3
HS-0950PRH,38.00,121.52,3
HS-0837PRH,20.00,63.96,0
HS-0836PRH,25.00,79.95,3
HS-0835PRH,26.00,83.15,0
HS-0834PRH,25.00,79.95,0
HS-0833PRH,24.00,76.75,3
M/0921/14K,410.00,857.31,3
SY020,35.00,111.93,3
SY013,47.00,138.74,0
SY004,34.00,108.73,3
SY017,44.00,129.89,0
SY018,40.00,127.92,0
SY031,41.00,121.03,0
DZ043,29.00,92.74,0
FL060-5,54.00,159.41,3
GS017-1,34.00,108.73,3
GS017-2,35.00,111.93,3
GS018,40.00,127.92,0
GS026,41.00,121.03,0
GS027,29.00,92.74,3
GS029,40.00,127.92,0
GS030,49.00,144.65,0
GS031-3,47.00,138.74,0
GS032-2,34.00,108.73,3
GS033,31.00,99.14,0
GS038,55.00,162.36,3
GS040-2,44.00,129.89,0
GS089,43.00,126.94,0
GS041,41.00,121.03,0
GS066,38.00,121.52,0
GS071RH,30.00,95.94,0
XL001,181.00,400.73,3
CELSS001BRH,23.00,73.55,3
CELSS002NRH,31.00,99.14,3
CELSS005BRH,23.00,73.55,0
ALKJ0001E,73.00,215.50,0
ALKJ0001P,52.00,153.50,0
ALKJ0001B,122.00,300.12,0
GS067RH,37.00,118.33,0
GS067YG,44.00,129.89,0
GS068YG,40.00,127.92,0
GS073RH,56.00,165.31,0
GS075YG,42.00,123.98,0
GS075RH,43.00,126.94,0
ALKJ0002P,52.00,153.50,0
ALKJ0003E,60.00,177.12,0
ALKJ0003B,133.00,327.18,0
ALKJ0004B,124.00,305.04,0
ALCYR0003PRH,11.00,41.94,3
ALKLIPS001S,85.00,230.01,0
ALK001SS7MM,20.00,63.96,0
ALK001SS8MM,23.00,73.55,0
GS034-1,34.00,108.73,3
SETC011,29.00,92.74,0
SETC012,35.00,111.93,3
SETC013,35.00,111.93,3
SETC014,31.00,99.14,0
SETC015,31.00,99.14,0
SETC016,31.00,99.14,3
SETC018,31.00,99.14,0
SETC019,31.00,99.14,3
SETEP020,25.00,79.95,0
SET001B,16.00,61.01,0
SET001P,17.00,54.37,3
SET001Y,16.00,61.01,3
SET001O,16.00,61.01,3
SET001DB,16.00,61.01,0
SET001R,13.00,49.57,0
SET001G,16.00,61.01,3
AT023S,35.00,111.93,0
AT023B,49.00,144.65,0
CELSS006BRH,44.00,129.89,3
CRAL0236S,44.00,129.89,3
SET002B,17.00,54.37,3
SET002P,17.00,54.37,0
SET002Y,16.00,61.01,0
SET002O,16.00,61.01,0
SET002G,17.00,54.37,3
SET003B,16.00,61.01,3
SET003O,16.00,61.01,3
SET003G,16.00,61.01,3
SET003Y,16.00,61.01,3
SET003P,17.00,54.37,3
SET003DB,16.00,61.01,3
SET004B,17.00,54.37,3
SET004P,17.00,54.37,3
SET004Y,17.00,54.37,3
SET004W,17.00,54.37,3
SET004O,16.00,61.01,3
SET004G,16.00,61.01,3
SET005P,17.00,54.37,3
SET005G,17.00,54.37,3
SET005O,16.00,61.01,0
ALDEM0051BO,42.00,123.98,3
ALDEM0052BY,38.00,121.52,3
ALDEM0054BB,28.00,89.54,3
ALDEM0056BB,30.00,95.94,3
ALDEM0057BG,30.00,95.94,3
ALDEM0060B,37.00,118.33,0
ALDEM0061B,22.00,70.36,0
ALDEM0062B,28.00,89.54,0
ALDEM0063B,18.00,57.56,0
ALDEM0064B,50.00,147.60,0
ALDEM0065B,49.00,144.65,0
ALDEM0066B,54.00,159.41,3
KC0032,12.00,45.76,3
KC0033,12.00,45.76,3
KC0034,12.00,45.76,3
KC0035,14.00,53.38,3
KC0036,14.00,53.38,3
KC0038,14.00,53.38,3
KC0039,14.00,53.38,3
KC0040,14.00,53.38,3
SETC020,40.00,127.92,3
SETC021,40.00,127.92,3
SETC022,40.00,127.92,3
SETMOP020,20.00,63.96,0
Z-462A,29.00,92.74,0
SP-3532A,26.00,83.15,0
ŁYŻ-4B,187.00,414.02,0
ŁYŻ-4R,146.00,359.16,0
ALCN242G8K,405.00,846.85,3
ALCB0238G8K,170.00,376.38,0
ALCB0239G8K,130.00,319.80,0
ALBEAD0108S,12.00,45.76,3
ALBEAD0109S,12.00,45.76,3
ALBEAD0112S,14.00,53.38,3
ALBEAD0117S,14.00,53.38,3
ALBEAD0118S,14.00,53.38,3
ALBEAD0119S,14.00,53.38,0
ALBEAD0120S,18.00,57.56,0
ALBEAD0121S,14.00,53.38,3
ALBEAD0124S,17.00,54.37,3
ALBEAD0125S,17.00,54.37,3
ALBEAD0126S,17.00,54.37,3
ALBEAD0127S,17.00,54.37,3
ALBEAD0128S,17.00,54.37,3
ALBEAD0129S,17.00,54.37,3
ALBEAD0130S,17.00,54.37,3
ALBEAD0131S,17.00,54.37,3
ALBEAD0132S,14.00,53.38,0
ALBEAD0133S,14.00,53.38,0
ALBEAD0134S,14.00,53.38,0
ALBEAD0135S,14.00,53.38,3
ALBEAD0136S,14.00,53.38,0
ALCYR0020PRH,24.00,76.75,3
ALCYR0021PRH,20.00,63.96,3
ALCYR0022PRH,50.00,147.60,3
ALCYR0023PRH,25.00,79.95,3
ALCYR0024PRH,31.00,99.14,3
ALCYR0025PRH,31.00,99.14,3
ALCYR0026PRH,41.00,121.03,3
ALCYR0027PRH,36.00,115.13,3
ALCYR0028PRH,38.00,121.52,3
ALCYR0031PRH,26.00,83.15,3
ALCYR0036PRH,25.00,79.95,0
ALCB231G8K,141.00,346.86,3
ALC220G8K,203.00,449.44,0
ALCB222G8K,85.00,230.01,0
ALCK222G8K,122.00,300.12,0
ALCB223G8K,134.00,329.64,3
ALCK223G8K,195.00,431.73,3
ALCN224G8K,192.00,425.09,0
ALCB224G8K,90.00,243.54,0
ALCK224G8K,218.00,482.65,3
ALCK225G8K,140.00,344.40,0
ALCB225G8K,88.00,238.13,0
ALCN225G8K,140.00,344.40,0
ALCB226G8K,87.00,235.42,0
ALCK226G8K,127.00,312.42,0
ALCB227G8K,134.00,329.64,0
ALCB235G8K,143.00,351.78,0
ALCK236G8K,99.00,267.89,0
ALCN236G8K,129.00,317.34,0
ALCN223G8K,209.00,462.73,3
ALCN222G8K,208.00,460.51,3
CEL107BRH,26.00,83.15,3
CEL107BY,30.00,95.94,3
CEL108BY,34.00,108.73,0
CEL108BRH,30.00,95.94,0
CEL107NY,24.00,76.75,3
CEL107NRH,26.00,83.15,0
CEL110NY,26.00,83.15,3
CEL110BRH,25.00,79.95,3
CEL111NY,37.00,118.33,3
CEL111BY,34.00,108.73,0
CEL112NY,25.00,79.95,3
CEL112NRH,25.00,79.95,3
CEL108NRH,38.00,121.52,0
CEL110NRH,26.00,83.15,0
CEL110BY,25.00,79.95,3
CEL111NRH,41.00,121.03,0
CEL113NY,28.00,89.54,3
CEL113NRH,28.00,89.54,3
CEL114NY,25.00,79.95,0
CEL112BRH,24.00,76.75,3
CEL112BY,22.00,70.36,3
CEL109BRH,24.00,76.75,0
CEL109NY,24.00,76.75,3
CEL109BY,24.00,76.75,3
CEL111BRH,35.00,111.93,0
CEL115NY,26.00,83.15,3
CEL115NRH,26.00,83.15,3
CEL114BRH,26.00,83.15,3
CEL114BY,26.00,83.15,3
CEL115BRH,26.00,83.15,3
CEL115BY,26.00,83.15,3
CEL113BRH,25.00,79.95,3
CEL113BY,26.00,83.15,3
CEL115KY,23.00,73.55,3
CEL115KRH,23.00,73.55,3
CEL112KY,16.00,61.01,3
CEL112KRH,16.00,61.01,3
CEL114KY,22.00,70.36,3
CEL114KRH,18.00,57.56,3
CEL109KRH,14.00,53.38,0
CEL109KY,16.00,61.01,0
CEL113KRH,24.00,76.75,3
CEL113KY,24.00,76.75,0
CEL106KY,20.00,63.96,3
CEL106KRH,20.00,63.96,3
CEL107KY,22.00,70.36,3
CEL104KRH,24.00,76.75,0
CEL105KRH,18.00,57.56,0
ALKOST0006BY,28.00,89.54,0
ALKOST0007BY,28.00,89.54,0
ALKOST0009BRH,24.00,76.75,0
SM-5B,199.00,440.59,0
AT1535,26.00,83.15,0
MMAL0142S,29.00,92.74,3
CRAL0237S,26.00,83.15,0
SPIN-5,121.00,327.43,0
ALCYR0019PRH,14.00,53.38,3
ALCYR0019ERH,23.00,73.55,0
ALCYR0029PRH,34.00,108.73,3
ALCYR0032PRH,18.00,57.56,3
ALCYR0034PRH,20.00,63.96,0
ALDEM0068BN,28.00,89.54,3
CEL116BRH,20.00,63.96,0
CEL116BY,20.00,63.96,0
CEL117NRH,26.00,83.15,0
CEL117NY,26.00,83.15,0
CEL117BRH,20.00,63.96,0
CEL117BY,20.00,63.96,3
CEL118NY,26.00,83.15,0
CEL118BRH,20.00,63.96,0
CEL118BY,20.00,63.96,0
CEL119NY,26.00,83.15,0
CEL119BRH,20.00,63.96,3
CEL119BY,20.00,63.96,3
CEL120NY,26.00,83.15,0
CEL120BRH,20.00,63.96,3
CEL120BY,20.00,63.96,3
CEL125BY,20.00,63.96,0
CEL121BY,20.00,63.96,0
CEL122NRH,26.00,83.15,0
CEL122NY,26.00,83.15,0
CEL122BY,20.00,63.96,3
CEL123NY,26.00,83.15,0
CEL123BRH,20.00,63.96,0
CEL148NY,26.00,83.15,0
CEL124BY,20.00,63.96,0
CEL124BRH,20.00,63.96,0
CEL126NY,26.00,83.15,0
CEL127BY,20.00,63.96,0
CEL128BY,20.00,63.96,0
CEL129NY,26.00,83.15,0
CEL129BY,20.00,63.96,0
CEL130BRH,18.00,57.56,0
CEL131BY,20.00,63.96,0
CEL132NY,26.00,83.15,0
CEL132BRH,18.00,57.56,0
CEL133BY,20.00,63.96,0
CEL134BY,20.00,63.96,0
CEL135BY,20.00,63.96,0
CEL136BY,20.00,63.96,0
CEL137BY,20.00,63.96,3
CEL137BRH,20.00,63.96,0
CEL137NY,26.00,83.15,0
CEL138NRH,29.00,92.74,0
CEL138BRH,20.00,63.96,0
CEL139NY,26.00,83.15,0
CEL139BRH,20.00,63.96,3
CEL140NRH,29.00,92.74,0
CEL140BRH,20.00,63.96,0
CEL141BY,20.00,63.96,0
CEL141NY,26.00,83.15,0
CEL142BRH,20.00,63.96,0
CEL143NY,53.00,156.46,0
CEL143BRH,20.00,63.96,0
CEL144BY,20.00,63.96,0
CEL146NY,26.00,83.15,0
CEL147BY,20.00,63.96,0
CEL160BRH,20.00,63.96,0
CEL150BY,20.00,63.96,0
CEL151BY,20.00,63.96,0
CEL151NY,26.00,83.15,0
CEL153BY,20.00,63.96,0
CEL154NY,26.00,83.15,0
CEL154BY,20.00,63.96,0
CEL156BY,20.00,63.96,0
LU033,13.00,49.57,0
ALS0308RH,24.00,76.75,0
ALMS011Y,25.00,79.95,0
LU034,10.00,38.13,0
ALDEM0069BN,26.00,83.15,0
ALSD0001N,14.00,53.38,0
ALSD0002N,18.00,57.56,3
ALSD0003N,16.00,61.01,3
MMAL0143S,61.00,180.07,0
MMAL0144S,47.00,138.74,0
ALCN227G8K,216.00,478.22,0
ALCN235G8K,321.00,710.69,0
ALCN248G8K,265.00,586.71,0
ALCN227G14K,361.00,754.85,0
CEL114KG14K,277.00,613.28,0
CEL115KG14K,329.00,687.94,0
CEL108NG14K,366.00,765.31,0
CEL111NG14K,414.00,865.67,0
ALCN245G8K,231.00,511.43,0
ALCB245G8K,246.00,544.64,0
ALCN0239G14K,384.00,802.94,0
ALCB0239G14K,374.00,782.03,0
ALC249NG14K,442.00,924.22,0
ALCB227G14K,261.00,577.85,0
CEL103NG14K,278.00,615.49,0
CEL103BG14K,177.00,391.88,0
CEL101NG14K,270.00,597.78,0
CEL101BG14K,208.00,460.51,0
CEL114NG14K,311.00,688.55,0
CEL114BG14K,208.00,460.51,0
CEL115NG14K,311.00,688.55,0
CEL115BG14K,231.00,511.43,3
CEL107NG14K,343.00,717.21,3
CEL107BG14K,231.00,511.43,0
CEL108BG14K,307.00,679.70,0
CEL111BG14K,253.00,560.14,0
CEL110NG14K,253.00,560.14,0
CEL110BG14K,177.00,391.88,0
CEL163NG14K,243.00,538.00,0
CEL164NG14K,241.00,533.57,0
CEL165BG14K,261.00,577.85,0
CEL166BG14K,309.00,684.13,0
CEL161BRH,20.00,63.96,0
ALC220NR,36.00,115.13,0
ALC220NY,36.00,115.13,3
SP-3029,61.00,180.07,3
SP-3030,55.00,162.36,3
KC0041,12.00,45.76,3
KCP0041,7.00,26.69,3
ALSS0009NS,48.00,141.70,0
BU-4,324.00,717.34,0
BU-2,130.00,319.80,0
E37132RHW+R,29.00,92.74,0
E37132YW+A,22.00,70.36,0
E37132YW+P,23.00,73.55,0
E37132YP,23.00,73.55,0
E37132YW+R,35.00,111.93,0
ORCUIN,71.00,209.59,3
GM0P102025,66.00,194.83,3
RMT8L00CUIN,58.00,171.22,0
VDMTSLKR,67.00,197.78,0
RMT8L00BRTNF27,49.00,144.65,3
RMT8L00BRTN22,43.00,126.94,0
RMT8L00BRTNE4,42.00,123.98,0
CEL167BG14K,178.00,394.09,0
CEL168BG14K,162.00,398.52,0
CEL167BG8K,130.00,319.80,0
CEL168BG8K,87.00,235.42,0
CEL169BG14K,208.00,460.51,0
CEL169BG8K,78.00,230.26,0
R-0537,38.00,121.52,3
R009,30.04,96.07,0
CEL167NG14K,329.00,687.94,0
CEL169NG14K,311.00,688.55,0
CEL171NG14K,279.00,617.71,0
CEL171BG14K,178.00,394.09,0
CEL172BG14K,174.00,385.24,0
CEL168NG8K,130.00,319.80,0
CEL169NG8K,128.00,314.88,0
CEL170NG8K,123.00,302.58,0
CEL170BG8K,87.00,235.42,0
CEL171NG8K,130.00,319.80,0
CEL171BG8K,81.00,239.11,0
CEL172NG8K,129.00,317.34,0
CEL172BG8K,79.00,233.21,0
CEL173BG8K,76.00,224.35,0
ALCN154G14K,355.00,742.30,0
KB-461-2,48.00,141.70,0
HP-0275ERH-2,43.00,126.94,3
ALCB240G14K,157.00,386.22,0
PCS-1275A,40.00,127.92,3
SCE-1277,89.00,240.83,3
SCY-1277,61.00,180.07,3
CEL052NR,34.00,108.73,3
QS0918RH+Y,76.00,224.35,3
FAK047RH,18.00,57.56,0
SL002,57.90,170.92,0
SL002,84.00,227.30,0
FAK046,20.00,63.96,0
452E3320,30.00,95.94,3
P3320,17.00,54.37,3
452E3411,35.00,111.93,3
P3411,17.00,54.37,3
P4025,34.00,108.73,3
P6009,10.00,38.13,3
P3430,16.00,61.01,3
452E3430,34.00,108.73,3
463E4025,58.00,171.22,3
ALCL001BRH,101.00,273.31,0
ALCL002NRH,173.00,383.02,0
ALCL002BRH,103.00,278.72,0
ALCL001NRH,173.00,383.02,0
ALCL003NRH,210.00,464.94,0
ALCL003BRH,113.00,305.78,0
ALCL004BRH,127.00,312.42,0
ALCL004NRH,266.00,588.92,3
ALCL005NRH,216.00,478.22,0
ALCL005KRH,127.00,312.42,3
ALCL007BRH,143.00,351.78,0
ALCL007NRH,194.00,429.52,0
LTE-0014W,40.00,127.92,3
LTE-0028W,42.00,123.98,3
LTE-0018W,47.00,138.74,3
LTE-0019W,28.00,89.54,0
LTE-0022W,34.00,108.73,0
LTE-0039W,37.00,118.33,3
LTE-0010R,42.00,123.98,0
LTE-0012R,37.00,118.33,0
LTE-0008R,38.00,121.52,3
LTE-0035S,38.00,121.52,3
LTE-0034S,42.00,123.98,3
LTE-0009S,40.00,127.92,0
LTE-0015R,41.00,121.03,3
LTE-0044R,38.00,121.52,3
LTE-0047R,40.00,127.92,3
LTE-0005S,42.00,123.98,3
LTE-0037W,41.00,121.03,0
LTE-0023S,42.00,123.98,0
LTE-0002R,38.00,121.52,3
LTE-0011R,29.00,92.74,0
ALCB248G8K,215.00,476.01,0
ALCN0238G8K,217.00,480.44,0
CEL164NG8K,130.00,319.80,0
CEL163NG8K,118.00,319.31,0
CEL103NG8K,140.00,344.40,0
ALCN0239G8K,188.00,416.23,0
CEL108NG8K,215.00,476.01,0
CEL165BG8K,108.00,292.25,0
CEL108BG8K,161.00,396.06,0
CEL107BG8K,85.00,230.01,0
CEL110BG8K,87.00,235.42,0
MT10052K,20.00,63.96,0
MT10046K,16.00,61.01,0
MT10046P,16.00,61.01,3
MT10059K,17.00,54.37,0
MT10059P,11.00,41.94,3
CEL110KY,18.00,57.56,0
MT10052P,23.00,73.55,0
FAB048RH,22.00,70.36,0
FAN048RH,34.00,108.73,0
MT10052B1,43.00,126.94,3
ALBEADS0108,26.00,83.15,3
ALBEADS0109,26.00,83.15,3
ALBEADS0110,34.00,108.73,0
ALBEADS0111,44.00,129.89,0
ALBEADS0112,31.00,99.14,0
ALBEADS0113,26.00,83.15,0
ALBEADS0115,14.00,53.38,3
ALBEADS0116,28.00,89.54,3
MT10046B1,43.00,126.94,3
MT10059B1,43.00,126.94,3
CELSS009BRH,37.00,118.33,0
M-064,35.00,111.93,0
M-062,64.00,188.93,3
M-061,70.00,206.64,0
ROS0103M61,120.00,324.72,0
CR0001KR,24.00,76.75,0
CR0002,29.00,92.74,0
CR0003KR,17.00,54.37,0
CR0004BR,25.00,79.95,0
CR0005BR,25.00,79.95,0
CR0006BR,25.00,79.95,3
CR0007BR,25.00,79.95,3
CR0008BR,26.00,83.15,3
CR0010BR,25.00,79.95,0
CR0011BR,25.00,79.95,0
CR0012BR,20.00,63.96,0
CR0013BR,22.00,70.36,0
CR0014BR,23.00,73.55,3
CR0015BR,22.00,70.36,0
CR0016BR,20.00,63.96,0
LTN-0035NG,65.00,191.88,3
LTE-0011R  X,35.00,111.93,3
KRW0003Y,34.00,108.73,3
KRW0004Y,25.00,79.95,3
KRW0002Y X,35.00,111.93,3
KRW0006Y,29.00,92.74,3
KRW0005Y,38.00,121.52,3
KRW0008Y,29.00,92.74,3
LTN-0035NRH,42.00,123.98,3
LTN-0035BRH,24.00,76.75,0
LTN-0035KRH,26.00,83.15,0
ALCYR0020KRH,28.00,89.54,3
ALCYR0020ZRH,10.00,38.13,3
PCS-1275B,40.00,127.92,0
497-B,144.00,354.24,0
497-KSB,80.00,236.16,0
497-ZB,30.00,95.94,3
508-B,145.00,356.70,0
508-KSB,58.00,171.22,3
508-ZB,25.00,79.95,0
496-BG,200.00,442.80,3
496-KSBG,73.00,215.50,0
496-ZBG,86.00,232.72,3
496-B,190.00,420.66,3
496-KSB,66.00,194.83,0
496-ZB,77.00,227.30,3
501-KSB,82.00,221.89,0
489-B,167.00,369.74,0
489-KSB,58.00,171.22,0
489-ZB,20.00,63.96,0
509-B,218.00,482.65,3
509-KSB,61.00,180.07,3
509-ZB,54.00,159.41,3
493-B,120.00,324.72,0
493-KSB,58.00,171.22,3
493-ZB,64.00,188.93,3
503-B,155.00,381.30,0
503-KSB,41.00,121.03,0
492-KSB,70.00,206.64,0
505-B,164.00,363.10,0
505-KSB,70.00,206.64,0
505-ZB,66.00,194.83,0
SCE-843B,89.00,240.83,3
ALDEM0070KRH,31.00,99.14,0
ALDEM0071KRH,34.00,108.73,0
KRW0007Y X,24.00,76.75,0
ALDEM0073KRH,28.00,89.54,0
ALDEM0074KRH,18.00,57.56,0
ALDEM0075KRH,29.00,92.74,0
ALDEM0076KRH,35.00,111.93,0
ALCYRK0004PRH,8.00,30.50,3
0297-MVSP,30.00,95.94,3
0297-MVSE,61.00,180.07,3
0091-MVSP,23.00,73.55,3
0091-MVSE,62.00,183.02,3
4024-MVSP,18.00,57.56,3
4024-MVSE,52.00,153.50,0
4025-MVSP,20.00,63.96,3
4025-MVSE,55.00,162.36,0
4026-MVSP,17.00,54.37,0
5780WERH,37.00,118.33,3
5780DPERH,30.00,95.94,3
5780BERH,36.00,115.13,0
ALCYRK0011ERH,20.00,63.96,0
ALCYRK0012ERH,20.00,63.96,0
KJ0006ERH,64.00,188.93,3
SET-2449P,30.00,95.94,3
CEL090BY,30.00,95.94,0
ALKOST0010BRH,40.00,127.92,0
CHRZ009,155.00,381.30,0
ROS0106M63,200.00,442.80,0
AS2800,40.00,127.92,3
AS2801,28.00,89.54,3
AS2802,49.00,144.65,3
AS2803,53.00,156.46,3
ALCYRK0004ERH,23.00,73.55,3
AS2804,37.00,118.33,3
AS2805RH,62.00,183.02,3
AS2806,58.00,171.22,3
AS2807,43.00,126.94,3
AS2808,65.00,191.88,3
ALCYR0038SETRH,29.00,92.74,0
ALCYR0039SETRH,40.00,127.92,3
KJ0001SETRH,52.00,153.50,0
KJ0002SETRH,50.00,147.60,0
ALDEM0072KRH X,56.00,165.31,3
KJ0003SETRH X,56.00,165.31,3
ALCYRK0013SETRH,64.00,188.93,3
ALCYR0043SETRH,53.00,156.46,3
ALCYRK0006SETRH,55.00,162.36,3
ALCYRK0007SETRH,49.00,144.65,0
ALCYRK0008SETRH,54.00,159.41,3
ALCYRK0009SETRH,54.00,159.41,0
ALCYRK0010SETRH,54.00,159.41,3
ALCYR0041SETRH,49.00,144.65,3
ALCYR0042SETRH,40.00,127.92,3
ALZC24,73.00,215.50,3
ALZE24,41.00,121.03,0
ALZE25R,17.00,54.37,3
ALZE25B,17.00,54.37,3
ALZE25B-E,20.00,63.96,0
CEL166BG8K,164.00,363.10,0
ALC165G8K,151.00,371.46,0
XL001WY,90.00,243.54,0
ALBR005,49.00,144.65,0
ALBR006,44.00,129.89,0
ALBR007,42.00,123.98,0
ALBR008,76.00,224.35,0
KJ0005SET X,23.00,73.55,3
AE7000,12.00,45.76,3
A001262-EY,14.00,53.38,3
A001299-E,20.00,63.96,0
PE3421RH,25.00,79.95,0
PE3421Y,17.00,54.37,0
AE6661,26.00,83.15,0
AE5406RH,30.00,95.94,3
AE5406Y,29.00,92.74,3
AE5639Y,13.00,49.57,0
AE6545RH,16.00,61.01,0
AE6545Y,16.00,61.01,0
AE6996,13.00,49.57,3
AE7001,47.00,138.74,3
A001190-E,30.00,95.94,0
A001262-ERH,14.00,53.38,3
A001105-E,13.00,49.57,0
A001302-E,16.00,61.01,0
A001203-P,20.00,63.96,3
A001384-P,24.00,76.75,0
A001226-P,17.00,54.37,0
A001391-PRH,14.00,53.38,0
A001204-P X,37.00,118.33,3
A001368-P,22.00,70.36,3
A001370-P,26.00,83.15,3
A001242-P,29.00,92.74,0
A001238-P X,23.00,73.55,3
A001311-P,17.00,54.37,0
A001299-P X,18.00,57.56,3
A001383-P,19.00,60.76,0
A001197-P,14.00,53.38,0
A001256-P X,28.00,89.54,0
A001236-P X,17.00,54.37,0
A001251-P,18.00,57.56,3
A001255-P,28.00,89.54,3
A001265-P,30.00,95.94,3
A001270-P,20.00,63.96,0
A001274-P,18.00,57.56,0
A001318-P,20.00,63.96,0
A001360-P,31.00,99.14,0
A001361-P,30.00,95.94,3
A001374-P,25.00,79.95,0
A001207-P,20.00,63.96,3
A001269-P,26.00,83.15,3
A001285-P,38.00,121.52,3
A001237-P X,11.00,41.94,0
AE6572,12.00,45.76,0
AE4000,28.00,89.54,0
APP037,17.00,54.37,0
AP5023RH+Y,26.00,83.15,0
PAS033,25.00,79.95,3
PAS050,34.00,108.73,0
PAS052,41.00,121.03,0
SY023,40.00,127.92,0
PAS111,36.00,115.13,0
PAS174,26.00,83.15,0
PAS184,36.00,115.13,0
PAS216,38.00,121.52,0
PAS219,37.00,118.33,0
PAS305RH,28.00,89.54,0
PAS308,30.00,95.94,0
PAS327,43.00,126.94,0
A001339-P,24.00,76.75,0
ALCYR0047ERH,16.00,61.01,0
ALCYR0048ERH X,35.00,111.93,0
ALCYR0051ERH,30.00,95.94,0
ALCYR0052ERH,23.00,73.55,0
ALCYR0054ERH,42.00,123.98,0
ALCYR0055BRH,25.00,79.95,0
ALCYR0056BY,25.00,79.95,0
ALCYR0057BRH,25.00,79.95,3
PAS007,47.00,138.74,0
PAS020,50.00,147.60,0
PAS034,53.00,156.46,0
PAS041,38.00,121.52,0
PAS079,42.00,123.98,0
PAS113,25.00,79.95,0
PAS121,40.00,127.92,0
PAS181,55.00,162.36,3
GS163,54.00,159.41,3
PAS198,28.00,89.54,0
PAS217,37.00,118.33,3
PAS243,25.00,79.95,3
PAS262,30.00,95.94,0
PAS263,44.00,129.89,3
PAS271,37.00,118.33,0
PAS283,38.00,121.52,3
PAS315,43.00,126.94,0
PAS319,41.00,121.03,0
PAS324NIE AKTYWNY,38.00,121.52,0
PAS341,40.00,127.92,0
PAS350,35.00,111.93,0
PAS367,37.00,118.33,0
PAS373,35.00,111.93,0
PAS379,35.00,111.93,3
PAS385,24.00,76.75,3
PAS397,43.00,126.94,0
PSC003,29.00,92.74,0
PAS004,49.00,144.65,3
CEL162NG8K,230.00,509.22,3
CEL177NG8K,236.00,522.50,3
CEL177BG8K,174.00,385.24,0
ALSS0030,52.00,153.50,0
ALSS0034,38.00,121.52,0
ALSS0035,67.00,197.78,3
CEL175NG8K,142.00,349.32,0
CEL175BG8K,128.00,314.88,0
CEL176NG8K,202.00,447.23,3
CEL178NG8K,149.00,366.54,0
CEL178BG8K,148.00,364.08,0
CEL179NG8K,182.00,402.95,0
CEL179BG8K,124.00,305.04,0
CEL180NG8K,170.00,376.38,0
CEL181NG8K,185.00,409.59,0
CEL176BG8K,147.00,361.62,3
CEL185BG8K,181.00,400.73,0
ALCB219G8K,149.00,366.54,3
AN7001,42.00,123.98,3
AN7002,24.00,76.75,3
AN7003,24.00,76.75,3
AN7004,24.00,76.75,3
A001363-P,66.00,194.83,3
AN1414,37.00,118.33,3
AN1359,34.00,108.73,3
AN1364,34.00,108.73,3
AN1485,34.00,108.73,3
AN1915,42.00,123.98,0
AN0023,54.00,159.41,3
AN1188,26.00,83.15,3
AN1072,31.00,99.14,0
AN1086,35.00,111.93,0
AH2554,58.00,171.22,0
AH403RH,36.00,115.13,3
AH403Y,36.00,115.13,0
PH4617RH,82.00,221.89,0
AS1856,31.00,99.14,3
AS2158,61.00,180.07,3
AS029,34.00,108.73,0
ALCYR0054ERH X,55.00,162.36,3
AS3789,62.00,183.02,3
AS3785,62.00,183.02,0
AS3776RHSET,48.00,141.70,0
A001241-E,34.00,108.73,3
A001249-E,31.00,99.14,3
A001310-E,34.00,108.73,3
A001034-E,25.00,79.95,3
AS3782 X,40.00,127.92,3
A001320-E X,35.00,111.93,3
001301-E,48.00,141.70,3
AS2068 X,71.00,209.59,0
AH072,37.00,118.33,3
AH373,66.00,194.83,0
PH2266,67.00,197.78,0
PH4118 X,55.00,162.36,3
AH2159-M,25.00,79.95,0
AH404 X,56.00,165.31,3
RIV004,13.00,49.57,3
RIV005,13.00,49.57,3
RIV006,13.00,49.57,3
RIV008,13.00,49.57,3
RIV009,13.00,49.57,0
RIV010,13.00,49.57,3
RIV011,13.00,49.57,0
ROS0108M45,62.00,183.02,0
ALP008,37.00,118.33,0
AS4250RHSET,42.00,123.98,0
AS3986,47.00,138.74,0
AS4006,52.00,153.50,3
AS1512,26.00,83.15,3
AS3970,26.00,83.15,3
AS4271,43.00,126.94,0
AS4328,36.00,115.13,0
AS118,54.00,159.41,3
AS1567,50.00,147.60,3
AS4333,36.00,115.13,3
AS4325,36.00,115.13,3
AS4266,37.00,118.33,3
AS4307,35.00,111.93,3
AS4303,35.00,111.93,0
AS4306,30.00,95.94,0
AS4300,34.00,108.73,0
AS4301,31.00,99.14,0
AS4322,34.00,108.73,3
AS4274,35.00,111.93,3
AS1804,43.00,126.94,0
PS1068,36.00,115.13,3
AS1845,20.00,63.96,3
AS1896,22.00,70.36,3
AS2291,24.00,76.75,3
AS4154,29.00,92.74,3
AH401RH,35.00,111.93,0
AS3750,60.00,177.12,3
AS3719SETRH,37.00,118.33,3
AS280,34.00,108.73,3
AS1825,36.00,115.13,3
AS3814,43.00,126.94,3
AS3955,36.00,115.13,3
AS3721SETRH,38.00,121.52,0
AS4336,36.00,115.13,3
AS2265SETRH,36.00,115.13,3
SE2456SETRH,34.00,108.73,3
AE908PRH,13.00,49.57,3
AS2267SETRH,36.00,115.13,3
AS2241SETRH,30.00,95.94,3
AS2263SETRH,34.00,108.73,3
CEL177NG14K,454.00,949.31,0
CEL176NG14K,305.00,675.27,0
CEL176BG14K,195.00,431.73,0
CEL166BNG14K,276.00,611.06,0
ALDEM0070BN,26.00,83.15,3
NB0039G14K,303.00,670.84,0
NB0035G14K,345.00,721.39,0
NB0041G14K,295.00,653.13,0
ERG0862G14K,494.00,1032.95,3
ERG0919G14K,597.00,1248.33,0
AY0032G14K,471.00,984.86,0
JKP0016G14K,872.00,1769.72,0
JKP0013G14K,733.00,1487.62,0
JKP0010G14K,799.00,1621.57,3
JKP0023G14K,803.00,1629.69,3
N0183G14K,257.00,569.00,0
N0002G14K,328.00,685.85,0
N0205G14K,230.00,509.22,0
N0175G14K,250.00,553.50,0
N0178G14K,233.00,515.86,0
PZE0548G14K,571.00,1193.96,0
PZE0521G14K,505.00,1055.95,0
PZE0558G14K,449.00,938.86,0
PZE0551G14K,383.00,800.85,0
PZE0538G14K,528.00,1104.05,0
PZE0534G14K,504.00,1053.86,0
PZE0113G14K,363.00,759.03,0
PZE0305G14K,383.00,800.85,0
PZE0271G14K,395.00,825.94,0
PZE0272G14K,476.00,995.32,3
PZE0014G14K,560.00,1170.96,3
PZE0299G14K,278.00,615.49,0
PZE0274G14K,281.00,622.13,3
PZE0123G14K,277.00,613.28,0
PZE0559G14K,295.00,653.13,0
PZE0560G14K,508.00,1062.23,0
PZE0290G14K,220.00,487.08,0
PZE0554G14K,569.00,1189.78,0
PZE0517G14K,508.00,1062.23,3
KLY0944G14K,458.00,957.68,0
KLY1126G14K,166.00,367.52,0
KLY0011G14K,310.00,686.34,0
PUN0022G14K,957.00,1942.23,3
PUN0057G14K,963.00,1954.41,3
PUN0399G14K,706.00,1432.83,0
PUN0309G14K,958.00,1944.26,0
KLY0854G14K,301.00,666.41,0
PAP0300G14K,172.00,380.81,0
PAP0271G14K,395.00,825.94,0
KLY1051G14K,277.00,613.28,3
PAP0223G14K,316.00,699.62,3
PUP0098G14K,253.00,560.14,0
KLY1212G14K,334.00,698.39,0
PAP0531G14K,444.00,928.40,0
PUP0024PG14K,311.00,688.55,0
PUP0043PG14K,149.00,366.54,3
PUP0099G14K,136.00,334.56,0
PAP0549G14K,318.00,704.05,0
PAP0536G14K,547.00,1143.78,0
PAP0539G14K,420.00,878.22,0
PAP0526G14K,583.00,1219.05,0
PAP0131-1PG14K,306.00,677.48,0
PAP0537PG14K,475.00,993.23,3
PAP0614G14K,524.00,1095.68,3
PAP0551G14K,547.00,1143.78,0
PAP0634G14K,464.00,970.22,3
PAP0258G14K,435.00,909.58,3
AZP0424G14K,174.00,385.24,0
KLY0046G14K,266.00,588.92,0
CEL183NG8K,222.00,491.51,3
CEL184NG8K,211.00,467.15,3
PSE0133G14K,354.00,740.21,0
PSE0117G14K,274.00,606.64,0
PZE0456G14K,329.00,687.94,0
PSE0071G14K,430.00,899.13,3
PSE0089G14K,276.00,611.06,0
PZE0496G14K,305.00,675.27,3
PZE0367G14K,164.00,363.10,0
PSE0144G14K,454.00,949.31,3
PZE0492G14K,270.00,597.78,3
PZE0474G14K,155.00,381.30,0
NB0110G14K,174.00,385.24,0
HB0117G14K,178.00,394.09,0
HB0035G14K,229.00,507.01,0
HB0044G14K,270.00,597.78,3
HB0039G14K,186.00,411.80,0
HB0042G14K,169.00,374.17,0
HB0107G14K,194.00,429.52,0
HB0043G14K,169.00,374.17,0
PSE0149G14K,414.00,865.67,3
PSE0015G14K,408.00,853.13,3
PZE0486G14K,249.00,551.29,3
PZE0493G14K,195.00,431.73,0
PSE0061G14K,468.00,978.59,0
PSE0056G14K,403.00,842.67,3
PZE0412G14K,343.00,717.21,0
PZE0471G14K,208.00,460.51,0
PZE0502G14K,228.00,504.79,3
PSE0126G14K,366.00,765.31,0
PSE0001G14K,411.00,859.40,3
PSE0118G14K,329.00,687.94,0
PSE0006G14K,350.00,731.85,0
PZE0499G14K,277.00,613.28,3
PSE0010G14K,411.00,859.40,3
PSE0137G14K,435.00,909.58,3
PSE0129G14K,415.00,867.76,0
PZE0498G14K,261.00,577.85,0
PZE0443G14K,388.00,811.31,0
PSE0098G14K,382.00,798.76,0
PSE0050G14K,487.00,1018.32,3
JKP0025G14K,741.00,1503.86,3
CEL184BG8K,145.00,356.70,0
CEL183BG8K,154.00,378.84,3
CEL186BG8K,159.00,391.14,3
CEL187BG8K,97.00,262.48,0
PZE0501G14K,220.00,487.08,0
PZE0479G14K,212.00,469.37,0
PSE0102G14K,411.00,859.40,3
PZE0489G14K,226.00,500.36,3
PSE0063G14K,388.00,811.31,3
PSE0013G14K,411.00,859.40,0
PSE0096G14K,301.00,666.41,0
PSE0085G14K,316.00,699.62,3
BR3020RH,23.00,73.55,3
BR3029RH,43.00,126.94,0
BR3027RH,43.00,126.94,0
BR3026RH,31.00,99.14,0
BR3024RH,38.00,121.52,0
BR3026Y,34.00,108.73,0
BR3045Y,24.00,76.75,3
BR3050Y,25.00,79.95,0
BR3020Y,22.00,70.36,3
BR3027Y,35.00,111.93,3
BR3047Y,24.00,76.75,3
3025BY,29.00,92.74,0
BR3044Y,25.00,79.95,3
BR3022Y,26.00,83.15,3
BR3048Y,25.00,79.95,3
BR3029Y,30.00,95.94,0
BR3051Y,25.00,79.95,3
BR3046RH,24.00,76.75,3
BR3045RH,24.00,76.75,3
BR3017RH,23.00,73.55,3
3025BRH,34.00,108.73,3
BR3048RH,25.00,79.95,3
BR3044RH,24.00,76.75,0
BR3023RH,40.00,127.92,0
BR3047RH,24.00,76.75,3
BR3248RH,25.00,79.95,3
BR3052RH,28.00,89.54,0
BR3051RH,25.00,79.95,3
NC3240RH,25.00,79.95,3
3251NRH,26.00,83.15,3
NC3241RH,26.00,83.15,3
NC3250RH,23.00,73.55,0
NC3239RH,25.00,79.95,3
NC3217RH,28.00,89.54,0
NC3248RH,26.00,83.15,3
NC3222RH,24.00,76.75,3
NC3249RH,25.00,79.95,3
NC3221RH,23.00,73.55,3
NC3252RH,29.00,92.74,0
N3024RH,37.00,118.33,0
3026NRH,36.00,115.13,3
3025NRH,30.00,95.94,3
NC3121RH,24.00,76.75,0
3231RH,36.00,115.13,0
NC3220Y,30.00,95.94,3
NC3217Y,28.00,89.54,0
NC3248Y,26.00,83.15,3
3025NY,36.00,115.13,3
NC3239Y,25.00,79.95,3
3251NY,26.00,83.15,3
NC3240Y,25.00,79.95,3
NC3250Y,25.00,79.95,0
NC3221Y,23.00,73.55,3
N3024Y,37.00,118.33,3
3026NY,37.00,118.33,3
NC3238Y,25.00,79.95,0
NC3241Y,25.00,79.95,3
NC3249Y,25.00,79.95,3
NC3222Y,25.00,79.95,3
NC3252Y,26.00,83.15,0
ALBEADS0120,24.00,76.75,3
ALBEADS0122,26.00,83.15,0
ALBEADS0125,26.00,83.15,0
ALBEADS0126,26.00,83.15,3
ALBEADS0127,26.00,83.15,0
ALBEADS0129,17.00,54.37,0
ALBEADS0130,41.00,121.03,0
ALBEADS0132,43.00,126.94,3
ALBEADS0133,28.00,89.54,0
ALBEADS0134,26.00,83.15,3
PAS003,37.00,118.33,0
PAS042,36.00,115.13,0
PAS047,70.00,206.64,0
PAS060,29.00,92.74,0
PAS070,55.00,162.36,0
PAS108,40.00,127.92,0
PAS114,23.00,73.55,0
PAS122,28.00,89.54,0
PAS135,20.00,63.96,0
PAS142,25.00,79.95,0
PAS169,48.00,141.70,0
PAS179,52.00,153.50,3
PAS273,29.00,92.74,0
PAS274,28.00,89.54,0
PAS325,20.00,63.96,3
PAS331,42.00,123.98,0
PAS374,38.00,121.52,0
PAS375,47.00,138.74,0
PAS377,37.00,118.33,0
PSC002,18.00,57.56,0
PAS149,24.00,76.75,0
AN1911Y,35.00,111.93,3
AN1918Y,40.00,127.92,3
AN2230RH,28.00,89.54,3
AN2233RH,31.00,99.14,3
AN884RH,37.00,118.33,3
AN2234RH,31.00,99.14,3
AN2235RH,35.00,111.93,3
AN2231RH,34.00,108.73,3
AN2220RH,28.00,89.54,0
AN2221RH,30.00,95.94,0
AN2223RH,35.00,111.93,3
AN2232RH,34.00,108.73,3
AN2219RH,29.00,92.74,3
AN2224RH,35.00,111.93,3
AN2225RH,34.00,108.73,3
AH1868RH,24.00,76.75,0
AH1868RH,35.00,111.93,0
ALSS0033,47.00,138.74,0
ALSS0038ES,35.00,111.93,0
ALSS0039ES,31.00,99.14,0
ALSS0040ES,37.00,118.33,0
ALKJ0016NRH,30.00,95.94,0
ALKJ0017NRH,41.00,121.03,0
ALSS0042ES,18.00,57.56,0
ALSS0043ES,49.00,144.65,3
ALSS0044ES,54.00,159.41,3
BR3024Y,34.00,108.73,0
ALSS0048ES,23.00,73.55,3
ALSS0051ES,23.00,73.55,3
ALSS0052ES,20.00,63.96,0
ALSS0053ES,58.00,171.22,3
ALCYR0066ES,68.00,200.74,3
ALCYR0066PS,37.00,118.33,3
ALKJ0009ERH,60.00,177.12,0
ALKJ0009PRH,23.00,73.55,3
ALKJ0010ERH,60.00,177.12,0
ALKJ0010PRH,23.00,73.55,3
ALKJ0011PRH,23.00,73.55,0
ALKJ0009BRH,50.00,147.60,0
ALKJ0010BRH,50.00,147.60,3
ALKJ0011BRH,50.00,147.60,0
ALKJ0012ERH,37.00,118.33,0
ALKJ0012PRH,23.00,73.55,3
ALKJ0013ERH,34.00,108.73,3
ALKJ0013PRH,24.00,76.75,3
ALKJ0012BRH,50.00,147.60,0
ALKJ0013BRH,50.00,147.60,0
ALSD0015ES,55.00,162.36,3
ALKJ0015B,102.00,276.01,0
ALKJ0015E,55.00,162.36,0
ALKJ0015P,41.00,121.03,3
ALSS0045ES,23.00,73.55,3
ALSS0050ES,23.00,73.55,3
ALBEADS0137,30.00,95.94,3
ALBEADS0140,28.00,89.54,3
NC3220RH,30.00,95.94,3
MVSR-0016C,26.52,84.81,0
N0171G14K,218.00,482.65,0
HC0007G14K,398.00,832.22,0
CEL165BKG14K,222.00,491.51,0
AE8371,41.00,121.03,3
AE8372,26.00,83.15,3
ALCYR0066BS,132.00,324.72,0
MLC0004B,12.72,48.50,0
AS2624EPRRED,44.00,129.89,3
AS2624EPRBLUE,44.00,129.89,3
AS2619,48.00,141.70,3
A001254-P,37.00,118.33,0
AE7921,11.00,41.94,3
AE8373,30.00,95.94,0
AE7903,16.00,61.01,3
AE7911,13.00,49.57,3
AE7985,24.00,76.75,3
AE7421,24.00,76.75,0
AP6135,13.00,49.57,3
A001439PRH,25.00,79.95,3
AP6137,16.00,61.01,3
AP6136,18.00,57.56,3
AP6133,18.00,57.56,3
AE7962,17.00,54.37,3
AP6109,14.00,53.38,3
A001442,31.00,99.14,3
ALP011,67.00,197.78,3
ALP013,29.00,92.74,0
ALP016,82.00,221.89,0
ALP017,67.00,197.78,3
ALP019,43.00,126.94,0
ALP020,61.00,180.07,3
ALP021,54.00,159.41,0
ALP024,100.00,270.60,3
ALCYR0062PRH,22.00,70.36,0
ALCYR0064PS,17.00,54.37,3
CR825,29.00,92.74,0
ALSS0057ES,31.00,99.14,0
ALSS0058ES,31.00,99.14,0
ALSS0059ES,43.00,126.94,3
ME02432B,23.00,73.55,0
ALBAG0001ES,28.00,89.54,3
ALBAG0001PS,22.00,70.36,3
ALBAG0002ERH,35.00,111.93,3
ALBAG0002PRH,18.00,57.56,3
ALBAG0003PS,22.00,70.36,3
ALBAG0004ES,31.00,99.14,3
ALBAG0004PS,24.00,76.75,3
ALBAG0005ES,36.00,115.13,0
ALBAG0006ES,30.00,95.94,3
ALBAG0006PS,22.00,70.36,3
ALBAG0007ES,29.00,92.74,3
ALBAG0007PS,18.00,57.56,3
PEARL0003ERH,12.00,45.76,3
ALS0309,31.00,99.14,0
ALS0312,28.00,89.54,0
ALS0313,18.00,57.56,0
ALS-1202,25.00,79.95,0
ALS-928,26.00,83.15,0
ALS-929,56.00,165.31,0
ALS-931,54.00,159.41,0
ALS-932,52.00,153.50,3
ALSS0054EOX,35.00,111.93,3
ALSS0055ES,64.00,188.93,3
ALSS0056ES,35.00,111.93,0
ALS-930,18.00,57.56,3
ALSS0060ES,23.00,73.55,0
ALSS0061ES,18.00,57.56,3
ALSS0062ES,23.00,73.55,0
ALSS0063ES,31.00,99.14,0
ME02772A,25.00,79.95,0
ME02912A,23.00,73.55,0
ME02974A,16.00,61.01,0
ME03648A,24.00,76.75,0
ME03764A,20.00,63.96,0
ALCYR0067PRH,47.00,138.74,3
LE0861,36.00,115.13,0
ME00331A,42.00,123.98,0
ME03728A,36.00,115.13,3
ME02842A,34.00,108.73,0
ME04104A,41.00,121.03,3
SE03939A,37.00,118.33,0
ME01240C,41.00,121.03,0
ME02311A,29.00,92.74,3
MP05018A,25.00,79.95,3
SP00269B,22.00,70.36,3
SP03201A,22.00,70.36,3
SP03341A,23.00,73.55,3
SP03360A,23.00,73.55,0
SP03446B,20.00,63.96,0
SP03457B,24.00,76.75,3
SP03473A,18.00,57.56,3
SP03474A,22.00,70.36,3
MPD0018A,29.00,92.74,3
SP03611A,22.00,70.36,0
SP03712A,18.00,57.56,3
SP03719A,17.00,54.37,3
SPC0113A,28.00,89.54,3
SPC2547A,24.00,76.75,3
SPD0480B,23.00,73.55,0
SP03608A,22.00,70.36,3
MPA0029A,31.00,99.14,3
SP03604A,23.00,73.55,0
SP03875A,20.00,63.96,3
SP03964A,18.00,57.56,3
SPD0463A,18.00,57.56,0
MP05002A,31.00,99.14,0
MP05138A X,47.00,138.74,0
SPW0038A,37.00,118.33,0
SPD3886B,31.00,99.14,3
SPD0565A,34.00,108.73,0
PAS035,31.00,99.14,3
PAS046,30.00,95.94,0
PAS080,29.00,92.74,0
PAS118,34.00,108.73,0
PAS139A,53.00,156.46,3
PAS177,40.00,127.92,0
PAS369,43.00,126.94,0
PAS391,56.00,165.31,0
PAS051,37.00,118.33,0
BR3046Y,25.00,79.95,3
NC3275Y,26.00,83.15,3
3032BY,35.00,111.93,0
3069BY,26.00,83.15,3
2917BY,26.00,83.15,3
2928BY,42.00,123.98,3
3095NY,36.00,115.13,3
ALSS002NRH,34.00,108.73,3
2917BRH,25.00,79.95,3
3223NRH,40.00,127.92,0
3226NRH,44.00,129.89,3
3095BRH,25.00,79.95,0
3223NY,40.00,127.92,3
3225NY,31.00,99.14,0
3220BY,30.00,95.94,3
3095BY,25.00,79.95,3
3226NY,55.00,162.36,3
CEL188BG8K,126.00,309.96,3
CEL189BG8K,141.00,346.86,3
CEL190BG8K,113.00,305.78,0
CEL191BG8K,100.00,270.60,0
CEL192BG8K,112.00,303.07,0
2917NY,28.00,89.54,3
3220BRH,29.00,92.74,3
3017BY,24.00,76.75,3
3249NY,26.00,83.15,3
3248BY,28.00,89.54,3
3095NRH,36.00,115.13,3
3231NY,35.00,111.93,3
2928NRH,56.00,165.31,3
3210NY,28.00,89.54,3
3071BRH,26.00,83.15,3
3070BY,28.00,89.54,3
3209NRH,26.00,83.15,3
3071NY,26.00,83.15,3
3071BY,26.00,83.15,3
3277NY,28.00,89.54,3
3209BY,26.00,83.15,3
3210BY,28.00,89.54,3
3209NY,26.00,83.15,3
3274NY,28.00,89.54,3
3277BY,26.00,83.15,3
3071NRH,26.00,83.15,3
3210NRH,28.00,89.54,3
3274NRH,28.00,89.54,3
3277NRH,26.00,83.15,3
3210BRH,28.00,89.54,3
3209BRH,26.00,83.15,3
3070BRH,28.00,89.54,3
3277BRH,26.00,83.15,3
3274BRH,26.00,83.15,3
CHRZ013,370.00,773.67,0
CHRZ014,313.00,692.98,0
CHRZ015,170.00,376.38,3
CHRZ016,182.00,402.95,3
CHRZ017,181.00,400.73,0
CHRZ018,193.00,427.30,3
SM-11,218.00,482.65,3
SM-12,245.00,542.43,3
SM-13,222.00,491.51,3
SM-14,242.00,535.79,3
GR-8,286.00,633.20,0
GR-9,389.00,813.40,3
GR-10,220.00,487.08,3
GR-11,322.00,712.91,0
GR-12,286.00,633.20,0
GR-13,211.00,467.15,3
AE9027,28.00,89.54,3
AE9033,17.00,54.37,0
AE9032,25.00,79.95,3
AE9036,30.00,95.94,3
AE8526,30.00,95.94,0
AE8523,12.00,45.76,0
AE8518,36.00,115.13,0
AE8746,23.00,73.55,3
AP6653,18.00,57.56,3
AP6655,23.00,73.55,3
LR1511,24.00,76.75,3
CEL166NG8K,169.00,374.17,0
3070NRH,28.00,89.54,3
CEL186NG8K,210.00,464.94,0
CEL193BG8K,116.00,313.90,0
CEL193NG8K,189.00,418.45,0
CEL193KG8K,127.00,312.42,0
CEL194NG8K,192.00,425.09,0
CEL194BG8K,142.00,349.32,0
CEL195NG8K,191.00,422.87,0
CEL195BG8K,141.00,346.86,3
CEL196NG8K,203.00,449.44,0
CEL196BG8K,148.00,364.08,0
CEL197NG8K,192.00,425.09,0
CEL197BG8K,135.00,332.10,0
CEL192NG8K,192.00,425.09,3
CEL191NG8K,203.00,449.44,0
CEL189NG8K,193.00,427.30,0
CEL188NG8K,186.00,411.80,3
CEL190NG8K,131.00,322.26,0
CEL198NG8K,192.00,425.09,0
CEL198BG8K,97.00,262.48,0
CEL199NG8K,140.00,344.40,0
CEL200NG8K,158.00,388.68,0
CEL201NG8K,140.00,344.40,0
CEL202NG8K,203.00,449.44,3
CEL203NG8K,140.00,344.40,0
GR-14,389.00,813.40,3
GR-15,264.00,584.50,0
3250KRH,16.00,61.01,0
3226KRH,16.00,61.01,3
3220KRH,25.00,79.95,0
3241KRH,17.00,54.37,0
3252KRH,23.00,73.55,0
3249KRH,18.00,57.56,0
3209KRH,14.00,53.38,0
3274KRH,18.00,57.56,0
3217KRH,29.00,92.74,0
3210KRH,16.00,61.01,0
3275KRH,20.00,63.96,3
ALRZ0002BR,24.00,76.75,3
CEL16B,35.00,111.93,3
CEL17BRH,30.00,95.94,0
CEL18BRH,31.00,99.14,0
CEL19BRH,31.00,99.14,0
AP6073,71.00,209.59,0
ALBAG0005PS,23.00,73.55,3
ME02646A,42.00,123.98,0
ME03755A,24.00,76.75,3
TE6116,30.00,95.94,3
LP0151,44.00,129.89,3
TP3498,38.00,121.52,3
SP03459C,24.00,76.75,3
MPB0038A,53.00,156.46,3
MPW0080A,18.00,57.56,3
MPWZ050A,18.00,57.56,0
SPDZ610B,24.00,76.75,0
SPD0490B,20.00,63.96,0
TE5836 X,16.00,61.01,0
2917KRH,13.00,49.57,0
3275KY,18.00,57.56,3
SP04018A,34.00,108.73,0
3239KRH,17.00,54.37,0
MEW0061A,28.00,89.54,0
3241KY,17.00,54.37,0
3226KY,13.00,49.57,0
3121KY,14.00,53.38,0
3252KY,16.00,61.01,0
3210KY,16.00,61.01,0
3249KY,18.00,57.56,0
3217KY,28.00,89.54,3
3209KY,14.00,53.38,0
3251KY,17.00,54.37,0
3220KY,25.00,79.95,3
3239KY,18.00,57.56,0
3248KY,17.00,54.37,0
ALSS003,58.00,171.22,3
ALSS003K,70.00,206.64,3
MP04939A,34.00,108.73,3
SE05196C,16.00,61.01,0
GE0008,20.00,63.96,0
LE0920,18.00,57.56,0
TE5812 X+Y,23.00,73.55,3
ME02975A,31.00,99.14,0
SE05214B,24.00,76.75,0
SED0035B,47.00,138.74,0
LE0624,44.00,129.89,3
MP05071A,48.00,141.70,3
SE05121A,36.00,115.13,0
MP05214A,52.00,153.50,0
SP03122C,41.00,121.03,0
SE05578A,22.00,70.36,0
MN01086A,36.00,115.13,0
MNC0001B,30.00,95.94,0
BR00922B,31.00,99.14,0
SPH0091B,28.00,89.54,3
SPH0090A,29.00,92.74,3
SPIZ004A,62.00,183.02,0
SE02055A,47.00,138.74,3
SR05099A X,17.00,54.37,0
SEJ0066A,58.00,171.22,3
AN2625,37.00,118.33,3
SR04961A,23.00,73.55,3
ALBS002,58.00,171.22,0
ALBEADS0105,24.00,76.75,0
08411PRH,7.00,26.69,3
08411ERH,42.00,123.98,3
SET-1181E1,22.00,70.36,3
SET-1292B,31.00,99.14,3
SET-1272P,30.00,95.94,3
SET-1272E,41.00,121.03,3
SET-1272B,26.00,83.15,3
SET-1269P,35.00,111.93,3
SET-1269B,28.00,89.54,3
ALSD0016ERH,18.00,57.56,3
ALSD0017ERH,13.00,49.57,0
ALSD0018ERH,13.00,49.57,0
SET-1181E,40.00,127.92,3
SET-1269E,41.00,121.03,3
ALDEM0083KSZTRH,28.00,89.54,3
ALDEM0082KSZTRH,28.00,89.54,3
ALDEM0084KSZTRH,28.00,89.54,3
ALDEM0103KSZTRH,23.00,73.55,3
ALDEM0104KSZTRH,23.00,73.55,3
ALDEM0079KRH,35.00,111.93,0
ALDEM0078KRH,28.00,89.54,0
ALDEM0080KRH,28.00,89.54,0
ALDEM0081KRH,37.00,118.33,0
ALDEM0082KRH,37.00,118.33,3
ALDEM0083KRH,37.00,118.33,3
ALDEM0081KSZTRH,28.00,89.54,3
ALDEM0075KSZTRH,16.00,61.01,3
ALDEM0085KSZTRH,16.00,61.01,3
ALDEM0086KSZTRHR,16.00,61.01,0
ALDEM0087KSZTRH,14.00,53.38,0
ALDEM0088KSZTRHR,12.00,45.76,3
ALDEM0089KSZTRH,16.00,61.01,0
ALDEM0090KSZTRHR,16.00,61.01,3
ALDEM0091KSZTRH,16.00,61.01,3
ALDEM0093KSZTRH,16.00,61.01,3
ALDEM0094KSZTRHP,16.00,61.01,0
ALDEM0096KSZTRH,23.00,73.55,0
ALDEM0097KSZTRH,12.00,45.76,0
ALDEM0098KSZTRH,31.00,99.14,3
ALDEM0099KSZTRHR,14.00,53.38,0
ALDEM0101KRH,29.00,92.74,3
ALDEM0101KSZTRH,23.00,73.55,3
ALDEM0102KSZTRH,23.00,73.55,3
ALDEM0102KRH,29.00,92.74,3
ALDEM0103KRH,30.00,95.94,0
ALDEM0104KRH,30.00,95.94,3
ALDEM0105KRH,37.00,118.33,0
ALDEM0105KSZTRH,23.00,73.55,3
ALDEM0106KRH,29.00,92.74,3
ALDEM0106KSZTRH,23.00,73.55,3
ALDEM0107KRH,29.00,92.74,3
ALDEM0107KSZTRH,23.00,73.55,3
ALDEM0108KRH,29.00,92.74,3
ALDEM0108KSZTRH,23.00,73.55,3
ALDEM0109KRH,17.00,54.37,0
ALDEM0109KSZTRHR,12.00,45.76,3
ALDEM0110KRH,30.00,95.94,0
ALDEM0110KSZTRH,23.00,73.55,0
ALDEM0111KRH,28.00,89.54,0
ALDEM0111KSZTRH,23.00,73.55,3
ALDEM0112KSZTRH,12.00,45.76,0
ALDEM0113KRH,29.00,92.74,0
ALDEM0088KSZTRHB,12.00,45.76,0
ALDEM0086KSZTRHO,16.00,61.01,0
ALDEM0094KSZTRHY,16.00,61.01,3
ALDEM0090KSZTRHP,16.00,61.01,3
ALDEM0100KSZTRHP,16.00,61.01,0
ALDEM0099KSZTRHRB,12.00,45.76,0
ALDEM0116KSZTRH,18.00,57.56,0
ALDEM0114KSZTRH,20.00,63.96,3
ALDEM0115KSZTRH,26.00,83.15,3
ALDEM0113KSZTRH,23.00,73.55,3
ALDEM0109KSZTRHB,13.00,49.57,3
CEL205BY,26.00,83.15,0
GR-16,168.00,371.95,0
CEL208BY,26.00,83.15,0
CEL209BY,26.00,83.15,0
CEL210BY,26.00,83.15,0
CEL211BY,26.00,83.15,0
CEL212BY,26.00,83.15,0
CEL214BY,26.00,83.15,0
CEL215BY,26.00,83.15,0
CEL216BY,26.00,83.15,0
CEL217BY,26.00,83.15,0
CEL218BY,26.00,83.15,0
CEL219BY,24.00,76.75,0
CEL220BY,24.00,76.75,0
CEL221BY,24.00,76.75,0
CEL222BY,24.00,76.75,0
CEL223BY,24.00,76.75,0
CEL224BY,24.00,76.75,0
CEL225BY,24.00,76.75,0
CEL226BY,24.00,76.75,0
CEL227BY,24.00,76.75,0
CEL170NG14K,249.00,551.29,0
CEL170BG14K,167.00,369.74,0
CEL172NG14K,274.00,606.64,0
CEL184NG14K,337.00,704.67,0
PD0010,22.00,70.36,3
SEZ0043A,40.00,127.92,0
CEL228NG8K,116.00,313.90,0
CEL229NG8K,140.00,344.40,0
CEL231NG8K,269.00,595.57,0
CEL232NG8K,239.00,529.15,0
CEL232BG8K,246.00,544.64,0
CEL233KG8K,170.00,376.38,0
CEL234KG8K,130.00,319.80,3
CEL235NG8KEDYTA,244.00,540.22,0
CEL236NG8KZOSIA,252.00,557.93,3
CEL237NG8KALICJA,252.00,557.93,3
CEL238NG8KSYLWIA,252.00,557.93,3
CEL239NG8KLENA,252.00,557.93,3
CEL240NG8KPATRYCJA,252.00,557.93,3
CEL241NG8KKAMILA,252.00,557.93,3
CEL242NG8KIGA,235.00,520.29,0
CEL243NG8KAGNIESZKA,252.00,557.93,3
CEL245NG8KNATALIA,244.00,540.22,0
CEL246NG8KHANIA,252.00,557.93,3
CEL247NG8KULA,244.00,540.22,3
CEL248NG8KNINA,230.00,509.22,0
CEL249NG8KASIA,252.00,557.93,3
CEL250NG8KPAULINA,244.00,540.22,0
CEL251NG8KOLIWIA,252.00,557.93,3
CEL252NG8KKASIA,252.00,557.93,3
CEL253NG8KMAGDA,252.00,557.93,3
CEL254NG8KOLA,244.00,540.22,3
CEL255NG8KKINGA,230.00,509.22,3
CEL256NG8KWIKTORIA,252.00,557.93,3
CEL257NG8KPOLA,244.00,540.22,3
CEL258NG8KMAJA,252.00,557.93,3
CEL259NG8KHELENA,244.00,540.22,3
CEL260NG8KMARTYNA,244.00,540.22,3
CEL261NG8KANIA,252.00,557.93,3
CEL262NG8KDOROTA,235.00,520.29,0
CEL263NG8KJULIA,252.00,557.93,3
CEL264NG8KKAROLINA,252.00,557.93,3
CEL265NG8KMARIA,252.00,557.93,3
SP1512110,14.00,53.38,3
SET0100Z,34.00,108.73,3
MP01903RH+Y,38.00,121.52,3
0141-MVSP,25.00,79.95,3
0158-MVSP,29.00,92.74,3
0138-MVSP,25.00,79.95,3
0161-MVSP,35.00,111.93,3
0171-MVSP,28.00,89.54,0
0159-MVSP,20.00,63.96,0
0011-MVSP,17.00,54.37,0
0050-MVSP,20.00,63.96,0
0085-MVSP,29.00,92.74,3
0068-MVSP,20.00,63.96,0
0167-MVSP,24.00,76.75,0
0168-MVSP,31.00,99.14,0
0126-MVSP,29.00,92.74,0
0112-MVSP,23.00,73.55,0
0114-MVSP,17.00,54.37,0
SP03983B,25.00,79.95,3
HUP-023,20.00,63.96,0
NSP-0052,20.00,63.96,3
NSP-0054,20.00,63.96,3
LRDB4MMW,14.00,53.38,3
LRDB4MMA,14.00,53.38,3
LRDB4MMB,13.00,49.57,3
LRDB4MMR,14.00,53.38,3
LRDB4MMS,13.00,49.57,0
ALCYR0038PRH,29.00,92.74,0
P14928RHG,25.00,79.95,3
ALCB234RH,37.00,118.33,3
ALBS001,47.00,138.74,0
MT001,30.00,95.94,0
SET0100B,102.00,276.01,3
PAS400,23.00,73.55,0
PAS402,25.00,79.95,0
LRDB4MML,13.00,49.57,0
HB-0217,94.00,254.36,0
HB-0218,109.00,294.95,0
HB-0219,100.00,270.60,0
HB-0220,89.00,240.83,3
HB-0221,89.00,240.83,0
HB-0222,80.00,236.16,0
HB-0223,80.00,236.16,0
HB-0224,89.00,240.83,0
ALCYR0068ERH,18.00,57.56,3
ALCYR0069ERH,16.00,61.01,3
SP825RH,34.00,108.73,0
M-297,44.00,129.89,0
M-286,18.00,57.56,0
AE8524,30.00,95.94,3
SE1343910,23.00,73.55,0
SEK0007A,30.00,95.94,0
SMT-1021-B,73.00,215.50,0
SMT-1021-N,73.00,215.50,3
SMT-1021-K,37.00,118.33,0
E13285RHG,48.00,141.70,0
CEL267BY,25.00,79.95,0
CEL268BY,25.00,79.95,0
SMH-1011,52.00,153.50,3
SMH-1013,52.00,153.50,3
E13286RH,88.00,238.13,3
SMT-1022-B,73.00,215.50,0
SMT-1023-B,73.00,215.50,0
SMT-1022-N,73.00,215.50,0
SMT-1023-N,73.00,215.50,0
SMT-1021A-N,73.00,215.50,3
SMT-1021S-N,73.00,215.50,3
SMT-1021A-K,37.00,118.33,3
SMT-1021A-B,73.00,215.50,0
SMT-1021S-B,73.00,215.50,0
SMT-1023A-N,73.00,215.50,0
SMT-1023B-N,73.00,215.50,0
SMT-1023A-B,73.00,215.50,0
SMT-1023B-B,73.00,215.50,0
SMT-1023A-K,37.00,118.33,0
SMT-1022R-K,37.00,118.33,3
SMT-1022R-B,73.00,215.50,3
SMT-1022S-B,73.00,215.50,0
SMT-1022R-N,73.00,215.50,3
SMT-1022S-N,73.00,215.50,0
SMT-1021R-B,73.00,215.50,3
SMT-1021R-N,73.00,215.50,3
SMT-1021R-K,37.00,118.33,3
SMT-1021B-B,73.00,215.50,0
SMT-1021B-N,73.00,215.50,3
SMT-1021B-K,37.00,118.33,0
SMT-1026-N,90.00,243.54,3
SMT-1026-K,106.00,286.84,3
SMT-1024R-N,73.00,215.50,0
SMT-1024B-N,73.00,215.50,0
SMT-1024A-N,73.00,215.50,3
SMT-1024A-B,73.00,215.50,0
SMT-1024S-N,73.00,215.50,0
SMT-1024B-B,73.00,215.50,0
SMT-1024R-B,73.00,215.50,0
SMT-1024S-B,73.00,215.50,0
SMT-1024S-K,37.00,118.33,0
SMT-1024R-K,37.00,118.33,0
SMT-1024B-K,37.00,118.33,0
SMT-1024A-K,37.00,118.33,3
AE9028,18.00,57.56,0
AE9029,24.00,76.75,0
AE9035,16.00,61.01,0
AE9030,14.00,53.38,3
AE7844,24.00,76.75,3
AE8515,24.00,76.75,0
AE8743,14.00,53.38,3
AE8744,16.00,61.01,3
AE8750,16.00,61.01,0
AE8751,14.00,53.38,3
AE8745,13.00,49.57,0
AE8725,13.00,49.57,3
SE05220A,25.00,79.95,0
MEW0035A,49.00,144.65,3
SET0100K,47.00,138.74,0
0141-MVSE,71.00,209.59,3
0158-MVSE,76.00,224.35,3
0138-MVSE,65.00,191.88,3
0161-MVSE,76.00,224.35,3
0171-MVSE,64.00,188.93,0
0085-MVSE,86.00,232.72,3
0068-MVSE,65.00,191.88,0
0080-MVSE,70.00,206.64,0
0126-MVSE,65.00,191.88,0
0384-MVSE,78.00,230.26,0
SE03615A,35.00,111.93,3
SEK0004B,25.00,79.95,3
SEJ0001C,30.00,95.94,0
NSK-0054,43.00,126.94,3
SEJ0074A,26.00,83.15,0
SE05185A,25.00,79.95,3
SE05184A,25.00,79.95,0
SE05197A,14.00,53.38,0
ALDEM0117KRH,26.00,83.15,0
ALOPB013/14,83.00,224.60,0
AMJ-001,132.00,324.72,0
AMJ-002,163.00,360.88,0
AMJ-003,47.00,138.74,0
AMJ-004,103.00,278.72,0
AMJ-005,35.00,111.93,0
AMJ-006,157.00,386.22,3
AMJ-008,55.00,162.36,0
AMJ-011,61.00,180.07,0
AMJ-012,18.00,57.56,0
AMJ-013,163.00,360.88,0
AMJ-019,62.00,183.02,0
AMJ-020,40.00,127.92,0
AMJ-021,89.00,240.83,0
AMJ-024,26.00,83.15,0
AMJ-025,56.00,165.31,0
AMJ-026,82.00,221.89,0
AMJ-027,131.00,322.26,0
AMJ-034,83.00,224.60,0
AMJ-035,68.00,200.74,0
AMJ-036,108.00,292.25,0
AMJ-039,64.00,188.93,3
AMJ-043,88.00,238.13,0
AMJ-045,65.00,191.88,0
AMJ-047,48.00,141.70,0
AMJ-048,40.00,127.92,0
AMJ-049,118.00,319.31,0
BRS003,89.00,240.83,0
BRS004,58.00,171.22,0
ALSS0071BS,227.00,502.58,0
ALSS0075B,175.00,387.45,0
ALBR012,122.00,300.12,3
ALBR013,110.00,297.66,3
ALEF0007B,149.00,366.54,3
CEL269BG8K,101.00,273.31,0
NRS010,150.00,369.00,0
BRS011,158.00,388.68,0
BRS012,132.00,324.72,0
PEARL0001ERH,101.00,273.31,0
PEARL0001NRH,322.00,712.91,0
PEARL0002BRH,71.00,209.59,3
CAL0001POKS,5.00,19.07,0
CAL0002POKS,5.00,19.07,0
CAL0003EOKS,26.00,83.15,0
CAL0003POKS,11.00,41.94,0
CAL0004PS,13.00,49.57,0
CAL0005POKS,20.00,63.96,0
CAL0006POKS,23.00,73.55,0
CAL0007POKS,34.00,108.73,0
CAL0011EOKS,24.00,76.75,0
CAL0013POKS,26.00,83.15,0
SM-17,244.00,540.22,3
SM-18,250.00,553.50,0
SM-19,215.00,476.01,0
GR-17,354.00,740.21,0
GR-18,211.00,467.15,0
GR-19,224.00,495.94,0
ŁYŻ-21,150.00,369.00,0
ŁYŻ-22,204.00,451.66,0
ŁYŻ-23,224.00,495.94,0
ŁYŻ-24,167.00,369.74,3
HP-0384AQ,43.00,126.94,0
ALBEADS0141RH,16.00,61.01,3
ALBEADS0142RH,16.00,61.01,3
DZ070RH,48.00,141.70,0
ALBEADS0146RH,25.00,79.95,3
ALBEADS0147RH,28.00,89.54,0
ALBEADS0149RH,40.00,127.92,0
ALBEADS0150RH,28.00,89.54,3
ALSS0072BS,175.00,387.45,0
AMJ-009,62.00,183.02,0
AMJ-010,68.00,200.74,0
AMJ-016,18.00,57.56,0
AMJ-017,17.00,54.37,0
AMJ-018,22.00,70.36,0
AMJ-014,104.00,281.42,0
AMJ-015,42.00,123.98,0
AMJ-022,91.00,246.25,0
AMJ-023,77.00,227.30,0
AMJ-028,385.00,805.03,0
AMJ-032,229.00,507.01,0
AMJ-029,88.00,238.13,0
AMJ-030,67.00,197.78,0
AMJ-037,149.00,366.54,0
AMJ-038,143.00,351.78,0
AMJ-040,66.00,194.83,3
AMJ-041,82.00,221.89,0
AMJ-042,52.00,153.50,0
AMJ-044,91.00,246.25,0
ALEF0001P,24.00,76.75,0
ALEF0002P,30.00,95.94,0
ALEF0003P,35.00,111.93,0
ALEF0004E,76.00,224.35,0
ALEF0005E,48.00,141.70,0
ALEF0006E,100.00,270.60,3
CAL0001EOKS,13.00,49.57,0
CAL0002EOKS,13.00,49.57,0
CAL0010EOKS,23.00,73.55,0
ALOPS008K,34.00,108.73,0
ALOPS009K,47.00,138.74,0
ALOPS010K,47.00,138.74,0
ALOPS011K,47.00,138.74,3
ALOPS012K,34.00,108.73,0
ALOPS013K,34.00,108.73,3
SETMOP031B,67.00,197.78,0
SETMOP024B,76.00,224.35,0
SETMOP032B,76.00,224.35,0
SETMOP022B,108.00,292.25,0
SETMOP033B,58.00,171.22,0
SETMOP026B,66.00,194.83,0
SETMOP040B,83.00,224.60,0
SETMOP042B,110.00,297.66,0
ALKJ0020N,107.00,289.54,3
SETMOP043B,102.00,276.01,0
SETMOP041B,82.00,221.89,0
ALCYR0203ERH,42.00,123.98,0
ALCYR0203PRH,23.00,73.55,0
ALKJ0019E,24.00,76.75,0
KJ0011,35.00,111.93,3
KJ0012,55.00,162.36,3
SETMOP025B,68.00,200.74,0
SETMOP031,26.00,83.15,0
SETMOP023B,73.00,215.50,0
SETMOP034B,73.00,215.50,0
SETMOP039B,77.00,227.30,3
SETMOP044B,106.00,286.84,3
SETMOP048B,127.00,312.42,0
ALKJ0011P,34.00,108.73,3
ALKJ0012P,34.00,108.73,0
ALKJ0013P,34.00,108.73,0
ALKJ0022E,34.00,108.73,0
ALKJ0023E,70.00,206.64,3
ALKJ0024E,53.00,156.46,0
ALKJ0025E,35.00,111.93,0
ALKJ0026E,73.00,215.50,0
ALKJ0028E,52.00,153.50,3
ALKJ0029E,49.00,144.65,0
ALKJ0031E,55.00,162.36,3
ALCYR0233RHP,28.00,89.54,3
ALCYR0234RHE,40.00,127.92,3
ALCYR0234RHP,20.00,63.96,3
ALKJ0032E,38.00,121.52,0
ALKJ0035E,50.00,147.60,0
ALKJ0038E,47.00,138.74,3
ALKJ0039E,43.00,126.94,3
ALKJ0040E,37.00,118.33,3
ALKJ0041E,55.00,162.36,3
ALKJ0042E,52.00,153.50,0
ALKJ0043E,61.00,180.07,3
ALKJ0044E,40.00,127.92,3
ALKJ0045E,47.00,138.74,3
ALKJ0046E,31.00,99.14,3
ALKJ0047E,35.00,111.93,3
MVB-0072-2,139.00,341.94,3
MVB-0072-3,174.00,385.24,3
MVB-0072-4,136.00,334.56,3
MVB-0071-2,131.00,322.26,3
MVB-0071-3,182.00,402.95,3
CEL184BG14K,237.00,524.72,0
ALC193G14K,318.00,704.05,0
AN709SETRH,42.00,123.98,3
ALCL011NRH,247.00,546.86,0
SET0057,49.00,144.65,0
SET0058,36.00,115.13,3
SET0059,44.00,129.89,3
SET0066,30.00,95.94,3
SET0067,58.00,171.22,3
SET0074,29.00,92.74,3
SET0078,34.00,108.73,0
SET0069,29.00,92.74,3
SET0079,58.00,171.22,3
SET0091,29.00,92.74,0
SET0095,29.00,92.74,3
SET0060,44.00,129.89,3
SET0063,43.00,126.94,3
SET0064,52.00,153.50,3
SET0065,31.00,99.14,3
SET0071,43.00,126.94,3
SET0072,29.00,92.74,0
SET0075,58.00,171.22,0
SET0076,43.00,126.94,3
SET0077,29.00,92.74,0
SET0080,47.00,138.74,3
SET0082,34.00,108.73,0
SET0083,37.00,118.33,3
SET0084,58.00,171.22,3
SET0087,44.00,129.89,0
SET0088,44.00,129.89,0
SET0092,58.00,171.22,0
SET0093,31.00,99.14,0
SET0096,40.00,127.92,3
SET0097,42.00,123.98,0
SET0098,74.00,218.45,3
ALBR009,64.00,188.93,0
ALBAG0008PS,24.00,76.75,3
ALCYR0127PRH,26.00,83.15,3
ALCYR0129PRH,17.00,54.37,3
ALBR011,228.00,504.79,0
ALBAG0009PS,17.00,54.37,3
ALBAG0010PRH,23.00,73.55,3
FAB002,40.00,127.92,0
ALBR018,50.00,147.60,0
HP-0112-2,65.00,191.88,3
KRC002,26.00,83.15,0
SET-179,24.00,76.75,0
HP002+B18MMS,28.00,89.54,3
HP002+C18MMS,20.00,63.96,3
HP002+E18MMS,22.00,70.36,0
HP002+F18MMS,20.00,63.96,3
HP002+G18MMS,22.00,70.36,0
HP002+H18MMS,26.00,83.15,3
HP002+I18MMS,13.00,49.57,3
HP002+K18MMS,23.00,73.55,0
HP002+L18MMS,17.00,54.37,0
HP002+M18MMS,29.00,92.74,3
HP002+N18MMS,29.00,92.74,3
HP002+O18MMS,23.00,73.55,3
HP002+P18MMS,18.00,57.56,0
HP002+R18MMS,24.00,76.75,3
HP002+S18MMS,22.00,70.36,3
HP002+T18MMS,16.00,61.01,0
HP002+U18MMS,25.00,79.95,3
HP002+W18MMS,29.00,92.74,3
HP002+Z18MMS,24.00,76.75,3
HP002+Q18MMS,24.00,76.75,3
ALKJ0064E,16.00,61.01,3
ALKJ0065E,38.00,121.52,3
KRC011,26.00,83.15,0
KRC012,65.00,191.88,0
KRC013,53.00,156.46,0
KRC014,31.00,99.14,0
KRC015,53.00,156.46,3
NRC012,52.00,153.50,3
PEARL0007SET,40.00,127.92,3
PEARL0008P,20.00,63.96,0
PEARL0009P,16.00,61.01,0
ALKJ0019N,61.00,180.07,3
ALZE26,30.00,95.94,3
NCR027,54.00,159.41,3
ALCYR0196RHP,13.00,49.57,3
SE1999PP,12.00,45.76,0
SE1999PW,13.00,49.57,3
ALCYR0208PRH-RED,14.00,53.38,0
ALCYR0210PRH,17.00,54.37,3
ALCYR0221PRH,13.00,49.57,3
CELSS010BS,26.00,83.15,0
CELSS012BS,34.00,108.73,0
CELSS013BS,26.00,83.15,0
BABYIDS11,12.00,45.76,0
BABYIDS12,13.00,49.57,0
BABYIDS14,13.00,49.57,0
BABYIDS15,12.00,45.76,0
BABYIDS16,16.00,61.01,0
BABYIDS18,16.00,61.01,0
MVSP-0401RB,29.00,92.74,3
CEL18B,38.00,121.52,3
4MMPRHSZAFIR,8.00,30.50,3
4MMPRHGARNET,8.00,30.50,3
4MMPRHAMETYST,8.00,30.50,3
4MMPRHPINK,8.00,30.50,3
4MMPRHWHITE,8.00,30.50,3
ALCYR0209PRH-CHAMPAG,12.00,45.76,0
ALCYR0220PRH,11.00,41.94,3
ALCYR0227PRH,12.00,45.76,3
AMJ-067,44.00,129.89,0
PEARL0004ERH,12.00,45.76,0
PEARL0005ERH,12.00,45.76,0
AMJ-050,73.00,215.50,0
AMJ-051,48.00,141.70,3
AMJ-053,71.00,209.59,0
AMJ-054,121.00,327.43,0
AMJ-055,91.00,246.25,0
AMJ-056,54.00,159.41,0
AMJ-057,70.00,206.64,0
AMJ-058,86.00,232.72,0
AMJ-059,92.00,248.95,0
AMJ-062,56.00,165.31,0
AMJ-063,88.00,238.13,0
AMJ-064,73.00,215.50,0
AMJ-065,68.00,200.74,0
AMJ-066,60.00,177.12,0
AMJ-068,95.00,257.07,0
AMJ-069,56.00,165.31,0
AMJ-070,62.00,183.02,0
AMJ-071-1,71.00,209.59,0
AMJ-071-2,73.00,215.50,0
AMJ-072,88.00,238.13,0
AMJ-073,89.00,240.83,0
AMJ-074,100.00,270.60,0
ALCYR0268E,49.00,144.65,3
ALCYR0268P,31.00,99.14,3
ALCYR0269E,30.00,95.94,3
ALCYR0269P,14.00,53.38,3
ALCYR0270E,28.00,89.54,3
ALCYR0270P,18.00,57.56,3
ALCYR0271P,13.00,49.57,3
ALCYR0275E,62.00,183.02,0
ALCYR0276E,37.00,118.33,0
ALCYR0277E,24.00,76.75,3
ALCYR0277P,16.00,61.01,3
ALCYR0277B,73.00,215.50,0
ALCYR0278E,17.00,54.37,0
ALCYR0278P,17.00,54.37,3
ALP071,53.00,156.46,3
ALSS0111E,22.00,70.36,0
ALSS0077,60.00,177.12,0
ALSS0079,60.00,177.12,0
ALSS0088E,60.00,177.12,3
ALSS0089E,58.00,171.22,3
ALSS0090E,54.00,159.41,3
ALSS0091E,49.00,144.65,3
ALSS0092E,58.00,171.22,3
ALSS0096E,44.00,129.89,0
ALSS0097E,44.00,129.89,3
ALSS0098B,48.00,141.70,0
LSQ8MM,28.00,89.54,3
LSQ5MMY,12.00,45.76,3
LSQ5MMO,12.00,45.76,3
LSQ5MMP,13.00,49.57,3
LSQ5MMG,13.00,49.57,3
LSQ5MMB,12.00,45.76,0
LSQ5MM,12.00,45.76,3
ALSW0004GO6MM,12.00,45.76,3
ALSW0004AB6MM,16.00,61.01,0
ALSW0004LB6MM,12.00,45.76,0
ALSW0004SH6MM,12.00,45.76,3
ALSW0004R6MM,12.00,45.76,0
ALSW0004G6MM,12.00,45.76,0
ALSW0004W6MM,12.00,45.76,3
ALSW0006G,36.00,115.13,0
ALSW0006W,36.00,115.13,0
ALSWP0006G,17.00,54.37,0
ALSW0007W,31.00,99.14,3
ALSW0008W,18.00,57.56,3
ALSW0008R,20.00,63.96,3
ALSWP0009G,12.00,45.76,0
ALSWP0009LB,12.00,45.76,0
ALSWP0009F,12.00,45.76,0
ALSW0010W,36.00,115.13,3
ALSW0011WX3,12.00,45.76,0
ALSW0012W,12.00,45.76,3
LRK3MMP,11.00,41.94,3
LRK4MM-LIME,12.00,45.76,3
LRK4MM-AQUA,18.00,57.56,0
LRK4MM-GARNET,12.00,45.76,3
LRK3MMAM,11.00,41.94,3
LRK3MMY,10.00,38.13,0
LRK3MMB,11.00,41.94,0
LRK3MML,11.00,41.94,0
ALSW0002R4MM,20.00,63.96,3
ALSW0002LB4MM,20.00,63.96,3
ALSS0094E,78.00,230.26,0
ALSS0095E,83.00,224.60,3
ALSS0100E,101.00,273.31,0
ALSS0102E,73.00,215.50,0
ALSW0003SH10MM,18.00,57.56,3
ALSW0003R10MM,18.00,57.56,3
ALSW0003W10MM,18.00,57.56,0
ALSW0003LB10MM,26.00,83.15,3
ALSS0108PRH,14.00,53.38,0
LRDB6MMW,16.00,61.01,3
PNE0016G8K+WA,221.00,489.29,3
PZE0105G8K,211.00,467.15,0
PZE0274G8K,106.00,286.84,0
PSE0129G8K,217.00,480.44,0
PZE0305G8K,129.00,317.34,0
PAP0186G8K,161.00,396.06,0
PAP0281G8K,210.00,464.94,0
PAP0263G8K,118.00,319.31,0
PUK0069G8K,143.00,351.78,0
PNE0013G8K,250.00,553.50,3
PNE0001G8K+WS,264.00,584.50,3
PUK0021G8K,198.00,438.37,3
PNE0015G8K,238.00,526.93,0
PZE0660G8K,97.00,262.48,0
PUK0070G8K,156.00,383.76,3
ERG0689G8K,208.00,460.51,0
ERG0595G8K,324.00,717.34,0
ERG1553G8K,177.00,391.88,0
PZE0890G8K,189.00,418.45,3
PZE0898G8K,140.00,344.40,0
PZE0935EG8K,128.00,314.88,3
PZE0802G8K,152.00,373.92,0
PZE0811G8K,166.00,367.52,0
PZE0810G8K,172.00,380.81,3
PZE0851G8K,156.00,383.76,0
PSE0681G8K,246.00,544.64,0
PK96G8K,230.00,509.22,0
PK51G8K,205.00,453.87,0
PAP0501G8K,215.00,476.01,0
PZP0681G8K+P,112.00,303.07,0
PAP0305G8K,145.00,356.70,0
PK121G8K,148.00,364.08,3
PK56G8K,204.00,451.66,0
PK46G8K,177.00,391.88,0
PAP0297G8K,181.00,400.73,0
KLY1072G8K,170.00,376.38,3
PAP0276G8K,118.00,319.31,0
PK26G8K,223.00,493.72,0
KLY1039G8K,140.00,344.40,0
PAP0177G8K,148.00,364.08,0
PAP0238G8K,114.00,308.48,0
PAP0267G8K,192.00,425.09,0
PAP0294G8K,186.00,411.80,0
PAP0310G8K,126.00,309.96,0
KLY0866G8K,117.00,316.60,0
KLY0853G8K,117.00,316.60,0
PAP0209G8K,186.00,411.80,0
PAP0246G8K,148.00,364.08,3
PAP0241G8K,188.00,416.23,0
PUK0032G8K,182.00,402.95,0
PUK0066G8K,191.00,422.87,3
PUK0005G8K,272.00,602.21,3
PUK0001G8K,162.00,398.52,0
PUK0052G8K,240.00,531.36,0
PUK0065G8K,149.00,366.54,0
PUK0009G8K,203.00,449.44,3
PNE0004G8K,254.00,562.36,3
PNE0014G8K,217.00,480.44,3
PZE0706G8K,188.00,416.23,0
PZE0678G8K,129.00,317.34,0
PZE0705G8K,186.00,411.80,0
PZE0670G8K,128.00,314.88,3
D0027G8K,246.00,544.64,3
PZE0663G8K,226.00,500.36,0
PZE0677G8K,114.00,308.48,3
PZE0138G8K,216.00,478.22,0
PZE0654G8K,135.00,332.10,0
PZE0681G8K,206.00,456.08,0
A0889G8K,180.00,398.52,0
PUK0039G8K,244.00,540.22,3
PUK0020G8K,164.00,363.10,3
PUK0015G8K,156.00,383.76,3
PNE0005G8K,214.00,473.80,0
PZE0716G8K,164.00,363.10,0
PZE0659G8K,142.00,349.32,3
PZE0657G8K,100.00,270.60,0
PZE0719G8K,186.00,411.80,0
PZE0711G8K,204.00,451.66,0
PZE0653G8K,207.00,458.30,3
PZE0655G8K,137.00,337.02,3
PZE0669G8K,165.00,365.31,3
ERG1606G8K,269.00,595.57,0
ERG1607G8K,324.00,717.34,0
PAP0104G8K,269.00,595.57,0
PK87G8K,254.00,562.36,3
PK029G8K,224.00,495.94,0
PK53G8K,221.00,489.29,0
PK85G8K,215.00,476.01,0
PK080G8K,208.00,460.51,3
PK94G8K,264.00,584.50,3
PAP0226G8K,324.00,717.34,0
PAP0307G8K,216.00,478.22,0
PZE0714G8K,229.00,507.01,0
KLY0832G8K,256.00,566.78,0
PK63G8K,216.00,478.22,3
PZE0122G8K,140.00,344.40,0
534-B,172.00,380.81,0
527-B,127.00,312.42,3
531-KSB,89.00,240.83,3
531-B,142.00,349.32,0
522-B,160.00,393.60,0
PCS-1277,40.00,127.92,3
AH3254,20.00,63.96,3
A001361-N,53.00,156.46,3
AN1918Y+W,34.00,108.73,0
ALBBALLS0001,62.00,183.02,0
ALBBALLS0003,65.00,191.88,0
ALBBALLS0006,78.00,230.26,0
ALBBALLS0007,78.00,230.26,0
ALBBALLS0008,80.00,236.16,0
ALBBALLS0009,82.00,221.89,3
ALBBALLS0010,80.00,236.16,0
ALBBALLS0011,78.00,230.26,0
ALBBALLS0012,78.00,230.26,0
BREL-18,155.00,381.30,0
BREL-5,95.00,257.07,0
BREL-17,211.00,467.15,0
534-KSB,64.00,188.93,0
534-ZB,73.00,215.50,0
527-KSB,64.00,188.93,3
527-ZB,58.00,171.22,0
522-ZB,58.00,171.22,0
522-KSB,60.00,177.12,0
AS377BG8K,72.00,212.54,0
AS353NG8K,117.00,316.60,0
AS368KG8K,170.00,376.38,3
AS369KG8K,170.00,376.38,3
AS340BG8K,150.00,369.00,3
AS359NG8K,217.00,480.44,3
AS352NG8K,124.00,305.04,0
AS372KG8K,170.00,376.38,3
BR3052Y,25.00,79.95,3
CEL22NY,52.00,153.50,3
CEL21NY,48.00,141.70,3
CEL24NY,54.00,159.41,0
CEL19BY,34.00,108.73,0
CEL19NY,49.00,144.65,3
CEL24BY,31.00,99.14,0
CEL17NY,53.00,156.46,3
CEL23NY,44.00,129.89,0
CEL20NY,54.00,159.41,3
CEL18NY,49.00,144.65,3
CEL18BY,35.00,111.93,3
CEL17BY,30.00,95.94,0
AS349BG8K,140.00,344.40,3
AS374KG8K,124.00,305.04,0
AS366KG8K,192.00,425.09,3
AS350BG8K,81.00,239.11,0
AS362NG8K,118.00,319.31,0
AS375KG8K,174.00,385.24,3
AS346BG8K,78.00,230.26,0
AS358NG8K,128.00,314.88,0
CEL23BY,34.00,108.73,3
CEL22BY,31.00,99.14,0
CEL20BRH,34.00,108.73,0
CEL21BY,34.00,108.73,3
CEL22NRH,52.00,153.50,0
CEL24BRH,34.00,108.73,0
CEL24NRH,48.00,141.70,0
CEL21BRH,34.00,108.73,0
CEL23BRH,31.00,99.14,0
CEL22BRH,31.00,99.14,0
CEL21NRH,58.00,171.22,3
CEL19NRH,48.00,141.70,0
CEL17NRH,47.00,138.74,0
CEL23NRH,47.00,138.74,0
CEL20BY,34.00,108.73,3
CEL20NRH,54.00,159.41,3
CEL18NRH,49.00,144.65,0
ALSW0015EY,44.00,129.89,0
ALSW0017EO,44.00,129.89,0
ALSW0018PB,18.00,57.56,0
ALSW0018EB,44.00,129.89,0
ALSW0019EP,43.00,126.94,0
ALSW0024PSG,18.00,57.56,0
ALSW0025PVI,18.00,57.56,0
ALSW0030PMVL,18.00,57.56,0
ALSW0031PMV,18.00,57.56,0
ALSW0032PMM,18.00,57.56,0
ALSW0042PAB,13.00,49.57,0
ALSW0043PR,18.00,57.56,0
ALSW0051EAM,47.00,138.74,0
ALSW0052EVI,47.00,138.74,0
ALCYR0291E,17.00,54.37,3
ALCYR0292E,17.00,54.37,3
ALCYR0293E,17.00,54.37,3
AS376KG8K,203.00,449.44,3
AS360NG8K,216.00,478.22,0
AS348BG8K,81.00,239.11,0
AS354NG8K,226.00,500.36,0
AS343BG8K,87.00,235.42,0
AS367KG8K,192.00,425.09,3
AS338BG8K,78.00,230.26,0
AS361NG8K,134.00,329.64,0
AS347BG8K,84.00,227.30,0
AS351NG8K,123.00,302.58,0
AS335NG8K,128.00,314.88,0
AS345BG8K,90.00,243.54,0
AS339BG8K,114.00,308.48,0
AS357NG8K,244.00,540.22,0
AS363NG8K,264.00,584.50,0
AS341BG8K,192.00,425.09,0
AS342BG8K,231.00,511.43,0
ALSW0014PW,14.00,53.38,0
ALSW0016P,18.00,57.56,3
ALSW0019PP,18.00,57.56,0
ALSW0020PSH,18.00,57.56,0
ALSW0021P,18.00,57.56,3
ALSW0022PR,18.00,57.56,3
ALSW0027PMO,18.00,57.56,0
ALSW0028PMR,18.00,57.56,0
ALSW0029PMT,18.00,57.56,0
ALSW0033PW,18.00,57.56,3
ALSW0035PW,13.00,49.57,3
ALSW0044PR,18.00,57.56,0
ALSW0047P,18.00,57.56,0
ALCYR0291P,12.00,45.76,3
ALCYR0292P,12.00,45.76,3
ALCYR0293P,12.00,45.76,3
KLY0851G8K,118.00,319.31,0
ALBEADS0152RHY,14.00,53.38,3
ALBEADS0153RHY,12.00,45.76,0
ALBEADS0155RHY,17.00,54.37,0
ALBEADS0156RHY,12.00,45.76,0
ALBEADS0154RHY,17.00,54.37,3
ALCYR0251BRRH,139.00,341.94,3
ALCYR0252BRRH,100.00,270.60,3
ALCYR0253BRRH,107.00,289.54,3
ALCYR0254BRRH,104.00,281.42,0
ALCYR0257BRRH,103.00,278.72,3
HUN-027RH,79.00,233.21,3
HUN-028RH,103.00,278.72,3
HUN-029RH,82.00,221.89,3
HUN-030RH,101.00,273.31,3
ALCL005BRH,131.00,322.26,0
ALCL009NRH,172.00,380.81,0
ALCL009BRH,70.00,206.64,0
ALCL010BRH,104.00,281.42,0
ALSD0019B,102.00,276.01,3
ALCYR0351B,120.00,324.72,3
ALCYR0351N,271.00,599.99,0
18873PRH,20.00,63.96,3
16381PRH,16.00,61.01,0
15764ERH,36.00,115.13,3
16664ERH,54.00,159.41,3
03018BRH,119.00,322.01,3
03026BRH,210.00,464.94,3
ALKJ0052SET,49.00,144.65,0
ALKJ0055SET,61.00,180.07,0
ALKJ0057SET,61.00,180.07,0
ALKJ0058SET,50.00,147.60,0
SETMOP032,26.00,83.15,0
SETMOP050,31.00,99.14,0
SETMOP052,31.00,99.14,3
SETMOP053,47.00,138.74,3
SETMOP054,47.00,138.74,3
SETMOP055,47.00,138.74,3
SETMOP056,61.00,180.07,3
SETMOP057,61.00,180.07,0
SETMOP058,61.00,180.07,0
ALKJ0063R,37.00,118.33,3
ALKJ0014P,41.00,121.03,0
18873ERH,30.00,95.94,0
16374PRH,34.00,108.73,3
15750ERH,26.00,83.15,3
16766PRH,22.00,70.36,3
15754ERH,65.00,191.88,3
15753ERH,40.00,127.92,0
15812ERH,67.00,197.78,0
14675ERH,44.00,129.89,0
QZE073,42.00,123.98,0
ALDEM0078BV,17.00,54.37,3
ALDEM0080BR,20.00,63.96,0
ALDEM0081BR,22.00,70.36,3
ALDEM0083BR,28.00,89.54,0
ALDEM0071BN,26.00,83.15,3
ALDEM0072BN,28.00,89.54,3
ALCYR0215RHBSZ,26.00,83.15,3
ALCYR0216RHBSZ,23.00,73.55,0
ALCYR0280RHBSZ,20.00,63.96,3
ALCYR0281RHBSZ,29.00,92.74,3
ALCYR0282RHBSZ,30.00,95.94,0
ALCYR0284RHBSZ,24.00,76.75,0
ALCYR0290RHBSZ,28.00,89.54,0
ALCYR0294RHBSZ,20.00,63.96,0
ALCYR0307RHBSZ,20.00,63.96,0
ALCYR0311RHBSZ,22.00,70.36,0
ALCYR0316RHBSZ,24.00,76.75,0
ALCYR0320RHBSZ,29.00,92.74,0
ALCYR0327RHBSZ,20.00,63.96,0
ALCYR0328RHBSZ,18.00,57.56,0
ALCYR0331RHBSZ,25.00,79.95,0
AS2288SETRH,37.00,118.33,0
ALCYR0194RHSET,34.00,108.73,3
CELK7SYW,24.00,76.75,3
CELK7SYW2,24.00,76.75,3
CELK8SYW,22.00,70.36,3
ALCYR0214RHB,38.00,121.52,0
ALCYR0215RHB,44.00,129.89,0
ALCYR0281RHB,37.00,118.33,0
ALCYR0282RHB,38.00,121.52,0
ALCYR0283RHB,35.00,111.93,3
ALCYR0285RHB,34.00,108.73,0
ALCYR0288RHB,36.00,115.13,3
ALCYR0295RHB,34.00,108.73,0
ALCYR0319RHB,31.00,99.14,0
ALCYR0322RHB,34.00,108.73,0
PSE0129SETRH,43.00,126.94,0
PSE0129SETY,41.00,121.03,0
DW010RH,37.00,118.33,0
QZE088,29.00,92.74,3
QZE135,38.00,121.52,3
QZE142,23.00,73.55,0
QZE125,36.00,115.13,3
QZE139,23.00,73.55,0
QZE107,20.00,63.96,3
QZE170,52.00,153.50,0
QZE152,25.00,79.95,0
QZE076,43.00,126.94,0
ALSS0080,58.00,171.22,0
ALSS0084E,18.00,57.56,3
QZE103,17.00,54.37,0
QZE089,23.00,73.55,3
QZE149,23.00,73.55,3
QZE138,23.00,73.55,0
QZE098,16.00,61.01,3
QZE099,17.00,54.37,3
QZE122,18.00,57.56,0
QZE153,17.00,54.37,3
QZE071,29.00,92.74,0
QZE074,14.00,53.38,0
QZE075,43.00,126.94,0
QZE113,16.00,61.01,0
QZE171,17.00,54.37,0
ALC2010KG8KP,177.00,391.88,0
ALSS0070ES,26.00,83.15,0
ALSS0073ES,20.00,63.96,3
ALSS0074ES,24.00,76.75,0
ALSS0085E,35.00,111.93,3
QZE104,17.00,54.37,3
QZE120,18.00,57.56,3
QZE150,25.00,79.95,3
QZE126,20.00,63.96,3
QZE139RH,22.00,70.36,0
QZE100,20.00,63.96,3
QZE114,17.00,54.37,3
QZE116,42.00,123.98,3
QZP071,14.00,53.38,0
QZE078,55.00,162.36,3
QZB079RH,89.00,240.83,3
AS381KG8K,192.00,425.09,3
AS382KG8K,192.00,425.09,0
AS383KG8K,192.00,425.09,0
AS385KG8K,192.00,425.09,0
AS384KG8K,137.00,337.02,0
AS380KG8K,192.00,425.09,3
AS378KG8K,192.00,425.09,0
AT08A,35.00,111.93,3
REL015PRH,61.00,180.07,3
MMAL0145S,28.00,89.54,0
MMAL0146S,26.00,83.15,0
E605P,17.00,54.37,3
E606P,17.00,54.37,0
E606BLACK,37.00,118.33,0
E610P,17.00,54.37,3
E610B,53.00,156.46,3
E610EM,37.00,118.33,3
LU035,12.00,45.76,0
ALBEADS0158,35.00,111.93,3
REL002RH,94.00,254.36,0
ALBEADS0157,18.00,57.56,0
ALBEADS0165,38.00,121.52,0
REL003BRH,40.00,127.92,0
REL004BRH,43.00,126.94,0
REL007NRH,82.00,221.89,0
REL009NRH,52.00,153.50,0
REL010NRH,78.00,230.26,0
REL018BOKS,70.00,206.64,3
REL019BOKS,68.00,200.74,3
ALBEADS0159,24.00,76.75,3
REL020BOKS,55.00,162.36,3
LU036,17.00,54.37,0
LU037,17.00,54.37,3
LU038,17.00,54.37,3
LU039,17.00,54.37,3
LU040,17.00,54.37,0
LU041,17.00,54.37,3
LU042,17.00,54.37,3
LU043,17.00,54.37,3
LU044,17.00,54.37,3
LU045,17.00,54.37,3
CRAL0238RH,30.00,95.94,3
CRAL0239RH,28.00,89.54,3
E13289RHY,64.00,188.93,0
E13288RHY,53.00,156.46,0
P14925RHY,24.00,76.75,3
P14926RHY,28.00,89.54,3
ALBEADS0161,18.00,57.56,3
ALBEADS0162,29.00,92.74,0
ALBEADS0164B,37.00,118.33,0
DW008RH,58.00,171.22,0
DW001RHP,41.00,121.03,0
DW002RHB,41.00,121.03,3
DW007RH+OX,84.00,227.30,3
ALCR0001B,23.00,73.55,3
ALCR0002B,23.00,73.55,0
CEL278NR,24.00,76.75,3
N01921NRH,40.00,127.92,0
ALCR0003B,31.00,99.14,3
CEL277NY,43.00,126.94,3
CEL279NY,40.00,127.92,3
CEL280NY,28.00,89.54,3
CEL281NY,28.00,89.54,3
K002,38.00,121.52,0
K007,31.00,99.14,0
K008,31.00,99.14,3
GRZEB-2,245.00,542.43,3
FAB049,20.00,63.96,0
FAB004,28.00,89.54,3
FAB031,20.00,63.96,0
FAB006,18.00,57.56,0
FAK030RH,34.00,108.73,0
QZE090,17.00,54.37,3
QZE115,83.00,224.60,3
CEL271NG8KBEATA,252.00,557.93,3
CEL272NG8KKRYSIA,244.00,540.22,3
CEL273NG8KEMILKA,244.00,540.22,0
CEL275NG8KMARTA,252.00,557.93,0
CEL276NG8KGOSIA,252.00,557.93,3
K020,18.00,57.56,0
HSP-1119-1NRH,58.00,171.22,0
HSB-1119BRH,37.00,118.33,3
HB-0514KMBRH,169.00,374.17,0
HB-0508BRH,158.00,388.68,0
MVB-0071-4,149.00,366.54,0
MVB-0071-4ERH,78.00,230.26,0
MVB-0071-4PB,18.00,57.56,0
K041,18.00,57.56,0
K043,18.00,57.56,3
K047,20.00,63.96,3
K048,20.00,63.96,3
K052,18.00,57.56,0
K055,31.00,99.14,0
K056,38.00,121.52,0
PCS-1168A,52.00,153.50,3
PCS-1177B,44.00,129.89,3
PCS-1178A,43.00,126.94,3
PCS-1181B,43.00,126.94,3
PCS-1183A,44.00,129.89,3
PCS-1193A,42.00,123.98,3
PCS-1194A,41.00,121.03,3
PCS-1202B,47.00,138.74,3
PCS-1212A,44.00,129.89,3
PCS-1213A,48.00,141.70,3
PCS-1214A,52.00,153.50,3
PCS-1215A,49.00,144.65,3
PCS-1219B,47.00,138.74,3
PCS-1220A,48.00,141.70,3
PCS-1226A,48.00,141.70,3
PCS-1227A,42.00,123.98,3
PCS-1230A,43.00,126.94,3
PCS-1231A,43.00,126.94,3
PCS-1233B,41.00,121.03,3
PCS-1234B,47.00,138.74,3
PCS-1235A,41.00,121.03,3
PCS-1237A,52.00,153.50,3
PCS-1240B,43.00,126.94,3
PCS-1242B,41.00,121.03,3
PCS-1270A,48.00,141.70,3
ALBBALLS0014,83.00,224.60,3
ALBBALLS0015,74.00,218.45,0
ALBBALLS0016,58.00,171.22,0
ALBBALLS0018,70.00,206.64,0
KCE0067EW+PG8K,158.00,388.68,0
KMRT0008EW+PG8K,417.00,871.95,3
KMRT0005EW+SG8K,246.00,544.64,0
PZE0456G8K,163.00,360.88,0
PZE0492EG8K,250.00,553.50,0
V0373EG8K,143.00,351.78,0
KMRT0011EW+SG8K,364.00,761.12,3
PSE0126G8K,203.00,449.44,0
ALCYR0093ERH,20.00,63.96,0
ALCYR0093PRH,12.00,45.76,3
ALCYR0094ERH,22.00,70.36,0
ALCYR0095ERH,18.00,57.56,3
ALCYR0094PRH,13.00,49.57,3
ALCYR0095PRH,18.00,57.56,0
ALCYR0138ERH,29.00,92.74,3
ALDEM0093KSZTRHR,16.00,61.01,0
ALDEM0096KSZTRHR,13.00,49.57,3
SET-1275ERH,65.00,191.88,3
SET-1282ERH,53.00,156.46,3
SET-1281ERH,60.00,177.12,3
HE-1221ERH,44.00,129.89,0
HSE-1085ERH,61.00,180.07,3
HSE-1119ERH,58.00,171.22,3
E-0784ERH,38.00,121.52,0
E-0786ERH,60.00,177.12,0
E-0788ERH,47.00,138.74,0
E-0787ERH,44.00,129.89,0
E-0783ERH,44.00,129.89,0
SET-1399ERH,12.00,45.76,3
SET-1403ERH,12.00,45.76,3
SET-1415ERH,12.00,45.76,3
SET-1408ERH,12.00,45.76,0
SET-1412ERH,26.00,83.15,0
SET-1421ERH,30.00,95.94,3
SET-1409ERH,12.00,45.76,3
SET-1405ERH,12.00,45.76,0
SET-1402ERH,20.00,63.96,3
SET-1410ERH,18.00,57.56,0
E-0658C1ERH,16.00,61.01,3
SET-1423ERH,12.00,45.76,3
SET-1413ERH,12.00,45.76,3
SET-1406ERH,12.00,45.76,0
E-0614C1ERH,12.00,45.76,3
SET-787B1ERH,17.00,54.37,0
E-0604C1ERH,23.00,73.55,0
SET-1389ERH,12.00,45.76,3
CEL211NG8K,126.00,309.96,0
CEL214NG8K,203.00,449.44,0
PAP0238PRH,16.00,61.01,0
ALCYR0098PRH,13.00,49.57,0
KLY0843G8K,107.00,289.54,0
KLY0844G8K,154.00,378.84,0
KCE0067EWG8K,108.00,292.25,0
KCE0067EW+BG8K,154.00,378.84,0
KMRT0008EWG8K,347.00,725.58,3
KMRT0005EWG8K,316.00,699.62,3
SGK0502EWG8K,191.00,422.87,0
A369EWG8K,312.00,690.77,3
V132EWG8K,156.00,383.76,0
V481EWG8K,186.00,411.80,0
V521EWG8K,206.00,456.08,3
V522EWG8K,122.00,300.12,0
V456EWG8K,169.00,374.17,0
KCE013EWG8K,233.00,515.86,3
PAB14PG8K,70.00,206.64,0
KLY2351G8K,149.00,366.54,0
KLY2421G8K,203.00,449.44,0
KLY2477G8K,61.00,180.07,0
KLY2640G8K,156.00,383.76,0
KLY2823G8K,188.00,416.23,3
KLY2919G8K,76.00,224.35,0
KLY0046G8K,83.00,224.60,0
LU037BBG8K,54.00,159.41,0
ALCYR0355EG8K,177.00,391.88,0
ALCYR0356EG8K,130.00,319.80,0
ALCYR0359PG8K,74.00,218.45,0
ALCYR0360EG8K,116.00,313.90,3
ALCYR0361EAQG8K,309.00,684.13,0
ALCYR0361EWG8K,204.00,451.66,0
ALCYR0362EW+PG8K,384.00,802.94,0
ALCYR0363EG8K,208.00,460.51,0
SET-144,38.00,121.52,3
SETP0012KPL,54.00,159.41,0
SETP0013,47.00,138.74,0
SETP0014,56.00,165.31,0
SETP0015,54.00,159.41,3
ALCYR0059BRH,110.00,297.66,0
SET-150,53.00,156.46,0
AE2469RHSET,26.00,83.15,0
SET-100,40.00,127.92,0
SET-101,48.00,141.70,3
SET-102,60.00,177.12,0
SET-104,53.00,156.46,3
SET-105,40.00,127.92,0
SET-106,49.00,144.65,0
SET-108,29.00,92.74,0
SET-109,28.00,89.54,3
SET-111,40.00,127.92,0
SET-112,40.00,127.92,3
SET-113,55.00,162.36,0
SET-114,49.00,144.65,3
SET-115,56.00,165.31,0
SET-117,61.00,180.07,3
SET-118,36.00,115.13,3
SET-119,44.00,129.89,0
SET-120,53.00,156.46,0
SET-121,41.00,121.03,0
SET-122,74.00,218.45,0
SET-123,47.00,138.74,0
SET-125,29.00,92.74,0
SET-126,35.00,111.93,0
SET-128,38.00,121.52,3
SET-131,56.00,165.31,3
SET-132,35.00,111.93,0
SET-134,37.00,118.33,0
SET-136,44.00,129.89,0
SET-138,61.00,180.07,3
SET-139,35.00,111.93,0
SET-140,35.00,111.93,3
SET-141,48.00,141.70,3
SET-143,38.00,121.52,0
SET-146,52.00,153.50,3
SET-151,47.00,138.74,3
SET-154,44.00,129.89,0
SET-155,34.00,108.73,0
SET-156,44.00,129.89,0
SET-133,49.00,144.65,0
SET-135,53.00,156.46,3
SET-148B+W,23.00,73.55,3
SET-148R,23.00,73.55,3
SET-148W,23.00,73.55,3
PCS-1174A,43.00,126.94,3
NSP-0053,20.00,63.96,3
ALCYR0260B,130.00,319.80,0
PAB627BG8K,269.00,595.57,0
PAB538BG8K,370.00,773.67,3
PAB14BG8K,216.00,478.22,3
PAB19G8K,226.00,500.36,0
PAB0538NG8K,370.00,773.67,0
PAB0627NG8K,174.00,385.24,0
PAB19NG8K,350.00,731.85,0
KLY2352G8K,246.00,544.64,0
KLY2521G8K,221.00,489.29,3
KLY2666G8K,232.00,513.65,0
KLY2100G8K,251.00,555.71,0
CAM006,58.00,171.22,0
CAM007,18.00,57.56,3
CAM008,18.00,57.56,3
CAM009,24.00,76.75,0
CAM010,24.00,76.75,3
CAM011,24.00,76.75,3
KLY2388G8K,246.00,544.64,3
KLY2631G8K,216.00,478.22,0
KLY2503G8K,332.00,694.21,0
KLY2555G8K,221.00,489.29,0
KJ0011PRH,17.00,54.37,0
KJ0011ERH,34.00,108.73,0
KJ0011BRH,22.00,70.36,3
KJ0012PRH,17.00,54.37,3
KJ0012BRH,22.00,70.36,3
KJ0013PRH,16.00,61.01,3
KJ0013ERH,35.00,111.93,3
KJ0013BRH,24.00,76.75,3
KJ0014ERH,35.00,111.93,3
KJ0014PRH,16.00,61.01,3
KJ0014BRH,24.00,76.75,3
PD0019,22.00,70.36,3
PD0022,23.00,73.55,3
PD0023,22.00,70.36,3
PD0024,13.00,49.57,3
ALDLX0001SETRHY,126.00,309.96,0
ALDLX0003PRH,65.00,191.88,0
ALDLX0003ERH,40.00,127.92,0
ALDLX0049RHSET,76.00,224.35,0
ALDLX0050RHSET,84.00,227.30,0
ALDLX0051RHSET,79.00,233.21,0
ALDLX0052RHSET,71.00,209.59,0
R-1218RH,38.00,121.52,3
R-1217RH,41.00,121.03,3
KJ0012ERH,34.00,108.73,0
ALZC17MMWHT,24.00,76.75,3
ALZC22MMWHT,29.00,92.74,3
ALBR019,58.00,171.22,0
FL064,41.00,121.03,0
SY047,26.00,83.15,0
BEAD149,40.00,127.92,3
BEAD118,40.00,127.92,3
BEAD116,38.00,121.52,3
BEAD114,40.00,127.92,3
BEAD112,40.00,127.92,3
BEAD110,44.00,129.89,0
BEAD104,38.00,121.52,3
BEAD103,37.00,118.33,0
BEAD102,30.00,95.94,0
BEAD101,40.00,127.92,0
BEAD100,36.00,115.13,0
BEAD099,42.00,123.98,0
BEAD098,48.00,141.70,3
BEAD096,41.00,121.03,3
BEAD095,41.00,121.03,0
BEAD091,44.00,129.89,0
BEAD090,30.00,95.94,0
BEAD089,40.00,127.92,0
BEAD088,43.00,126.94,0
BEAD087,38.00,121.52,0
BEAD085,55.00,162.36,0
SAFETY CHAIN 3,77.00,227.30,0
SAFETY CHAIN 5,54.00,159.41,0
SAFETY CHAIN 7,80.00,236.16,3
SAFETY CHAIN 8,67.00,197.78,0
SAFETY CHAIN 12,78.00,230.26,0
SAFETY CHAIN 13,61.00,180.07,0
SAFETY CHAIN 15,56.00,165.31,0
SAFETY CHAIN 19,52.00,153.50,0
SAFETY CHAIN 20,49.00,144.65,0
SAFETY CHAIN 21,64.00,188.93,3
SAFETY CHAIN 28,61.00,180.07,3
SAFETY CHAIN 30,64.00,188.93,3
BEAD097,38.00,121.52,0
BEAD064,37.00,118.33,0
GS0192,37.00,118.33,0
BEAD066,42.00,123.98,0
BEAD0710,43.00,126.94,3
BEAD076,40.00,127.92,3
BEAD077,53.00,156.46,0
BEAD078,53.00,156.46,0
BEAD079,35.00,111.93,0
BEAD080,35.00,111.93,3
E904,20.00,63.96,0
E905,20.00,63.96,3
E906,20.00,63.96,3
P904,11.00,41.94,3
E907SET,103.00,278.72,3
E908SET,43.00,126.94,0
E911SET,55.00,162.36,0
E913SET,73.00,215.50,0
E915SET,35.00,111.93,3
E916SET,29.00,92.74,3
E916B,115.00,311.19,0
E920SET,48.00,141.70,0
E921SET,61.00,180.07,0
E922SET,50.00,147.60,0
E923SET,71.00,209.59,3
E904R,50.00,147.60,0
LOCK33,41.00,121.03,0
LOCK45,44.00,129.89,0
LOCK53,52.00,153.50,3
LOCK54,26.00,83.15,3
NRC014,77.00,227.30,3
NRC015,49.00,144.65,3
NRC016,36.00,115.13,0
NRC017,34.00,108.73,0
FAN051,89.00,240.83,3
FAB009,26.00,83.15,3
FAB003,29.00,92.74,3
FAB012,22.00,70.36,0
CR0021BR,26.00,83.15,0
CR0023BR,20.00,63.96,0
BRC018,43.00,126.94,3
ALZC16MMWHT,20.00,63.96,3
SET0073,37.00,118.33,3
SPL0042A,52.00,153.50,0
SPC3476A,52.00,153.50,0
ALCYR0070RHSET,60.00,177.12,3
ALCYR0105RHSET,41.00,121.03,0
ALCYR0106RHSET,29.00,92.74,0
ALCYR0195RHSET,35.00,111.93,3
ALCYR0196RHSET,35.00,111.93,3
ALCYR0198RHSET,50.00,147.60,3
ALCYR0200RHSET,53.00,156.46,0
ALCYR0201RHSET,37.00,118.33,3
ALCYR0213RHSET,53.00,156.46,3
ALCYR0214RHSET,62.00,183.02,3
ALCYR0218RHSET,50.00,147.60,3
ALCYR0228RHSET,60.00,177.12,0
ALCYR0229RHSET,54.00,159.41,3
ALCYR0230RHSET,55.00,162.36,0
ALCYR0236RHE,77.00,227.30,3
SET-149,67.00,197.78,3
CR0017BR,31.00,99.14,0
CR0018BR,31.00,99.14,0
CR0019BR,31.00,99.14,3
KRC011SZT,24.00,76.75,0
KRC001,24.00,76.75,0
KRC009,30.00,95.94,3
KRC010,40.00,127.92,3
KRC028,35.00,111.93,0
KRC017,31.00,99.14,0
KRC032,52.00,153.50,0
KRC024,34.00,108.73,0
KRC030,40.00,127.92,0
KRC031,35.00,111.93,3
KRC026,26.00,83.15,0
KRC019,44.00,129.89,3
KRC027,44.00,129.89,0
KRC025,30.00,95.94,3
KRC020,34.00,108.73,3
KRC029,26.00,83.15,3
KRC023,35.00,111.93,3
KRC021,48.00,141.70,0
E904B,50.00,147.60,3
ALCYR0282RHSET,53.00,156.46,3
ALCYR0283RHSET,41.00,121.03,3
ALCYR0284RHSET,52.00,153.50,3
ALCYR0286RHSET,41.00,121.03,3
ALCYR0287RHSET,44.00,129.89,3
ALCYR0288RHSET,44.00,129.89,3
ALCYR0289RHSET,48.00,141.70,3
ALCYR0294RHSET,37.00,118.33,3
ALCYR0295RHSET,41.00,121.03,3
ALCYR0296RHSET,34.00,108.73,0
ALCYR0306RHSET,29.00,92.74,0
ALCYR0307RHSET,29.00,92.74,0
ALCYR0308RHSET,30.00,95.94,3
ALCYR0309RHSET,42.00,123.98,3
ALCYR0310RHSET,40.00,127.92,3
ALCYR0311RHSET,35.00,111.93,0
ALCYR0312RHSET,49.00,144.65,3
ALCYR0313RHSET,47.00,138.74,0
ALCYR0314RHSET,38.00,121.52,3
ALCYR0315RHSET,42.00,123.98,0
ALCYR0316RHSET,50.00,147.60,3
ALCYR0318RHSET,47.00,138.74,0
ALCYR0319RHSET,43.00,126.94,3
ALCYR0320RHSET,44.00,129.89,0
ALCYR0321RHSET,44.00,129.89,0
ALCYR0322RHSET,43.00,126.94,3
ALCYR0324RHSET,44.00,129.89,3
ALCYR0325RHSET,38.00,121.52,3
ALCYR0326RHSET,42.00,123.98,3
ALCYR0328RHSET,37.00,118.33,3
ALCYR0330RHSET,38.00,121.52,3
ALCYR0331RHSET,40.00,127.92,0
ALCYR0332RHSET,47.00,138.74,0
ALCYR0333RHSET,36.00,115.13,0
ALCYR0334RHSET,44.00,129.89,0
ALCYR0339RHSET,47.00,138.74,0
ALCYR0341RHSET,42.00,123.98,0
ALCYR0342RHSET,36.00,115.13,3
ALCYR0343RHSET,44.00,129.89,0
ALCYR0347RHSET,40.00,127.92,0
SET-189,61.00,180.07,0
BEAD106,31.00,99.14,0
ALCYR0377EG,18.00,57.56,3
ALCYR0378E,16.00,61.01,0
ALCYR0379EY,14.00,53.38,3
ALCYR0379EG,14.00,53.38,3
ALCYR0379ER,14.00,53.38,3
ALCYR0387P,65.00,191.88,3
ALBR020,198.00,438.37,0
ALSS0120P,66.00,194.83,0
ALSS0121P,53.00,156.46,0
ALSS0122P,72.00,212.54,0
ALSS0124P,52.00,153.50,0
SET-210P,30.00,95.94,3
SET-211P,18.00,57.56,0
SET-212E,26.00,83.15,3
SET-212P,18.00,57.56,3
SET-213E,29.00,92.74,0
SET-214P,22.00,70.36,3
ALCYR0220E,29.00,92.74,3
ALCYR0220Z,24.00,76.75,3
SET-177B,61.00,180.07,0
SET-178B,61.00,180.07,0
SET-164,29.00,92.74,0
SET-165,34.00,108.73,0
SET-166,54.00,159.41,3
ALCYR0375SET,31.00,99.14,3
ALCYR0376SET,31.00,99.14,0
SET-176,43.00,126.94,3
SET-177,25.00,79.95,3
SET-178,24.00,76.75,3
ALCYR0279RHBSZ,23.00,73.55,0
ALCYR0288RHBSZ,34.00,108.73,0
ALCYR0309RHBSZ,28.00,89.54,0
ALCYR0310RHBSZ,17.00,54.37,0
ALCYR0313RHBSZ,26.00,83.15,0
ALCYR0319RHBSZ,24.00,76.75,3
ALCYR0347RHBSZ,24.00,76.75,0
E915B,114.00,308.48,0
E925SET,20.00,63.96,3
E926SET,18.00,57.56,3
E925B,83.00,224.60,3
CSB-7111,145.00,356.70,3
P907,10.00,38.13,0
P908,14.00,53.38,0
SET-179W,43.00,126.94,0
SET-179G,43.00,126.94,0
SET-179S,43.00,126.94,0
SET-179B,43.00,126.94,0
SET-179P,43.00,126.94,0
ALCYR0201RHBSZ,23.00,73.55,0
ALCYR0283RHBSZ,25.00,79.95,3
ALCYR0285RHBSZ,24.00,76.75,0
ALCYR0286RHBSZ,29.00,92.74,0
ALCYR0296RHBSZ,24.00,76.75,0
ALCYR0306RHBSZ,16.00,61.01,3
ALCYR0308RHBSZ,18.00,57.56,0
ALCYR0315RHBSZ,24.00,76.75,3
ALCYR0324RHBSZ,26.00,83.15,3
ALCYR0330RHBSZ,22.00,70.36,3
ALCYR0332RHBSZ,30.00,95.94,0
ALCYR0333RHBSZ,20.00,63.96,0
ALCYR0334RHBSZ,28.00,89.54,0
ALCYR0340RHBSZ,23.00,73.55,0
MT10049KY,14.00,53.38,0
MT10052KY,29.00,92.74,3
MT10053KY,14.00,53.38,0
MT10054KY,14.00,53.38,0
MT10055KY,14.00,53.38,0
MT10063KRG,14.00,53.38,0
MT10063KY,14.00,53.38,3
MT10063KR,14.00,53.38,3
MT10065KY,14.00,53.38,0
MT10046KRG,14.00,53.38,0
MT10046PRG,11.00,41.94,3
MT10046PY,11.00,41.94,3
MT10046PR,11.00,41.94,0
MT10046KR,17.00,54.37,0
MT10047PRG,11.00,41.94,3
MT10047KRG,14.00,53.38,0
MT10047PY,11.00,41.94,0
MT10047PR,11.00,41.94,3
MT10047KR,14.00,53.38,0
MT10048KRG,14.00,53.38,3
MT10048PRG,11.00,41.94,3
MT10048PY,11.00,41.94,3
MT10048PR,11.00,41.94,3
MT10050KRG,14.00,53.38,0
MT10049KR,14.00,53.38,0
MT10049PRG,11.00,41.94,0
MT10049PY,11.00,41.94,0
MT10049PR,11.00,41.94,0
MT10050KR,20.00,63.96,3
MT10050PRG,11.00,41.94,0
MT10050PY,11.00,41.94,0
MT10050PR,11.00,41.94,0
MT10051KRG,14.00,53.38,0
MT10051KR,14.00,53.38,0
MT10051PRG,11.00,41.94,0
MT10051PY,11.00,41.94,3
MT10051PR,11.00,41.94,3
MT10052KRG,14.00,53.38,0
MT10052PRG,11.00,41.94,3
MT10052PY,11.00,41.94,0
MT10052PRB,16.00,61.01,0
MT10053KRG,14.00,53.38,0
MT10053KR,14.00,53.38,0
MT10053PRG,11.00,41.94,3
MT10053PY,11.00,41.94,3
MT10053PR,11.00,41.94,0
MT10054KRG,14.00,53.38,0
MT10054KR,14.00,53.38,0
MT10054PRG,11.00,41.94,0
MT10054PY,11.00,41.94,3
MT10054PR,11.00,41.94,3
MT10055KRG,14.00,53.38,0
MT10055KR,14.00,53.38,0
MT10055PRG,11.00,41.94,0
MT10055PY,11.00,41.94,3
MT10055PR,11.00,41.94,3
MT10060KRG,14.00,53.38,3
MT10060PRG,11.00,41.94,3
MT10060PY,11.00,41.94,3
MT10060PR,11.00,41.94,3
MT10062KRG,14.00,53.38,0
MT10062KR,14.00,53.38,0
MT10062PRG,11.00,41.94,3
MT10062PY,11.00,41.94,3
MT10062PR,11.00,41.94,3
MT10063PRG,11.00,41.94,3
MT10063PY,11.00,41.94,3
MT10063PR,11.00,41.94,3
MT10064KRG,14.00,53.38,0
MT10064PRG,11.00,41.94,3
MT10064PY,11.00,41.94,0
MT10064PR,16.00,61.01,3
MT10065KRG,14.00,53.38,0
MT10065KR,20.00,63.96,3
MT10065PRG,11.00,41.94,3
MT10065PY,11.00,41.94,3
MT10065PR,11.00,41.94,3
MT10049KRG,14.00,53.38,0
ALCYR0365PRH,10.00,38.13,0
ZZ-1,21.95,70.20,0
ZZ-1  RAK,31.00,99.14,0
SCE-047BR,122.00,300.12,0
SET-211E,31.00,99.14,0
CEL234KG14K,191.00,422.87,0
CEL211NG14K,250.00,553.50,0
CEL213NG14K,257.00,569.00,0
RD4MM,0.12,0.46,3
CEL164BG8K,130.00,319.80,0
REL016BOKS,116.00,313.90,3
REL017BOKS,116.00,313.90,3
ALCB228G8K,126.00,309.96,0
ALCB165G8K,169.00,374.17,3
ALCYR0061BS,126.00,309.96,0
ALSER0072SSP,7.00,26.69,0
ALSER0073SSP,36.00,115.13,0
ALP070,28.00,89.54,0
ALSS0080P,58.00,171.22,0
ALSS0118E,58.00,171.22,0
ALSS0119E,58.00,171.22,0
ALSS0119B,78.00,230.26,0
ALSS0118B,78.00,230.26,0
ALKC6MS,11.00,41.94,3
ALKC6MGO,11.00,41.94,3
ALKC6MH,11.00,41.94,3
ALKC6MBR,11.00,41.94,3
ALKC6MP,11.00,41.94,3
ALKC6MV,11.00,41.94,3
ALKC6MDV,11.00,41.94,3
ALKC6MLV,11.00,41.94,3
ALKC6MNB,11.00,41.94,3
ALKC6MLT,11.00,41.94,3
ALKC6MLP,11.00,41.94,3
ALKC6MDG,11.00,41.94,3
ALKC6MDR,11.00,41.94,0
ALKC6MR,11.00,41.94,3
ALKC6MDO,11.00,41.94,0
ALKC6MY,11.00,41.94,3
ALKC6MMK,11.00,41.94,0
ALKC6MAB,11.00,41.94,3
ALKC8MDP,14.00,53.38,3
ALKC8MP,14.00,53.38,3
ALKC8MF,14.00,53.38,0
ALKC8MLV,14.00,53.38,3
ALKC8MV,14.00,53.38,3
ALKC8MO,14.00,53.38,3
ALKC8MDG,14.00,53.38,3
ALKC8MR,14.00,53.38,3
ALKC8MBR,14.00,53.38,3
ALKC8MNB,14.00,53.38,3
ALKC8MGO,14.00,53.38,0
ALKC8MS,14.00,53.38,3
ALKC8MGR,14.00,53.38,0
ALKC10MLP,22.00,70.36,3
ALKC10MLV,22.00,70.36,3
ALKC10MV,22.00,70.36,3
ALKC10MP,22.00,70.36,3
ALKC10MLT,22.00,70.36,3
ALKC10MT,22.00,70.36,0
ALKC10MGR,22.00,70.36,3
ALKC10MLB,22.00,70.36,3
ALKC10MS,22.00,70.36,0
ALKC10MO,22.00,70.36,3
ALKC10MG,22.00,70.36,3
ALKC10MLG,22.00,70.36,3
ALKC10MY,22.00,70.36,3
EL1,5.00,19.07,3
EL2,8.00,30.50,3
EL3,10.00,38.13,3
EL4,10.00,38.13,3
E611EM,31.00,99.14,3
E611P,17.00,54.37,3
E611B,53.00,156.46,3
E604P,17.00,54.37,3
ALCYR0186RH+YSET,47.00,138.74,3
ALCYR0100ERH,22.00,70.36,3
ALCYR0100PRH,20.00,63.96,3
ALCYR0102ERH,28.00,89.54,3
ALCYR0106EY,31.00,99.14,0
ALCYR0105ERH,44.00,129.89,0
ALCYR0108ERH,26.00,83.15,0
ALCYR0108PRH,14.00,53.38,3
ALCYR0109PRH,24.00,76.75,3
ALCYR0109ERH,24.00,76.75,3
ALCYR0110ERH,20.00,63.96,0
ALCYR0111ERH,22.00,70.36,0
ALCYR0111PRH,22.00,70.36,0
SET-188E,30.00,95.94,0
SET-187E,24.00,76.75,3
SET-187P,23.00,73.55,3
ALBEADS0164P,36.00,115.13,0
ALBEADS0167RHY,26.00,83.15,3
ALBEADS0168RHY,12.00,45.76,3
ALBEADS0169RHY,24.00,76.75,0
ALBEADS0170RHY,13.00,49.57,0
BEAD123,73.00,215.50,3
BEAD122,62.00,183.02,3
BEAD111,35.00,111.93,0
BEAD109,44.00,129.89,0
ALCYR0102PRH,22.00,70.36,3
ALCYR0103PRH,22.00,70.36,0
ALCYR0107PRH,26.00,83.15,3
ALCYR0106PRH,31.00,99.14,0
ALCYR0105PRH,29.00,92.74,3
ALCYR0110PRH,24.00,76.75,3
SET-188P,22.00,70.36,3
ALCH0001RH,26.00,83.15,3
ALCH0002RH,26.00,83.15,3
ALCH0003RH,37.00,118.33,3
ALCH0004RH,28.00,89.54,3
LOCK61,41.00,121.03,0
LOCK51,37.00,118.33,0
LOCK50,30.00,95.94,0
LOCK44,42.00,123.98,3
SAFETY,97.00,262.48,3
SAFETY CHAIN 24,67.00,197.78,0
SAFETY CHAIN 22,91.00,246.25,3
SAFETY CHAIN 14,53.00,156.46,0
SAFETY CHAIN 10,68.00,200.74,3
SAFETY CHAIN 6,64.00,188.93,0
RD3/75MM,0.11,0.42,3
RD3/25MM,0.08,0.31,3
RD3/5MM,0.10,0.38,3
RD5/5MM,0.24,0.92,3
RD5MM,0.18,0.69,3
ALZC8MMWHT,11.00,41.94,3
ALZC12MMWHT,16.00,61.01,3
ALZC12MMFRHT,14.00,53.38,3
ALZC20MMRHT,24.00,76.75,3
ALMS001Y,35.00,111.93,0
ALMS005Y,35.00,111.93,0
ALMS008Y,37.00,118.33,0
NRC018,55.00,162.36,0
NRC020,35.00,111.93,0
NRC019,86.00,232.72,3
KRC003,29.00,92.74,0
KRC034,29.00,92.74,0
ALCYR0420N,34.00,108.73,3
ALCYR0420K,20.00,63.96,3
ALCYR0421K,23.00,73.55,0
ALCYR0421N,41.00,121.03,0
AN783NR,26.00,83.15,0
ALSD0023N,40.00,127.92,0
ALSD0021B,34.00,108.73,0
ALBEAD0154S,24.00,76.75,3
CH0004,26.00,83.15,0
CH0005,26.00,83.15,0
CH0006,26.00,83.15,0
CH0007,26.00,83.15,0
CH0008,26.00,83.15,0
CH0009,26.00,83.15,0
CH0010,20.00,63.96,0
CH0011,20.00,63.96,0
CH0012,20.00,63.96,0
CH0018,20.00,63.96,0
CH0030,29.00,92.74,0
CH0031,29.00,92.74,0
CH0032,29.00,92.74,0
CH0033,29.00,92.74,0
CH0034,29.00,92.74,0
CH0035,29.00,92.74,0
CH0041,42.00,123.98,0
CH0042,42.00,123.98,0
CH0043,22.00,70.36,0
CH0044,17.00,54.37,0
CH0052,18.00,57.56,0
CH0053,17.00,54.37,0
CH0054,22.00,70.36,0
CH0056,22.00,70.36,0
CH0059,28.00,89.54,0
CH0062,30.00,95.94,0
CH0065,70.00,206.64,0
CH0070,41.00,121.03,0
CH0072,37.00,118.33,0
CH0074,25.00,79.95,0
CH0075,43.00,126.94,0
CH0076,40.00,127.92,0
CH0072-1,37.00,118.33,3
CH0072-2,36.00,115.13,0
CH0072-3,38.00,121.52,0
CH0035-1,28.00,89.54,0
CH0009-1,26.00,83.15,0
CH0009-2,26.00,83.15,0
CH0012-1,20.00,63.96,0
CH0012-2,20.00,63.96,0
CH0012-3,20.00,63.96,0
CH0012-4,18.00,57.56,0
CH0012-5,20.00,63.96,3
CH0084,26.00,83.15,0
CH0085,40.00,127.92,0
CH0051-2,26.00,83.15,0
CH0086,42.00,123.98,0
CH0089,28.00,89.54,0
CH0092,54.00,159.41,0
CH0098,22.00,70.36,0
CH0108,22.00,70.36,0
CH0109,17.00,54.37,0
CH0111,29.00,92.74,0
CH0112,22.00,70.36,0
CH0113,22.00,70.36,0
CH0114,30.00,95.94,0
CH0115,20.00,63.96,0
CH0116,56.00,165.31,0
CH0117,16.00,61.01,0
CH0118,16.00,61.01,0
CH0121,30.00,95.94,0
CH0122,22.00,70.36,0
CH0124,29.00,92.74,0
CH0126-1,25.00,79.95,0
CH0126-2,25.00,79.95,0
CH0126-3,25.00,79.95,0
CH0126-4,25.00,79.95,0
CH0127-1,47.00,138.74,0
CH0127-2,47.00,138.74,0
CH0128,17.00,54.37,0
CH0089-1,28.00,89.54,0
CH0089-2,28.00,89.54,0
CH0089-3,28.00,89.54,0
CH0128-1,17.00,54.37,0
CH0035-2,28.00,89.54,0
CH0035-3,34.00,108.73,0
CH0059-1,28.00,89.54,0
CH0059-2,28.00,89.54,0
CH0059-3,28.00,89.54,0
CH0059-4,28.00,89.54,0
CH0059-5,28.00,89.54,0
CH0059-6,28.00,89.54,0
CH0059-7,28.00,89.54,0
CH0059-8,28.00,89.54,0
CH0131,28.00,89.54,0
CH0132,28.00,89.54,0
CH0138,42.00,123.98,0
CH0139,36.00,115.13,0
CH0153-1,23.00,73.55,0
CH0153-2,23.00,73.55,0
CH0153-3,23.00,73.55,0
CH0153-4,23.00,73.55,0
CH0153-5,23.00,73.55,0
CH0153-6,23.00,73.55,0
CH0162,12.00,45.76,0
CH0164,17.00,54.37,0
CH0089-4,28.00,89.54,0
CH0175,29.00,92.74,0
CH0176,17.00,54.37,0
CH0177,13.00,49.57,0
CH0186,22.00,70.36,0
CH0190,35.00,111.93,0
CH0191-1,35.00,111.93,0
CH0191-2,35.00,111.93,0
CH0191-3,35.00,111.93,0
CH0204,23.00,73.55,0
CH0205,23.00,73.55,0
CH0100,23.00,73.55,0
CH0103-1,22.00,70.36,0
CH0103-2,22.00,70.36,0
CH0103-3,22.00,70.36,0
CH0103-5,22.00,70.36,0
CH0125-1,25.00,79.95,0
CH0125-4,25.00,79.95,0
CH0103-6,22.00,70.36,0
CH0103-7,22.00,70.36,0
CH0129-1,20.00,63.96,0
CH0129-2,20.00,63.96,0
CH0129-3,20.00,63.96,0
CH0154-1,18.00,57.56,0
CH0154-2,18.00,57.56,0
CH0154-3,18.00,57.56,0
CH0192-2,22.00,70.36,0
CH0192-4,22.00,70.36,0
CH0192-5,22.00,70.36,0
CH0192-6,22.00,70.36,0
CH0192-7,22.00,70.36,0
CH0192-8,22.00,70.36,0
CH0192-9,22.00,70.36,0
CH0193-1,26.00,83.15,0
CH0193-2,26.00,83.15,0
CH0193-3,26.00,83.15,0
CH0193-4,26.00,83.15,0
CH0193-5,26.00,83.15,0
CH0194-1,30.00,95.94,0
CH0194-2,30.00,95.94,0
CH0196-1,24.00,76.75,3
CH0196-2,24.00,76.75,0
CH0100-1,23.00,73.55,0
CH0100-2,23.00,73.55,0
CH0106-1,22.00,70.36,0
CH0130-1,20.00,63.96,0
CH0130-2,20.00,63.96,0
CH0130-3,20.00,63.96,0
CH0130-4,20.00,63.96,0
CH0130-6,20.00,63.96,0
CH0130-7,20.00,63.96,0
CH0130-8,20.00,63.96,0
CH0188-2,20.00,63.96,0
CH0188-3,20.00,63.96,0
CH0188-4,20.00,63.96,0
CH0188-5,20.00,63.96,0
CH0188-6,20.00,63.96,0
CH0188-7,20.00,63.96,0
CH0234-1,20.00,63.96,0
CH0234-2,20.00,63.96,0
CH0234-4,20.00,63.96,0
CH0234-6,20.00,63.96,0
CH0237-1,12.00,45.76,0
CH0237-2,11.00,41.94,3
CH0237-3,11.00,41.94,3
CH0238-1,22.00,70.36,0
CH0238-2,22.00,70.36,0
CH0238-3,22.00,70.36,0
CH0238-4,22.00,70.36,0
CH0239-1,16.00,61.01,0
CH0239-2,16.00,61.01,0
CH0239-3,16.00,61.01,0
CH0239-4,16.00,61.01,0
CH0239-5,16.00,61.01,0
CH0239-6,16.00,61.01,0
CH0013,13.00,49.57,0
CH0014,13.00,49.57,0
CH0015,13.00,49.57,0
CH0019,29.00,92.74,0
CH0020,29.00,92.74,0
CH0021,17.00,54.37,0
CH0022,17.00,54.37,0
CH0023,17.00,54.37,0
CH0024,28.00,89.54,0
CH0025,28.00,89.54,0
CH0026,28.00,89.54,0
CH0027,28.00,89.54,0
CH0028,28.00,89.54,0
CH0029,28.00,89.54,0
CH0038,22.00,70.36,0
CH0039,22.00,70.36,0
CH0040,22.00,70.36,0
CH0045-1,24.00,76.75,0
CH0046,42.00,123.98,0
CH0047,34.00,108.73,0
CH0048,38.00,121.52,0
CH0049,34.00,108.73,0
CH0050,25.00,79.95,0
CH0057,24.00,76.75,0
CH0019-1,25.00,79.95,0
CH0019-2,26.00,83.15,3
CH0029-1,30.00,95.94,0
CH0029-2,29.00,92.74,0
CH0050-3,25.00,79.95,0
CH0045-2,24.00,76.75,0
CH0203,11.00,41.94,0
CH0206,28.00,89.54,0
CH0208,25.00,79.95,0
CH0209,26.00,83.15,0
CH0210,17.00,54.37,0
CH0211,14.00,53.38,0
CH0212,10.00,38.13,0
CH0213,26.00,83.15,0
CH0214,13.00,49.57,0
CH0215,20.00,63.96,0
CH0216,17.00,54.37,0
CH0217,20.00,63.96,0
CH0218,17.00,54.37,0
CH0219,17.00,54.37,0
CH0222,36.00,115.13,0
CH0224,23.00,73.55,0
CH0226,7.00,26.69,0
CH0227,22.00,70.36,0
CH0230,17.00,54.37,0
CH0231,24.00,76.75,0
CH0233,23.00,73.55,0
CH0234-3,20.00,63.96,0
CH0234-5,20.00,63.96,0
CH0236,13.00,49.57,0
CH0001,41.00,121.03,0
CH0002,41.00,121.03,0
CH0003,41.00,121.03,0
CH0016,20.00,63.96,0
CH0017,20.00,63.96,0
CH0036,20.00,63.96,0
CH0037,20.00,63.96,0
CH0060,18.00,57.56,0
CH0061,18.00,57.56,0
CH0063,47.00,138.74,0
CH0064,37.00,118.33,0
CH0066,34.00,108.73,0
CH0067,38.00,121.52,0
CH0068,36.00,115.13,0
CH0069,41.00,121.03,0
CH0073,53.00,156.46,0
CH0077,10.00,38.13,3
CH0078,7.00,26.69,3
CH0079,10.00,38.13,3
CH0060-1,18.00,57.56,0
CH0060-2,18.00,57.56,0
CH0080,10.00,38.13,3
CH0081,10.00,38.13,3
CH0082,10.00,38.13,3
CH0066-1,34.00,108.73,0
CH0066-2,34.00,108.73,0
CH0083,23.00,73.55,0
CH0088,56.00,165.31,0
CH0093,43.00,126.94,0
CH0094,34.00,108.73,0
CH0095,25.00,79.95,0
CH0097,26.00,83.15,0
CH0099,17.00,54.37,0
CH0101,16.00,61.01,0
CH0105,28.00,89.54,0
CH0107,23.00,73.55,0
CH0110,25.00,79.95,0
CH0073-1,53.00,156.46,0
CH0073-2,53.00,156.46,0
CH0119,37.00,118.33,0
CH0120,17.00,54.37,0
CH0123,17.00,54.37,0
CH0050-1,25.00,79.95,0
CH0050-2,25.00,79.95,0
CH0050-5,25.00,79.95,0
CH0050-6,25.00,79.95,0
CH0050-7,25.00,79.95,0
CH0073-3,53.00,156.46,0
CH0068-1,24.00,76.75,0
CH0133,23.00,73.55,0
CH0135,26.00,83.15,0
CH0136,29.00,92.74,0
CH0137,38.00,121.52,0
CH0140,26.00,83.15,0
CH0141,22.00,70.36,0
CH0143,11.00,41.94,0
CH0145,10.00,38.13,0
CH0146,26.00,83.15,0
CH0149,18.00,57.56,0
CH0152,18.00,57.56,0
CH0150,37.00,118.33,0
CH0155,17.00,54.37,0
CH0156,44.00,129.89,0
CH0157,20.00,63.96,0
CH0158,28.00,89.54,0
CH0159,17.00,54.37,0
CH0161,17.00,54.37,0
CH0163,23.00,73.55,0
CH0173,29.00,92.74,0
CH0178,31.00,99.14,0
CH0180,53.00,156.46,0
CH0181,20.00,63.96,0
CH0182,11.00,41.94,0
CH0184,35.00,111.93,0
CH0185,11.00,41.94,0
CH0187,23.00,73.55,0
CH0198,12.00,45.76,0
CH0201,22.00,70.36,0
CH0202-1,12.00,45.76,0
CH0202-3,12.00,45.76,0
CH0055,23.00,73.55,0
CH0058,24.00,76.75,0
CH0071,40.00,127.92,0
CH0090-1,28.00,89.54,0
CH0090-2,28.00,89.54,0
CH0096,26.00,83.15,0
CH0096-1,17.00,54.37,0
CH0096-2,28.00,89.54,0
CH0096-3,28.00,89.54,0
CH0058-1,24.00,76.75,0
CH0058-2,24.00,76.75,0
CH0090-4,28.00,89.54,0
CH0096-4,28.00,89.54,0
CH0090-5,28.00,89.54,0
CH0134,25.00,79.95,0
CH0144,36.00,115.13,0
CH0107-1,12.00,45.76,0
CH0160-2,25.00,79.95,0
CH0165-1,22.00,70.36,0
CH0165-2,22.00,70.36,0
CH0165-3,22.00,70.36,0
CH0165-4,22.00,70.36,0
CH0165-5,22.00,70.36,0
CH0165-6,22.00,70.36,0
CH0165-7,22.00,70.36,0
CH0165-8,22.00,70.36,0
CH0166,25.00,79.95,0
CH0167-1,34.00,108.73,0
CH0167-2,34.00,108.73,0
CH0167-3,34.00,108.73,0
CH0167-4,34.00,108.73,0
CH0167-5,34.00,108.73,0
CH0167-6,34.00,108.73,0
CH0168,17.00,54.37,0
CH0170-1,37.00,118.33,0
CH0170-2,37.00,118.33,0
CH0170-3,37.00,118.33,0
CH0170-4,37.00,118.33,0
CH0171-1,28.00,89.54,0
CH0172,25.00,79.95,0
CH0171-2,28.00,89.54,0
CH0189-1,24.00,76.75,0
CH0189-2,24.00,76.75,0
CH0189-3,24.00,76.75,0
CH0189-4,24.00,76.75,0
CH0195,34.00,108.73,0
CH0200,29.00,92.74,0
CH0207,17.00,54.37,0
CH0130-5,20.00,63.96,0
CH0169-1,40.00,127.92,0
CH0169-2,40.00,127.92,0
CH0169-3,40.00,127.92,0
CH0169-4,40.00,127.92,0
CH0169-5,40.00,127.92,0
CH0169-6,40.00,127.92,0
CH0169-7,40.00,127.92,0
CH0169-8,40.00,127.92,0
PL0101NG14K,389.00,813.40,0
PL0103NG14K,421.00,880.31,0
PL0112BG14K,449.00,938.86,0
PL0112NG14K,455.00,951.40,0
PL0123NG14K,318.00,704.05,0
PL0027NG14K,303.00,670.84,0
PL0122NG14K,338.00,706.76,0
PL0099NG14K,536.00,1120.78,0
PL0097NG14K,447.00,934.68,0
PL0100NG14K,458.00,957.68,0
PL0107BG14K,297.00,657.56,0
PL0097NG8K,254.00,562.36,0
FAK055,8.00,30.50,3
FAK057,10.00,38.13,3
PL0127BG14K,136.00,334.56,0
PL0128BG14K,233.00,515.86,0
PL0129BG14K,142.00,349.32,0
PL0130BG14K,233.00,515.86,0
PL0131BG14K,233.00,515.86,0
PL0132BG14K,233.00,515.86,0
PL0111NG14K,431.00,901.22,0
PL0113NG14K,355.00,742.30,0
PL0102BG14K,264.00,584.50,0
PL0102NG14K,374.00,782.03,0
PL0120EG14K,210.00,464.94,0
PL0119EG14K,244.00,540.22,0
PL0121EG14K,276.00,611.06,0
PL0117EG14K,303.00,670.84,0
PL0118EG14K,262.00,580.07,3
PL0116EG14K,283.00,626.56,0
PL0114EG14K,449.00,938.86,0
PL0104NG14K,589.00,1231.60,0
PL0108NG14K,519.00,1085.23,0
PL0098NG14K,536.00,1120.78,0
PL0110NG14K,664.00,1347.59,0
PL0109NG14K,426.00,890.77,0
PL0105BG14K,316.00,699.62,0
PL0101BG14K,257.00,569.00,0
PL0097BG14K,317.00,701.84,0
PL0106BG14K,261.00,577.85,0
PL0115EG14K,285.00,630.99,0
ALKC10MDB,22.00,70.36,0
LOCK41,37.00,118.33,0
LOCK32,64.00,188.93,3
LOCK31,44.00,129.89,0
FAK054,10.00,38.13,3
ALCH0006RH,40.00,127.92,3
LRN6MMA,7.00,26.69,0
CEL283KRH,14.00,53.38,0
CEL284KRH,13.00,49.57,0
ALCH0003YG,29.00,92.74,3
ALCH0005YG,35.00,111.93,3
ALCH0004YG,37.00,118.33,3
ALCH0006YG,30.00,95.94,3
PL0111BG14K,305.00,675.27,0
ALSD0042B,224.00,495.94,0
ALSD0044B,134.00,329.64,0
PL0102BG8K,156.00,383.76,0
PL0101BG8K,181.00,400.73,0
PL0106BG8K,130.00,319.80,0
PL0105BG8K,174.00,385.24,0
PL0101NG8K,250.00,553.50,0
PL0099NG8K,245.00,542.43,0
PL0103NG8K,224.00,495.94,0
PL0108NG8K,238.00,526.93,0
PL0097BG8K,224.00,495.94,0
PL0107BG8K,151.00,371.46,0
PL0115EG8K,122.00,300.12,0
PL0114EG8K,235.00,520.29,3
PL0126EG8K,181.00,400.73,3
PL0118EG8K,128.00,314.88,3
PL0119EG8K,158.00,388.68,0
PL0125EG8K,204.00,451.66,0
ALSD0045B,134.00,329.64,0
ALSD0046B,122.00,300.12,0
ALSD0047B,122.00,300.12,0
ALSS0374B,149.00,366.54,0
PL0102NG8K,216.00,478.22,0
PL0110NG8K,293.00,648.70,0
PL0104NG8K,316.00,699.62,0
PL0122NG8K,188.00,416.23,0
PL0109NG8K,320.00,708.48,0
PL0123NG8K,172.00,380.81,0
PL0098NG8K,281.00,622.13,0
PL0100NG8K,175.00,387.45,0
PL0107NG8K,274.00,606.64,0
PL0027NG8K,166.00,367.52,0
PL0124NG8K,188.00,416.23,0
SY003,34.00,108.73,3
SY005,35.00,111.93,3
SY007,41.00,121.03,0
SY011,41.00,121.03,0
SY032,38.00,121.52,0
SY036,43.00,126.94,3
SY038,43.00,126.94,3
SY040,38.00,121.52,0
DZ003,41.00,121.03,0
DZ005-3,53.00,156.46,3
DZ014,37.00,118.33,0
DZ016-1,30.00,95.94,0
GS146,58.00,171.22,0
GS081-1,38.00,121.52,0
GS132,38.00,121.52,0
GS003,34.00,108.73,3
DZ058,56.00,165.31,3
DZ052-1,47.00,138.74,3
DZ052-3,47.00,138.74,3
DZ053-2,47.00,138.74,3
DZ051-1,47.00,138.74,0
SY041,42.00,123.98,0
SY037,41.00,121.03,3
SY029,38.00,121.52,0
SY025,28.00,89.54,0
SY021,34.00,108.73,3
SY002,37.00,118.33,3
CEL155NY,26.00,83.15,0
ALBEAD0122A,17.00,54.37,3
AMJ-077,23.00,73.55,0
AMJ-078,22.00,70.36,0
AMJ-079,22.00,70.36,0
AMJ-080,20.00,63.96,0
AMJ-081,20.00,63.96,0
AMJ-082,24.00,76.75,0
AMJ-083,16.00,61.01,0
AMJ-084,36.00,115.13,3
AMJ-085,22.00,70.36,0
AMJ-086,25.00,79.95,0
MMAL0018,28.00,89.54,3
MMAL0019,28.00,89.54,3
PENDANT1,26.00,83.15,0
PENDANT2,43.00,126.94,0
CROSSPENDANT,24.00,76.75,0
CROSSEARRING,24.00,76.75,0
PENDANT,14.00,53.38,0
EARRING,25.00,79.95,0
BRACELET4-1,108.00,292.25,3
BEAD5,54.00,159.41,3
BEAD6,34.00,108.73,3
FAK022B,30.00,95.94,0
K062,20.00,63.96,0
K063,20.00,63.96,0
K064,20.00,63.96,0
ALCYR0430N,37.00,118.33,3
ALSD0026N+KRH,47.00,138.74,0
ALSD0027N+KRH,49.00,144.65,0
ALSD0028N+K,42.00,123.98,0
ALSD0029N+K,43.00,126.94,0
ALSD0030N+KRH,50.00,147.60,0
ALSD0031B,29.00,92.74,0
ALSD0032B,28.00,89.54,0
ALSD0033B,30.00,95.94,0
ALSD0034B,36.00,115.13,0
ALSD0036BRH,52.00,153.50,0
ALCYR0431SET,20.00,63.96,0
MMAL0147S,47.00,138.74,3
MMAL0150S,64.00,188.93,0
MMAL0151S,59.00,174.17,0
MMAL0153S,52.00,153.50,3
MMAL0156S,25.00,79.95,0
MMAL0157S,59.00,174.17,0
MMAL0158S,77.00,227.30,0
E1126,17.00,54.37,0
BU-2L,146.00,359.16,0
CHRZ019,157.00,386.22,0
MMAL0159S,74.00,218.45,0
MMAL0161S,31.00,99.14,0
AT861,43.00,126.94,3
MMAL0167S,54.00,159.41,0
MMAL0168S,29.00,92.74,3
MMAL0171S,54.00,159.41,0
FAK056,8.00,30.50,3
DZ060,62.00,183.02,3
BEAD36,34.00,108.73,0
BEAD37,58.00,171.22,0
BEAD38,43.00,126.94,3
BEAD39,66.00,194.83,3
BEAD42,41.00,121.03,3
BEAD44,40.00,127.92,3
BEAD45,52.00,153.50,3
BEAD46,66.00,194.83,0
FL062,41.00,121.03,0
BEAD48,47.00,138.74,0
BEAD49,37.00,118.33,0
AP8497,29.00,92.74,3
AP8736,26.00,83.15,0
AP7930,14.00,53.38,3
AE13214,26.00,83.15,3
AE13228,26.00,83.15,3
MMAL0148S,30.00,95.94,0
MMAL0149S,44.00,129.89,3
MMAL0152S,36.00,115.13,3
GS142-3,64.00,188.93,0
AMJ-075,47.00,138.74,0
AMJ-076,61.00,180.07,0
AMJ-087,28.00,89.54,0
AMJ-088,26.00,83.15,0
AMJ-089,20.00,63.96,0
AMJ-090,22.00,70.36,0
AMJ-091,24.00,76.75,0
AMJ-092,20.00,63.96,0
AMJ-093,18.00,57.56,0
MMAL0160S,26.00,83.15,3
MMAL0166S,31.00,99.14,3
MMAL0170S,31.00,99.14,0
ALBEADS0172,12.00,45.76,3
ALBEADS0173,12.00,45.76,3
ALBEADS0174,12.00,45.76,3
ALBEADS0175,12.00,45.76,3
ALBEADS0176,12.00,45.76,3
ALBEADS0177,12.00,45.76,3
ALBEADS0178,12.00,45.76,3
ALBEADS0179,12.00,45.76,3
ALBEADS0180,12.00,45.76,3
ALBEADS0181,12.00,45.76,3
ALBEADS0182,12.00,45.76,3
ALBEADS0183,12.00,45.76,3
ALBEADS0184,12.00,45.76,0
ALBEADS0185,12.00,45.76,0
CRAL0168RH  X,31.00,99.14,3
AP8744,37.00,118.33,0
AS6584,60.00,177.12,3
AS6580,97.00,262.48,3
AS6579,100.00,270.60,3
AS6575,54.00,159.41,0
AS6572,83.00,224.60,0
AS6391,60.00,177.12,0
AS6110,49.00,144.65,0
AS6113,77.00,227.30,3
AS6127,52.00,153.50,0
AS5912,44.00,129.89,3
AS6114,53.00,156.46,0
ALCYR0329RHB,52.00,153.50,3
ALCYR0201RHB,42.00,123.98,3
ALCYR0309RHB,34.00,108.73,3
AH3573,53.00,156.46,0
AH3574,50.00,147.60,0
AH3575BRH,60.00,177.12,0
AH3476,60.00,177.12,3
AH3584,55.00,162.36,3
AH3767,22.00,70.36,3
AH3772,23.00,73.55,3
AH3775,18.00,57.56,0
AS5869,90.00,243.54,3
AS5868,65.00,191.88,0
HL004-6,60.00,177.12,3
ALCYR0345RHB,50.00,147.60,3
ALCYR0341RHB,30.00,95.94,0
BANGLE1,127.00,312.42,0
BANGLE2,137.00,337.02,3
ALBEADS0186,12.00,45.76,0
ALBEADS0187,12.00,45.76,3
ALBEADS0188,12.00,45.76,3
ALBEADS0189,12.00,45.76,3
ALBEADS0191,12.00,45.76,0
ALBEADS0192,12.00,45.76,3
ALBEADS0193,12.00,45.76,3
ALBEADS0194,12.00,45.76,3
ALBEADS0195,12.00,45.76,3
ALBEADS0196,12.00,45.76,0
ALBEADS0198,12.00,45.76,0
ALBEADS0199,12.00,45.76,0
ALBEADS0200,12.00,45.76,3
ALBEADS0201,12.00,45.76,3
ALBEADS0202,12.00,45.76,3
ALBEADS0203,12.00,45.76,3
ALBEADS0204,12.00,45.76,0
ALBEADS0205,12.00,45.76,0
ALBEADS0206,12.00,45.76,3
ALBEADS0207,12.00,45.76,0
ALBEADS0208,12.00,45.76,0
ALBEADS0210,12.00,45.76,3
ALBEADS0211,12.00,45.76,3
ALBEADS0212,12.00,45.76,3
ALBEADS0213,12.00,45.76,3
ALBEADS0214,12.00,45.76,3
ALBEADS0215,12.00,45.76,3
ALBEADS0216,12.00,45.76,0
ALBEADS0217,12.00,45.76,3
ALBEADS0218,12.00,45.76,3
ALBEADS0219,12.00,45.76,3
ALBEADS0220,12.00,45.76,3
ALBEADS0221,12.00,45.76,3
ALBEADS0222,12.00,45.76,3
ALBEADS0224,12.00,45.76,0
ALBEADS0225,12.00,45.76,0
ALBEADS0226,12.00,45.76,0
AA178_CL,60.00,177.12,3
AA179_CL,62.00,183.02,3
AA175_CL,60.00,177.12,3
AA181_CL,68.00,200.74,3
AA178_BR,44.00,129.89,3
AA179_BR,50.00,147.60,0
AA181_BR,50.00,147.60,3
AA175_BR,44.00,129.89,3
AA177_CL,53.00,156.46,3
AA177_BR,40.00,127.92,0
ALCH0017RH,47.00,138.74,3
ALCH0017Y,47.00,138.74,3
ALCH0018RH,49.00,144.65,3
ALCH0018Y,50.00,147.60,3
ALCH0019RH,48.00,141.70,3
ALCH0019Y,48.00,141.70,3
ALCH0020RH,56.00,165.31,3
ALCH0020Y,56.00,165.31,3
KCV59_BR,65.00,191.88,0
KCV61_BR,52.00,153.50,3
SC0073_CLRH,52.00,153.50,3
SC0073_BRRH,48.00,141.70,3
ALCH0027NRH,53.00,156.46,3
ALCH0027NY,53.00,156.46,0
KCV62_CLRH,80.00,236.16,3
KCV62_BR,54.00,159.41,3
ALCH0028NRH,48.00,141.70,0
ALCH0028NY,48.00,141.70,3
KCV64_CLRH,77.00,227.30,3
ALCH0029NRH,48.00,141.70,3
ALCH0029NY,48.00,141.70,3
ALCH0030NRH,50.00,147.60,3
ALCH0030NY,50.00,147.60,3
KCV64_BR,53.00,156.46,0
KCV60_CLRH,80.00,236.16,3
KCV60_BR,58.00,171.22,3
KCV63_CLRH,84.00,227.30,3
KCV63_BR,54.00,159.41,3
KCV54_CLRH,74.00,218.45,3
KCV56_OR,66.00,194.83,3
KCV56_BR,52.00,153.50,3
KCV53_BR,53.00,156.46,3
KCV53_CLRH,77.00,227.30,3
KCV55_BR,62.00,183.02,3
KCV55_CLRH,78.00,230.26,3
ALCH0007RH,44.00,129.89,0
ALCH0008RH,47.00,138.74,0
ALCH0009RH,41.00,121.03,0
ALCH0010RH,47.00,138.74,0
ALCH0012RH,53.00,156.46,0
ALCH0013RH,47.00,138.74,3
ALCH0014RH,52.00,153.50,0
ALCH0015RH,64.00,188.93,3
ALCH0016RH,58.00,171.22,0
ALCH0014Y,62.00,183.02,3
ALCH0015Y,64.00,188.93,3
REL008NY,86.00,232.72,0
L62_BRRH,42.00,123.98,0
L63_BRRH,40.00,127.92,0
L46_BRRH,77.00,227.30,0
L57_BRRH,55.00,162.36,0
L49_BRRH,64.00,188.93,0
L61_BRRH,58.00,171.22,0
L60_BRRH,56.00,165.31,0
L53_BRRH,76.00,224.35,0
L51_BRRH,84.00,227.30,0
L63_CLRH,67.00,197.78,0
L62_CLRH,68.00,200.74,0
ALCH0021NRH,61.00,180.07,3
ALCH0022NRH,52.00,153.50,3
KCV59_OR,95.00,257.07,3
ALCH0023NRH,65.00,191.88,3
KCV61_OR,70.00,206.64,3
ALCH0025NRH,55.00,162.36,3
ALCH0026NRH,60.00,177.12,3
KCV62_OR,58.00,171.22,3
KCV64_OR,74.00,218.45,3
KCV54_OR,68.00,200.74,3
KCV60_OR,67.00,197.78,3
KCV54_BR,52.00,153.50,3
KCV63_OR,73.00,215.50,3
KCV56_CLRH,70.00,206.64,3
KCV53_OR,74.00,218.45,3
KCV55_OR,77.00,227.30,3
ALKM0035,104.00,281.42,3
ALKM0036,110.00,297.66,0
ALKM0037,110.00,297.66,0
ALKM0038,110.00,297.66,0
ALKM0039,110.00,297.66,0
ALKM0040,110.00,297.66,0
ALKM0041,110.00,297.66,0
ALKM0042,71.00,209.59,0
ALSW0013S4MM,10.00,38.13,0
ALSW0013LB4MM,10.00,38.13,0
ALSW0013LV4MM,10.00,38.13,0
ALSW0013T4MM,10.00,38.13,0
ALSW0013R4MM,10.00,38.13,0
ALSW0013B4MM,10.00,38.13,0
ALSW0013W4MM,10.00,38.13,0
ALSW0013SZ4MM,10.00,38.13,0
ALSW0013P4MM,10.00,38.13,0
ALSW0013AB4MM,10.00,38.13,0
ALCH0007Y,44.00,129.89,0
ALCH0008Y,47.00,138.74,0
ALCH0009Y,41.00,121.03,0
ALCH0010Y,47.00,138.74,0
ALCH0012Y,53.00,156.46,3
ALCH0013Y,47.00,138.74,3
MMAL0172S,76.00,224.35,0
ALCH0021NY,61.00,180.07,3
ALCH0022NY,50.00,147.60,3
ALCH0023NY,64.00,188.93,3
ALCH0024NRH,54.00,159.41,3
ALCH0024NY,54.00,159.41,3
ALCH0025NY,55.00,162.36,3
ALCH0026NY,60.00,177.12,3
ALKUL0002,58.00,171.22,0
ALKUL0004,31.00,99.14,0
ALKUL0005,17.00,54.37,0
ALKUL0007,35.00,111.93,0
ALKUL0009,73.00,215.50,3
ALKUL0011,58.00,171.22,0
ALKUL0012,83.00,224.60,0
ALSD0050B,71.00,209.59,0
ALSD0051B,76.00,224.35,0
ALSD0052B,76.00,224.35,0
ALSD0053B,76.00,224.35,0
ALSD0054B,71.00,209.59,0
ALSD0055B,67.00,197.78,0
L46_CLRH,139.00,341.94,3
L49_CLRH,124.00,305.04,3
L57_CLRH,94.00,254.36,3
L61_CLRH,80.00,236.16,0
L60_CLRH,89.00,240.83,3
L51_CLRH,130.00,319.80,3
L55_CLRH,80.00,236.16,0
L53_CLRH,175.00,387.45,3
KCV59_CLRH,78.00,230.26,0
KCV61_CLRH,124.00,305.04,3
PL0133NG14K,554.00,1158.41,3
PL0133NG8K,208.00,460.51,0
PL0112NG8K,221.00,489.29,0
PL0113NG8K,237.00,524.72,0
PL0112BG8K,181.00,400.73,0
ALBEADS0163,26.00,83.15,3
RD10MMFL,2.00,7.63,3
LSQ6MMSH,20.00,63.96,3
LSQ8MMDRH,24.00,76.75,0
LSQ10MMDRH,20.00,63.96,0
LST10MM,26.00,83.15,3
KSKP-13,22.00,70.36,0
ZKP-13,8.00,30.50,3
SAFETY CHAIN 11,64.00,188.93,0
ZKP-11,4.00,15.25,0
KSKP-11,16.00,61.01,0
PAB19G8KSM,355.00,742.30,0
FAK060,11.00,41.94,3
FAK061,11.00,41.94,3
GR-20,104.00,281.42,3
PL0141EG8K,93.00,251.66,0
PL0027EG8K,114.00,308.48,0
PL0148EG8K,182.00,402.95,0
PL0142NG8K,151.00,371.46,0
PL0141NG8K,158.00,388.68,0
CEL277NG8K,186.00,411.80,0
PL0142BG8K,89.00,240.83,0
PL0143BG8K,127.00,312.42,0
PL0146BG8K,123.00,302.58,0
PL0144BG8K,106.00,286.84,0
PL0145BG8K,170.00,376.38,0
AS365KG8K,126.00,309.96,0
B-535,193.00,427.30,0
ALSER0074,28.00,89.54,3
ALSER0075,25.00,79.95,0
ALSER0076,31.00,99.14,3
ALSER0077,28.00,89.54,3
ALSER0078,40.00,127.92,3
B-520,145.00,356.70,0
KB-535,49.00,144.65,0
ZB-535,83.00,224.60,0
B-541,113.00,305.78,0
KB-541,44.00,129.89,0
ZB-541,28.00,89.54,3
KB-520,44.00,129.89,0
ZB-520,60.00,177.12,0
B-526,126.00,309.96,0
KB-526,54.00,159.41,0
ZB-526,53.00,156.46,0
B-533,161.00,396.06,0
KB-533,86.00,232.72,3
ZB-533,44.00,129.89,3
ALCYR0394,13.28,50.64,0
ALSD0056B,88.00,238.13,0
MCB001,55.00,162.36,0
MCB005,38.00,121.52,0
MCB006,38.00,121.52,0
MCB007,38.00,121.52,0
MCB008,38.00,121.52,0
MCB009,61.00,180.07,0
MCB010,38.00,121.52,0
PL156G14K,256.00,566.78,0
PL159G14K,276.00,611.06,0
PL150G14K,274.00,606.64,0
PL152G14K,303.00,670.84,0
PL153G14K,316.00,699.62,0
PL151G14K,374.00,782.03,0
LU033BRG8KRED,99.00,267.89,0
LU034BBG8K,145.00,356.70,0
LU035BRG8KRED,135.00,332.10,0
LU038BBG8K,93.00,251.66,0
PAC0031G14K,227.00,502.58,0
PAC0027G14K,215.00,476.01,0
PAC0026G14K,270.00,597.78,0
PAC0023G14K,303.00,670.84,0
PAC0022G14K,276.00,611.06,0
PAC0002G14K,325.00,719.55,0
PAC0025G14K,237.00,524.72,0
PAC0008G14K,255.00,564.57,0
HL-100G14K20CM,563.00,1177.23,0
PL0136NG14K,591.00,1235.78,3
PL0137NG14K,591.00,1235.78,3
PL0135NG14K,537.00,1122.87,0
PL0134NG14K,277.00,613.28,0
PL0139NG14K,553.00,1156.32,0
PL0138NG14K,361.00,754.85,0
PL0136NG8K,219.00,484.87,0
PL0135NG8K,203.00,449.44,0
PL0137NG8K,277.00,613.28,0
PMSSG8K,165.00,365.31,3
BEAD041,17.00,54.37,0
KMSS8K,376.00,786.22,3
KLY2928G8K,76.00,224.35,0
KLY2926G8K,54.00,159.41,0
KLY2915G8K,85.00,230.01,3
KLY2923G8K,64.00,188.93,0
PAP0308G8K,207.00,458.30,0
LU046BLACK,38.00,121.52,3
ALSS0120E,25.00,79.95,0
AZP0445G14K,215.00,476.01,0
PEARL0008SET,52.00,153.50,3
ALKJ0066P,40.00,127.92,3
ALKJ0066E,37.00,118.33,0
ALKJ0067P,56.00,165.31,0
ALKJ0067B,119.00,322.01,0
ALKJ0068B,119.00,322.01,0
ALKJ0068P,56.00,165.31,0
ALKJ0069E,66.00,194.83,0
ALKJ0069P,38.00,121.52,0
ALKJ0069B,124.00,305.04,0
ALKJ0070P,41.00,121.03,3
ALKJ0071P,42.00,123.98,3
ALKJ0071E,47.00,138.74,0
CH0240,8.00,30.50,3
CH0241,8.00,30.50,0
CH0242,22.00,70.36,0
CH0243,8.00,30.50,3
CH0244,8.00,30.50,0
CH0245,10.00,38.13,0
AP9185RH,29.00,92.74,3
AP9185Y,31.00,99.14,0
AP9181RH,38.00,121.52,0
AP9181Y,41.00,121.03,0
AP9180RH,53.00,156.46,0
AP9180Y,58.00,171.22,0
AP9176RH,35.00,111.93,0
MD0017,53.00,156.46,0
AP9175RH,44.00,129.89,0
AP9175Y,40.00,127.92,0
AP9173RH,31.00,99.14,0
AP9178RH,34.00,108.73,0
AP9172RH,30.00,95.94,0
AP9174RH,30.00,95.94,3
AP9183RH,34.00,108.73,0
SET-2449PTR,30.00,95.94,3
KLY2090N8K,318.00,704.05,0
GS008-1B,30.00,95.94,0
GS008-1R,30.00,95.94,0
GS008-1G,30.00,95.94,0
ALP029,44.00,129.89,0
ALP195,64.00,188.93,3
AP9194PRH,31.00,99.14,0
AE14397,13.00,49.57,0
AP9191,52.00,153.50,3
DZ015RH+Y,38.00,121.52,0
AE14404,25.00,79.95,0
AE14403,23.00,73.55,0
AE14402,29.00,92.74,0
AE14400,29.00,92.74,0
AE14394,25.00,79.95,0
AE14395,18.00,57.56,0
AE14396,25.00,79.95,0
AE14399ERHY,20.00,63.96,0
AE14406,54.00,159.41,3
AE14405,76.00,224.35,3
AP9198,64.00,188.93,3
AP9199,58.00,171.22,3
AP9195,34.00,108.73,0
AP9196,31.00,99.14,3
AP9197,35.00,111.93,0
AE14389,28.00,89.54,0
AE14390,29.00,92.74,0
AE14391,29.00,92.74,3
AE14401,42.00,123.98,3
AE14392,20.00,63.96,0
AE14386,25.00,79.95,3
AE14388,20.00,63.96,3
AE14387,20.00,63.96,0
CP-100726MY,20.00,63.96,0
ALCYR0342RHB,35.00,111.93,3
CEL155NRH,26.00,83.15,0
CEL157NRH,25.00,79.95,3
MVB-0093-1B,124.00,305.04,0
AN3484,38.00,121.52,3
AN3476,38.00,121.52,0
AH4192,30.00,95.94,0
AN3461,35.00,111.93,3
AN3485,35.00,111.93,3
AN3486,52.00,153.50,3
AN3468,48.00,141.70,0
AH4196-N,43.00,126.94,0
AH4196,34.00,108.73,3
AN3489,34.00,108.73,0
AN3483,34.00,108.73,0
AH4190,23.00,73.55,0
AH4189,23.00,73.55,0
AN3467,34.00,108.73,3
AN3459,35.00,111.93,0
AN3482,60.00,177.12,3
AN3480,43.00,126.94,3
AN3463,55.00,162.36,0
AN3466,37.00,118.33,0
AN3453,58.00,171.22,3
AN3452,60.00,177.12,3
AN3465,34.00,108.73,0
AN3462,38.00,121.52,0
AN3457,34.00,108.73,3
AN3456,42.00,123.98,3
AN3460,38.00,121.52,3
AN3458,31.00,99.14,3
AN3455,36.00,115.13,3
AN3477,52.00,153.50,3
AN3481,31.00,99.14,3
AN3472,55.00,162.36,0
AN3469,61.00,180.07,0
AN3488,49.00,144.65,0
AN3471,64.00,188.93,3
AN3473,78.00,230.26,3
AN3454,34.00,108.73,0
AN3464,30.00,95.94,3
AH4177,25.00,79.95,0
AN3487,50.00,147.60,3
AH4193,43.00,126.94,3
AN3461Y,35.00,111.93,3
AH4179Y,24.00,76.75,3
AH4195,28.00,89.54,3
AH4179,24.00,76.75,3
AH4191,24.00,76.75,3
AH4194,26.00,83.15,3
AH4197,42.00,123.98,0
AH4186,25.00,79.95,0
AH4178,40.00,127.92,0
AH4182,54.00,159.41,3
AH4181,49.00,144.65,3
AH4183,24.00,76.75,3
AH3456,34.00,108.73,3
AH4188,30.00,95.94,3
AH4185,24.00,76.75,3
AH4180,26.00,83.15,0
AH4187,30.00,95.94,3
HP001,55.00,162.36,0
HP002,175.00,387.45,3
AN3479,66.00,194.83,3
AN3475,58.00,171.22,3
HP005,35.00,111.93,3
HP020Y,35.00,111.93,0
HP040,35.00,111.93,3
HP041,37.00,118.33,0
HP042,18.00,57.56,0
HP047,106.00,286.84,0
ALBR014,124.00,305.04,0
ALBR015,166.00,367.52,0
ALBR016,156.00,383.76,0
ALBR017,83.00,224.60,0
836BRG8K,114.00,308.48,0
836NG8K,154.00,378.84,0
834BRG8K,179.00,396.31,3
834NG8K,236.00,522.50,3
840BRG8K,162.00,398.52,0
838BRG8K,117.00,316.60,0
838NG8K,158.00,388.68,0
825NG8K-KULKI,242.00,535.79,0
825BRG8K-KULKI,236.00,522.50,0
833NG8K,108.00,292.25,0
833BRG8K,99.00,267.89,0
829NG8K,135.00,332.10,0
829BRG8K,97.00,262.48,0
1714BRG8K,61.00,180.07,0
1714NG8K,101.00,273.31,0
832NG8K,207.00,458.30,0
830BRG8K,130.00,319.80,0
826BG8K,246.00,544.64,3
826NG8K,201.00,445.01,3
831BRG8K,93.00,251.66,0
831NG8K,105.00,284.13,0
837BRG8K,85.00,230.01,0
837NG8K,293.00,648.70,3
835BRG8K,176.00,389.66,0
PL0141BG8K,91.00,246.25,0
SMT-1023B-K,37.00,118.33,0
SMT-1022S-K,37.00,118.33,0
AC131165ERHW+B,43.00,126.94,3
SMT-1022K,37.00,118.33,0
SMT-1021S-K,37.00,118.33,0
AP9177SKRZYDŁORH,38.00,121.52,3
AP9177PRHPIORKO,35.00,111.93,3
AP9177PY,35.00,111.93,0
AP9177SY,35.00,111.93,0
ALCYR0472SETRH,74.00,218.45,0
AE14407Y,70.00,206.64,0
CELK23RH,20.00,63.96,0
QZE130,23.00,73.55,0
QZE87,20.00,63.96,0
QZE108,24.00,76.75,0
QZE176,36.00,115.13,0
QZE136,26.00,83.15,0
QZE138B,29.00,92.74,0
QZE128,28.00,89.54,0
QZE157,28.00,89.54,0
QZE133A,28.00,89.54,0
QZE116B,24.00,76.75,0
HSB-1283BRY,37.00,118.33,3
E-0825Y,52.00,153.50,0
E-0824,70.00,206.64,0
E-0824Y,73.00,215.50,3
HSB-1283BRH,29.00,92.74,3
HSB-1277,37.00,118.33,0
KRC016,30.00,95.94,0
ALCYR0468E,13.00,49.57,0
ALCYR0465SET,22.00,70.36,0
ALCYR0466SET,22.00,70.36,3
ALCYR0467SET,22.00,70.36,0
ALCYR0468SET,22.00,70.36,3
HSE-1283ERY,56.00,165.31,3
HSP-1283PRY,25.00,79.95,3
HSE-1283ERH,55.00,162.36,3
HSP-1283PRH,25.00,79.95,3
HSB-1277BRY,35.00,111.93,0
HSE-1277ERY,67.00,197.78,3
HSP-1277PRY,20.00,63.96,0
HSE-1277,67.00,197.78,3
HSP-1277,18.00,57.56,0
1397BRG14K,173.00,383.02,0
1714BRG14K,130.00,319.80,0
1714NG14K,242.00,535.79,0
833BRG14,173.00,383.02,0
833NG14K,261.00,577.85,0
PL0141BG14K,165.00,365.31,0
PL0141NG14K,242.00,535.79,0
PL0142NG14K,411.00,859.40,3
826BG14K,431.00,901.22,3
826NG14K,563.00,1177.23,3
PL0145BG14K,305.00,675.27,3
830BRG14K,252.00,557.93,0
835BRG14K,283.00,626.56,0
838BRG14K,371.00,775.76,3
838NG14K,494.00,1032.95,0
836BRG14K,399.00,834.31,3
836NG14K,435.00,909.58,0
837BRG14K,270.00,597.78,0
837NG14K,449.00,938.86,0
834BRG14K,292.00,646.49,3
834NG14K,422.00,882.40,3
825BRG14K-KULKI,186.00,411.80,0
825NG14K-KULKI,295.00,653.13,0
829BRG14K,195.00,431.73,0
829NG14K,285.00,630.99,0
840NG8K,208.00,460.51,0
830NG8K,172.00,380.81,0
PL0145NG8K,177.00,391.88,0
1716NG8K,170.00,376.38,0
PL0160EG8K,124.00,305.04,0
PL0115NG8K,180.00,398.52,0
PL0145NG14K,329.00,687.94,0
PL0149NG14K,375.00,784.12,0
PL0150NG14K,355.00,742.30,0
PL0150BG14K,298.00,659.77,0
PL0151NG14K,355.00,742.30,0
840NG14K,399.00,834.31,0
830NG14K,336.00,702.58,0
PL0152NG14K,383.00,800.85,0
PL0152BG14K,413.00,863.58,0
PL0153BG14K,343.00,717.21,0
PL0153NG14K,385.00,805.03,0
PL0154BG14K,414.00,865.67,0
PL0154NG14K,400.00,836.40,0
GS023,40.00,127.92,0
PAS185,23.00,73.55,3
ALBEADS0148RH,25.00,79.95,0
HB-0513KM-1,97.00,262.48,0
HB-0563-4,72.00,212.54,0
HB-0564-2,122.00,300.12,0
HB-0565-4,92.00,248.95,0
HB-0566-2,116.00,313.90,0
HB-0566-4,70.00,206.64,0
HB-0567-2,128.00,314.88,0
HB-0568-3,132.00,324.72,0
HB-0569-2,114.00,308.48,0
SET-1470B,179.00,396.31,0
HSB-0744-1,160.00,393.60,0
HP038,30.00,95.94,3
BEADNEW11,26.00,83.15,3
HP035,31.00,99.14,0
HP048,29.00,92.74,0
HP051,37.00,118.33,3
HP052,48.00,141.70,0
HP053,36.00,115.13,0
HP054,34.00,108.73,0
HP056,28.00,89.54,3
HP082,34.00,108.73,0
HP083,37.00,118.33,0
HP084,43.00,126.94,3
HP085,34.00,108.73,3
HP086,31.00,99.14,0
HP087RH,56.00,165.31,3
HP088,47.00,138.74,3
HP089,42.00,123.98,0
HP090,58.00,171.22,0
HP091,58.00,171.22,0
HP092RH,30.00,95.94,3
KCV65_CLRH,76.00,224.35,3
KCV65_BRRH,44.00,129.89,3
CEL288NRH,49.00,144.65,3
CEL288BRH,36.00,115.13,3
CEL289BRH,29.00,92.74,3
CEL289NRH,42.00,123.98,3
CEL290BRH,31.00,99.14,0
CEL290NRH,44.00,129.89,0
CEL291NRH,54.00,159.41,0
KCV65_ORRH,58.00,171.22,3
KCV65_ORRH,58.00,171.22,3
CEL293BRH,30.00,95.94,0
CEL293NRH,38.00,121.52,0
CEL295BRH,42.00,123.98,0
CEL295NRH,49.00,144.65,0
CEL296BRH,31.00,99.14,0
CEL296NRH,44.00,129.89,0
CEL297BRH,34.00,108.73,0
CEL297NRH,47.00,138.74,0
CEL304BRH,30.00,95.94,3
CEL304NRH,44.00,129.89,3
LU047,29.00,92.74,0
LU048,30.00,95.94,0
LU049,23.00,73.55,0
LU050,29.00,92.74,3
HP048BRH,52.00,153.50,3
HP006,40.00,127.92,3
HP009,29.00,92.74,0
HP058,109.00,294.95,3
HP059,54.00,159.41,3
HP060,62.00,183.02,3
HP061,77.00,227.30,3
HP062,43.00,126.94,0
HP067,44.00,129.89,0
HP068,37.00,118.33,0
HP070,29.00,92.74,3
HP095,34.00,108.73,0
HP003,48.00,141.70,0
HP019Y,49.00,144.65,0
HP019RH,49.00,144.65,0
HP020RH,35.00,111.93,0
HP021RHA,37.00,118.33,3
HP023,35.00,111.93,3
HP024,29.00,92.74,0
HP025,28.00,89.54,0
HP026,49.00,144.65,3
HP028,37.00,118.33,0
HP029,34.00,108.73,0
HP030,36.00,115.13,0
HP031,31.00,99.14,3
HP032RH,54.00,159.41,0
HP032Y,54.00,159.41,0
HP033,83.00,224.60,3
HP034,128.00,314.88,3
HP037,58.00,171.22,0
HP039,25.00,79.95,3
HP057,61.00,180.07,3
HP064,35.00,111.93,0
HP065NRH,66.00,194.83,3
HP066,44.00,129.89,3
HP078,60.00,177.12,3
HP079,56.00,165.31,0
HP080,53.00,156.46,3
CELK24RH,18.00,57.56,0
HP004,38.00,121.52,3
HP043,28.00,89.54,3
HP081,37.00,118.33,3
CEL286KRRH,83.00,224.60,0
CEL286NRH,84.00,227.30,3
CEL286BRH,38.00,121.52,0
CEL287NRH,83.00,224.60,0
CEL287KRRH,86.00,232.72,0
CEL286KRH,68.00,200.74,0
CEL287KRH,68.00,200.74,0
CEL300BRH,29.00,92.74,0
CEL300NRH,41.00,121.03,0
CEL301BRH,53.00,156.46,0
CEL301NRH,80.00,236.16,0
CEL302BRH,31.00,99.14,0
CEL302NRH,43.00,126.94,0
CEL303BRH,35.00,111.93,0
CEL303NRH,55.00,162.36,0
HP043Z,14.00,53.38,3
MVB-0093-1P,38.00,121.52,3
ALCYR0452PRH,30.00,95.94,3
ALCYR0065ES,66.00,194.83,0
ALCYR0197ERH,44.00,129.89,3
463E2312,26.00,83.15,3
ALCYR0257ERH,30.00,95.94,0
ALCYR0259E,26.00,83.15,3
E608,37.00,118.33,0
ALCYR0298E,38.00,121.52,3
ALCYR0101ERH,26.00,83.15,3
FAK019,35.00,111.93,3
HSE-0052,64.00,188.93,0
ALCYR0219ERH,42.00,123.98,3
SET-312E,40.00,127.92,3
SET-313E,23.00,73.55,3
SET-314E,31.00,99.14,0
QZE172,31.00,99.14,0
QZE173,31.00,99.14,3
QZE174,28.00,89.54,0
SET-323E,44.00,129.89,0
SET-325E,20.00,63.96,3
LSQ5MMSH,12.00,45.76,3
FAK050,17.00,54.37,3
FAK052,18.00,57.56,0
SET-305ERH,58.00,171.22,3
CH0246,8.00,30.50,0
CH0247,10.00,38.13,3
HSE-0051,53.00,156.46,3
HSB-1282BRY,31.00,99.14,3
HSE-1282ERY,38.00,121.52,0
HSP-1282PRY,22.00,70.36,3
HSE-1282ERH,36.00,115.13,0
HSP-1282PRH,22.00,70.36,3
HP049,167.00,369.74,3
HP055,104.00,281.42,0
AH3773,28.00,89.54,0
AH3776,28.00,89.54,0
AH3777,28.00,89.54,0
FP1510,40.00,127.92,3
ALCYR0208ERH,52.00,153.50,3
ALCYR0211ERH,43.00,126.94,3
ALCYR0220KRH,31.00,99.14,0
ALCYR0221KRH,37.00,118.33,3
ALCYR0226ERH,37.00,118.33,0
HSE-0032RH,31.00,99.14,3
HSE-0053RH,26.00,83.15,0
HSE-0045RH,28.00,89.54,0
MVSE-0401RWA,92.00,248.95,3
MVSE-0401RBA,91.00,246.25,3
0011-MVSE,70.00,206.64,0
ALCYR0122ERH,62.00,183.02,0
0114-MVSE,65.00,191.88,0
0112-MVSE,65.00,191.88,0
0168-MVSE,66.00,194.83,0
0050-MVSE,74.00,218.45,0
0051-MVSE,61.00,180.07,0
0052-MVSE,61.00,180.07,0
ALCYR0304E,43.00,126.94,3
HSE-0150-1A,53.00,156.46,0
NSK-0055,31.00,99.14,0
ALCYR0368ERH,42.00,123.98,3
ALCYR0374ERH,11.00,41.94,0
E08599,31.00,99.14,0
ALCYR0128PRH,24.00,76.75,3
ALCYR0136PRH,16.00,61.01,0
ALCYR0154PRH,24.00,76.75,3
ALCYR0197PRH,26.00,83.15,3
ALCYR0212PRH,13.00,49.57,3
HSP-0032RH,13.00,49.57,3
HSP-0045RH,12.00,45.76,3
ALCYR0242P,26.00,83.15,3
ALCYR0243P,14.00,53.38,3
ALSS0086P,35.00,111.93,0
ALCYR0240P,18.00,57.56,3
ALCYR0241P,18.00,57.56,3
ALCYR0258P,13.00,49.57,0
ALCYR0259P,13.00,49.57,3
0159-MVSE,65.00,191.88,0
ALCYR0123ERH,70.00,206.64,0
ALCYR0353PRH,40.00,127.92,0
ALCYR0101PRH,17.00,54.37,3
SET-186P,30.00,95.94,3
SET-313P,18.00,57.56,0
SET-314P,28.00,89.54,3
SET-324P,16.00,61.01,3
SET-325P,13.00,49.57,3
SET-304PRH,23.00,73.55,0
SET-305PRH,40.00,127.92,3
CR0025PRH,23.00,73.55,3
CR0026PRH,25.00,79.95,3
ALCYR0536PRH,13.00,49.57,0
ALCYR0537PRH,24.00,76.75,3
ALCYR0549PRH,24.00,76.75,3
ALCYR0121PRH,28.00,89.54,3
SET-312P,23.00,73.55,3
ALCYR0543PRH,17.00,54.37,3
ALCYR0122PRH,16.00,61.01,3
ALCYR0166PRH,17.00,54.37,0
ALCYR0171PRH,14.00,53.38,3
FP1510P,16.00,61.01,3
ALCYR0223PRH,18.00,57.56,0
HSP-0051,22.00,70.36,3
HSP-0052,22.00,70.36,3
NSP-0055,17.00,54.37,3
ALCYR0367PRH,11.00,41.94,3
ALCYR0372PRH,14.00,53.38,3
ALCYR0374PRH,8.00,30.50,0
RD001PB,10.00,38.13,3
ALCYR0219PRH,29.00,92.74,3
ALCYR0534PRH,16.00,61.01,3
ALSS0114E,14.00,53.38,3
ALSS0115E,10.00,38.13,0
KN003,29.00,92.74,0
KN007,29.00,92.74,0
ALCYR0541RHSET,170.00,376.38,0
ALCYR0586SET,43.00,126.94,3
MVE-006S,30.00,95.94,3
AE7939,16.00,61.01,3
ALCYR0058ERH,20.00,63.96,3
ALSS0069ES,24.00,76.75,0
ALCYR0070ERH,22.00,70.36,0
ALCYR0071ERH,17.00,54.37,3
ALCYR0073ERH,14.00,53.38,3
ALCYR0074ERH,17.00,54.37,3
ALCYR0078ERH,16.00,61.01,3
ALCYR0080ERH,30.00,95.94,3
ALCYR0081ERH,16.00,61.01,0
ALCYR0082ERH,17.00,54.37,3
ALBAG0008ES,47.00,138.74,3
ALCYR0085ERH,16.00,61.01,0
ALCYR0086ERH,26.00,83.15,0
ALCYR0087ERH,16.00,61.01,3
ALCYR0089ERH,24.00,76.75,3
ALCYR0090ERH,18.00,57.56,3
ALCYR0097ERH,38.00,121.52,3
ALCYR0126ERH,23.00,73.55,0
ALCYR0129ERH,35.00,111.93,0
ALCYR0154ERH,25.00,79.95,3
ALCYR0157ERH,14.00,53.38,0
ALCYR0168ERH,20.00,63.96,3
439E4948RH,17.00,54.37,3
440E4264RH,17.00,54.37,3
AE902,16.00,61.01,3
AC141831,16.00,61.01,3
ALCYR0195RHE,35.00,111.93,3
ALCYR0212ERH,29.00,92.74,3
463E2311,55.00,162.36,3
ALCYR0219KS,60.00,177.12,0
ALCYR0223KRH,30.00,95.94,3
ALCYR0258E,24.00,76.75,0
AE3536RH,17.00,54.37,3
AE2368RH,20.00,63.96,3
CELK7SRU,16.00,61.01,0
CELK15SRU,16.00,61.01,3
CELK01SU,17.00,54.37,0
ALCYR0299E,44.00,129.89,3
ALCYR0300E,24.00,76.75,0
ALCYR0348E,20.00,63.96,3
ALCYR0349E,25.00,79.95,3
LRDB4MMP,13.00,49.57,0
LRDB4MMZ,14.00,53.38,3
ALSER0069KRHW,41.00,121.03,3
ALCYR0351EB,36.00,115.13,0
HE003,47.00,138.74,3
SEJ0042A,37.00,118.33,0
PAP0238ERH,14.00,53.38,0
ALCYR0370ERH,43.00,126.94,3
ALCYR0372ERH,26.00,83.15,3
FAK023,25.00,79.95,0
ALCYR0525ERH,22.00,70.36,3
ALCYR0537ERH,22.00,70.36,3
ALCYR0538ERH,23.00,73.55,0
ALCYR0075ERH,23.00,73.55,0
ALCYR0084ERH,16.00,61.01,0
ALCYR0166ERH,34.00,108.73,0
ALCYR0169ERH,20.00,63.96,3
ALCYR0171ERH,13.00,49.57,0
ALCYR0172ERH,28.00,89.54,3
ALCYR0174ERH,23.00,73.55,0
ALCYR0175ERH,23.00,73.55,0
ALCYR0176ERH,23.00,73.55,0
ALCYR0177ERH,16.00,61.01,0
463E5227RH,43.00,126.94,3
415E7138RH,22.00,70.36,3
ALCYR0072ERH,24.00,76.75,3
ALCYR0076ERH,16.00,61.01,3
KN001,29.00,92.74,0
KN002,29.00,92.74,0
KN004,29.00,92.74,0
KN005,29.00,92.74,0
KN006,29.00,92.74,0
ALCYR0088ERH,18.00,57.56,0
ALCYR0130ERH,18.00,57.56,0
ALCYR0139ERH,17.00,54.37,0
ALCYR0152ERH,20.00,63.96,0
ALCYR0153ERH,20.00,63.96,3
ALCYR0173ERH,22.00,70.36,3
ALCYR0178ERH,26.00,83.15,3
408E6758RH,20.00,63.96,3
463E3439RH,23.00,73.55,0
463E5636RH,29.00,92.74,3
SE05183A,20.00,63.96,3
SEJ0002C,25.00,79.95,0
ALCYR0371ERH,12.00,45.76,0
RD001KYRB,14.00,53.38,3
RD001KYR,14.00,53.38,3
ALCYR0441KRH,30.00,95.94,0
ALCYR0532ERH,28.00,89.54,0
ALCYR0540ERH,28.00,89.54,3
ALCYR0551ERH,34.00,108.73,0
4MMKRHSZAFIR,12.00,45.76,0
4MMKRHPINK,24.00,76.75,3
4MMKRHAMETYST,12.00,45.76,0
4MMKRHGARNET,12.00,45.76,0
4MMKRHWHITE,14.00,53.38,3
ALCYR0170ERH,16.00,61.01,3
KCR027,31.00,99.14,3
ALCYR0209ERH,26.00,83.15,3
E610,26.00,83.15,0
E-0776ERH,11.00,41.94,3
LMS3X6MM,11.00,41.94,0
ALCYR0539ERH,17.00,54.37,3
ALCYR0239SE,60.00,177.12,3
ALCYR0366ERH,34.00,108.73,3
ALCYR0130PRH,10.00,38.13,3
ALCYR0134PRH,14.00,53.38,3
ALCYR0135PRH,12.00,45.76,3
ALCYR0169PRH,13.00,49.57,3
ALCYR0170PRH,14.00,53.38,3
P6060RH,16.00,61.01,3
P11966RH,17.00,54.37,3
AE909-P,11.00,41.94,3
501SP4912,16.00,61.01,0
N219Y,10.00,38.13,3
ALCYR0371PRH,8.00,30.50,0
ALCYR0373PRH,11.00,41.94,3
ALCYR0540PRH,17.00,54.37,3
P0496,29.00,92.74,0
ALCYR0553PRH,13.00,49.57,0
ALCYR0558PRH,18.00,57.56,0
ALCYR0559PRH,26.00,83.15,3
ALCYR0561PRH+Y,23.00,73.55,3
AC131222W,49.00,144.65,0
ALBEADS0230,35.00,111.93,0
ALBEADS0231,35.00,111.93,0
ALBEADS0232,35.00,111.93,0
ALBEADS0233,35.00,111.93,0
ALBEADS0234,35.00,111.93,0
ALCH0007KRH,30.00,95.94,0
ALCH0008KRH,35.00,111.93,0
ALK0001,20.00,63.96,0
ALK0002,20.00,63.96,0
ALK0003,20.00,63.96,0
ALK0004,20.00,63.96,0
ALK0005,20.00,63.96,0
ALK0007,20.00,63.96,0
ALCYR0097PRH,18.00,57.56,0
ALCYR0123PRH,18.00,57.56,0
ALCYR0124PRH,25.00,79.95,3
ALCYR0125PRH,12.00,45.76,0
ALCYR0137PRH,13.00,49.57,3
ALCYR0138PRH,16.00,61.01,3
ALCYR0139PRH,11.00,41.94,3
P6758RH,17.00,54.37,3
P3439RH,14.00,53.38,3
P5566RH,14.00,53.38,3
P4948RH,10.00,38.13,3
P5636RH,12.00,45.76,3
P7138RH,17.00,54.37,3
P4264RH,17.00,54.37,3
AC141831-P,11.00,41.94,3
ALCYR0211PRH,11.00,41.94,0
P2311,13.00,49.57,3
HSP-0053RH,12.00,45.76,3
ALCYR0369PRH,12.00,45.76,0
SE00080100001P,11.00,41.94,0
E08599P,14.00,53.38,3
ALCYR0508PW,4.00,15.25,0
ALCYR0508PA,4.00,15.25,0
ALCYR0508PP,4.00,15.25,0
ALCYR0508PS,4.00,15.25,0
ALCYR0509PW,10.00,38.13,0
ALCYR0525PRH,13.00,49.57,3
ALBEAD0155RH,37.00,118.33,3
ALBEAD0156RH,13.00,49.57,0
ALBEAD0157RH,20.00,63.96,3
GS083-3,43.00,126.94,0
GS083-1,66.00,194.83,0
GS086,47.00,138.74,0
GS159-1,41.00,121.03,0
DZ057,56.00,165.31,0
DZ002,58.00,171.22,3
GS006-10PRH,34.00,108.73,0
GS006-4WRH,76.00,224.35,0
SY014,35.00,111.93,0
GS004-7,64.00,188.93,0
DZ041,37.00,118.33,0
PL0124NG14K,360.00,752.76,0
CEL305NG8KMARIOLA,244.00,540.22,0
CEL306NG8KGABRYSIA,230.00,509.22,0
ALC199G14K,243.00,538.00,0
ALCN226G8K,137.00,337.02,0
CEL182NG8K,235.00,520.29,0
PL0113BG8K,186.00,411.80,3
PL0174NG14K,327.00,683.76,0
PL0173NG14K,382.00,798.76,0
PL0171NG14K,471.00,984.86,3
PL0172NG14K+M,341.00,713.03,0
PL0176NG14K,398.00,832.22,0
PL0170NG14K,449.00,938.86,3
PL0175NG14K,398.00,832.22,0
PL0169NG14K,366.00,765.31,0
PL0168NG14K,364.00,761.12,0
PL0181BG14K,196.00,433.94,0
PL0178BG14K,228.00,504.79,3
PL0179BG14K+M,231.00,511.43,0
PL0180BG14K,262.00,580.07,0
PL0184BG14K,208.00,460.51,0
PL0188KG14K,210.00,464.94,3
PL0187KG14K,303.00,670.84,0
PL0186KG14K,329.00,687.94,0
PL0191KG14K,251.00,555.71,0
PL0192KG14K,411.00,859.40,3
PL0190KG14K,343.00,717.21,3
PL0196KG14K,343.00,717.21,0
PL0203KG14K,343.00,717.21,0
PL0204KG14K,363.00,759.03,0
PL0185KG14K,442.00,924.22,0
PL0189KG14K,449.00,938.86,0
PL0195KG14K,524.00,1095.68,3
PL0194KG14K,413.00,863.58,0
PL0200KG14K,403.00,842.67,0
PL0202KG14K,554.00,1158.41,0
PL0199KG14K,479.00,1001.59,3
PL0201KG14K,614.00,1283.87,3
PL0197KG14K,554.00,1158.41,3
PL0198KG14K,696.00,1412.53,3
GS031,29.00,92.74,3
ALBEAD0162RH,16.00,61.01,0
ALBEAD0163RH,17.00,54.37,0
AP9174Y,34.00,108.73,0
AP9179Y,56.00,165.31,0
PL0182BG14K,217.00,480.44,0
PL0183BG14K,186.00,411.80,0
PL0177BG14K,237.00,524.72,0
ALSS0401BS,53.00,156.46,0
ALSS0408BNS,28.00,89.54,0
ALSS0416BNS,30.00,95.94,0
ALSS0419BNS,23.00,73.55,0
ALSS0420BNS,18.00,57.56,0
ALSS0421BNS,37.00,118.33,0
ALSS0422BNS,20.00,63.96,0
ALSS0423BNS,34.00,108.73,0
ALSS0425BNRH,20.00,63.96,0
ALSS0429BNY,24.00,76.75,0
ALSS0113E,18.00,57.56,0
ALSS0116E,20.00,63.96,0
PSE0015G8K,166.00,367.52,0
PZE0496G8K,102.00,276.01,0
PZE0271G8K,170.00,376.38,0
AP9177MOTYLRH,35.00,111.93,0
AP9177MOTYLY,35.00,111.93,0
AP9177KONICZYNARH,38.00,121.52,3
AP9177PTASZEKY,35.00,111.93,0
AP9177SKRZYDŁOY,35.00,111.93,0
BEADNEW6,35.00,111.93,3
BEADNEW9,18.00,57.56,3
BEADNEW15,18.00,57.56,3
BEADNEW16,18.00,57.56,3
BEADNEW20,26.00,83.15,3
QS0748,26.00,83.15,3
QS0803,41.00,121.03,0
LU051BLACK,18.00,57.56,0
FAB021,54.00,159.41,0
BREL-3,168.00,371.95,0
536-KSB,106.00,286.84,0
ALC0356G8K,192.00,425.09,3
KPL0015,309.00,684.13,3
PSE0048,272.00,602.21,3
ERG1336G8K,237.00,524.72,0
VY0053G8K,217.00,480.44,3
PSE0067G8K,204.00,451.66,3
PZE0180G8K,138.00,339.48,3
PZE0905G8K,191.00,422.87,3
PZE0571G8K,210.00,464.94,0
PVK0026EG8K,224.00,495.94,3
SD0014G8K,142.00,349.32,0
SD0008G8K,116.00,313.90,3
SD0013G8K,142.00,349.32,0
LU052,16.00,61.01,0
PVK0041G8K,163.00,360.88,3
PZE0660PG8K,101.00,273.31,0
LU053,16.00,61.01,0
LU054,16.00,61.01,3
LU055,16.00,61.01,0
PZE0660-1G14K,164.00,363.10,0
PZE0180-1G14K,281.00,622.13,0
PSE0067G14K,277.00,613.28,0
VY0053G14K,614.00,1283.87,3
ALC0356PG14K,121.00,327.43,0
ERG1336G14K,486.00,1016.23,0
PSE0048G14K,479.00,1001.59,0
KPL0015G14K,642.00,1342.42,0
ALC0356G14K,343.00,717.21,0
ALRZ0004WR+1,17.00,54.37,3
ALSS0390ES,67.00,197.78,0
ALSS0397BS,48.00,141.70,0
BEADNEW2,40.00,127.92,3
BEADNEW3,44.00,129.89,0
BEADNEW4,43.00,126.94,3
BEADNEW5,37.00,118.33,3
BEADNEW7RH,29.00,92.74,0
BEADNEW8,40.00,127.92,0
BEADNEW10,35.00,111.93,3
BEADNEW21,36.00,115.13,3
QS0051,34.00,108.73,3
QS0049,62.00,183.02,3
QS0741,31.00,99.14,3
QS0779,50.00,147.60,0
QS0032,37.00,118.33,0
QS0028,24.00,76.75,3
QS0857,42.00,123.98,0
QS0898,35.00,111.93,0
QS0747,40.00,127.92,3
QS0752,35.00,111.93,3
QS0829,37.00,118.33,3
QS0043,24.00,76.75,3
QS0764,29.00,92.74,0
QS0041G,53.00,156.46,0
QS0847,44.00,129.89,0
QS0006,43.00,126.94,0
QS0108,37.00,118.33,3
QS0925,41.00,121.03,0
QS0651,38.00,121.52,3
QS0626,76.00,224.35,0
QS0066,47.00,138.74,3
QS0657,42.00,123.98,0
QS0639,31.00,99.14,0
QS0057,37.00,118.33,3
QS0054,37.00,118.33,0
QS0083,24.00,76.75,0
QS0082,36.00,115.13,0
QS0348,41.00,121.03,0
QS0079,23.00,73.55,3
QS0076,60.00,177.12,0
QS0352,38.00,121.52,0
QS0353,41.00,121.03,0
QS0358,28.00,89.54,0
QS0072,31.00,99.14,0
QS0326,31.00,99.14,0
FL079,34.00,108.73,0
QS0071,34.00,108.73,0
QS0368,25.00,79.95,0
QS0337,28.00,89.54,0
QS0378,17.00,54.37,0
QS0028KZ,17.00,54.37,3
QS0028KN,17.00,54.37,3
QS0028SCZ,17.00,54.37,3
QS0028SN,17.00,54.37,3
BEADNEW1,29.00,92.74,0
QS0017,34.00,108.73,0
QS0798,29.00,92.74,3
QS0003,42.00,123.98,3
QS0101,56.00,165.31,0
QS0068,40.00,127.92,3
FAK021K,41.00,121.03,0
BEADNEW12,25.00,79.95,3
BEADNEW13,26.00,83.15,3
BEADNEW14,42.00,123.98,3
BEADNEW17,37.00,118.33,3
BEADNEW19,56.00,165.31,3
BEADNEW18,52.00,153.50,0
BEADNEW96,40.00,127.92,3
QS0053,41.00,121.03,0
QS0746,34.00,108.73,3
QS0048,42.00,123.98,3
QS0823,52.00,153.50,0
QS0007,42.00,123.98,3
QS0133,30.00,95.94,3
QS0125,29.00,92.74,3
QS0127,38.00,121.52,3
QS0089,20.00,63.96,0
QS0102,29.00,92.74,3
QS0091,43.00,126.94,0
QS0153,26.00,83.15,0
QS0086,24.00,76.75,0
QS0191,24.00,76.75,0
QS0095S,17.00,54.37,3
QS0106,41.00,121.03,0
QS0100,43.00,126.94,0
QS0055,34.00,108.73,3
QS0098,34.00,108.73,3
QS0096,34.00,108.73,3
ALCYR0168PRH,13.00,49.57,3
P5227RH,17.00,54.37,3
AE902-P,13.00,49.57,3
ALCYR0621PRH,17.00,54.37,3
ALCYR0623PRH,30.00,95.94,3
ALCYR0625P,24.00,76.75,3
ALBEAD0159RH,12.00,45.76,0
ALBEAD0160RH+G,16.00,61.01,3
ALBEAD0161RH,16.00,61.01,3
ALSS0384P,24.00,76.75,0
ALSS0385P,31.00,99.14,3
ALSZW0004PS,12.00,45.76,3
QS0804,26.00,83.15,0
QS0152,25.00,79.95,3
ALCYR0709PRH,58.00,171.22,0
PL0193KG14K,508.00,1062.23,3
HSB-1282BRH,31.00,99.14,3
ALCYR0562ERH,16.00,61.01,0
ALCYR0563ERH,24.00,76.75,0
ALCYR0568E,14.00,53.38,0
ALCYR0569E,22.00,70.36,3
ALCYR0570E,12.00,45.76,0
ALD0122K,4.00,15.25,0
ALD0123K,4.00,15.25,0
ALD0124K,2.00,7.63,0
ALD0125K,2.00,7.63,0
ALD0126K,2.00,7.63,0
ALD0127K,2.00,7.63,0
ALD0128K,2.00,7.63,0
ALD0129K,12.00,45.76,0
ALSD0057B,44.00,129.89,0
ALCYR0645BRH,52.00,153.50,0
ALCYR0646BRH,43.00,126.94,0
ALCYR0647BRH,52.00,153.50,3
ALCYR0649BRH,49.00,144.65,3
ALBEADS0236RH,30.00,95.94,3
ALSS0441B,52.00,153.50,0
SE05349B,26.00,83.15,3
SE03946B,29.00,92.74,0
ALCYR0574ERH,44.00,129.89,0
ALCYR0575ERH,26.00,83.15,3
ALCYR0576ERH,44.00,129.89,3
ALCYR0709ERH,73.00,215.50,0
ALSS0445K,7.00,26.69,0
ALMP0001P,22.00,70.36,0
ALCYR0509PL,10.00,38.13,3
ALCYR0509PA,10.00,38.13,0
ALCYR0574PRH,29.00,92.74,3
ALCYR0575PRH,20.00,63.96,3
ALCYR0576PRH,37.00,118.33,3
ALCYR0580E,34.00,108.73,0
ALCYR0581E,42.00,123.98,3
ALCYR0582E,56.00,165.31,0
ALSER0080Z,8.00,30.50,0
ACMH0056RHZ,11.00,41.94,3
ALCYR0564P,13.00,49.57,0
ALSS0377PRH,20.00,63.96,3
ALCYR0568P,10.00,38.13,3
ALCYR0569P,13.00,49.57,3
ALSS0378PRH,30.00,95.94,3
ALMP0001E,42.00,123.98,0
ALSS0378ERH,58.00,171.22,3
ALSS0378ERH,58.00,171.22,3
ALCYR0570P,17.00,54.37,0
ALSS0379PRH,58.00,171.22,3
ALCR0006EO,80.00,236.16,0
ALSZW0001EE,16.00,61.01,3
ALSZW0001PE,12.00,45.76,3
ALSZW0002EB,16.00,61.01,3
ALSZW0002PB,12.00,45.76,3
ALSZW0003EW,16.00,61.01,3
ALSZW0003PW,12.00,45.76,3
ALSZW0004ES,16.00,61.01,3
ALCH0009KY,22.00,70.36,0
MCK011,29.00,92.74,3
MCK012,29.00,92.74,0
ALSER0079K,24.00,76.75,0
ALSS0442Z,11.00,41.94,0
ALSS0442K,23.00,73.55,0
ALSW0014SETW,62.00,183.02,0
ALSW0015PY,18.00,57.56,0
ALSW0037SETW,24.00,76.75,0
ALSW0038EW,24.00,76.75,3
ALSW0039EW,24.00,76.75,0
ALSW0014EW,44.00,129.89,0
ALSW0037EW,22.00,70.36,0
ALSW0054EBR12MM,24.00,76.75,3
ALSW0054EP12MM,24.00,76.75,3
ALSW0054ELV12MM,24.00,76.75,0
ALSW0054EG12MM,24.00,76.75,3
ALSW0054EEM12MM,24.00,76.75,3
ALSW0054ELY12MM,24.00,76.75,0
ALSW0054ELB12MM,24.00,76.75,3
ALSW0054EDP12MM,24.00,76.75,0
ALSW0054EY12MM,24.00,76.75,3
ALSW0054EVO12MM,24.00,76.75,0
ALSW0054ER12MM,24.00,76.75,0
ALSW0054ES12MM,24.00,76.75,0
MMAL0173,42.00,123.98,0
PL0193KG8K,232.00,513.65,0
PL0200KG8K,246.00,544.64,0
PL0195KG8K,246.00,544.64,0
PL0201KG8K,301.00,666.41,0
PL0199KG8K,239.00,529.15,0
PL0196KG8K,154.00,378.84,0
PL0191KG8K,116.00,313.90,0
PL0186KG8K,158.00,388.68,0
PL0187KG8K,182.00,402.95,0
PL0188KG8K,90.00,243.54,0
PL0192KG8K,177.00,391.88,3
PL0190KG8K,149.00,366.54,0
PL0189KG8K,216.00,478.22,0
PL0203KG8K,158.00,388.68,0
PL0202KG8K,219.00,484.87,0
PL0204KG8K,166.00,367.52,0
PL0194KG8K,246.00,544.64,3
PL0174NG8K,163.00,360.88,0
PL0172NG8K+M,194.00,429.52,0
PL0179BG8K+M,140.00,344.40,0
PL0182BG8K,81.00,239.11,0
PL0183BG8K,101.00,273.31,0
PL0180BG8K,124.00,305.04,0
PL0181BG8K,118.00,319.31,0
PL0184BG8K,104.00,281.42,0
PL0177BG8K,142.00,349.32,0
PL0178BG8K,117.00,316.60,0
ALSS0453NRH,145.00,356.70,3
ALSS0454NRH,124.00,305.04,3
ALSS0455NRH,92.00,248.95,3
ALSS0456NRH,66.00,194.83,3
ALSS0457NRH,74.00,218.45,3
ALSS0458BRH,70.00,206.64,0
ALSS0459BRH,49.00,144.65,3
LE1324,14.00,53.38,0
ME02825A,14.00,53.38,3
ALSS0448,16.00,61.01,0
ALSS0451,24.00,76.75,0
PL0143PG8K,59.00,174.17,0
PL0197KG8K,232.00,513.65,3
PL0207KG8K,164.00,363.10,0
PL0206KPG8K,142.00,349.32,0
ME03996B,25.00,79.95,0
AE8520,28.00,89.54,0
AE8748Y,13.00,49.57,0
AE8753Y,16.00,61.01,3
AE8749,26.00,83.15,0
SE05119A,26.00,83.15,3
SEW0040A,18.00,57.56,0
SEW0039A,14.00,53.38,0
PL0143NG8K,154.00,378.84,0
PL0172NG14K+A,350.00,731.85,0
PL0172NG14K+K,338.00,706.76,0
CEL243NG8KLILJANA,230.00,509.22,0
CEL243NG8KAGATA,252.00,557.93,3
CEL243NG8KJUSTYNA,252.00,557.93,3
CEL243NG8KLAURA,252.00,557.93,0
CEL243NG8KELA,252.00,557.93,3
CEL243NG8KZUZANNA,244.00,540.22,3
CEL243NG8KRENATA,252.00,557.93,3
CEL243NG8KNADIA,244.00,540.22,3
CEL243NG8KNIKOLA,252.00,557.93,3
CEL243NG8KEWA,252.00,557.93,3
CEL243NG8KDARIA,244.00,540.22,0
CEL243NG8KBASIA,252.00,557.93,0
CEL243NG8KTERESA,244.00,540.22,3
CEL243NG8KANGELIKA,263.00,582.28,3
PL0172NG8K+K,205.00,453.87,3
PL0172NG8K+A,194.00,429.52,3
PL0179BG14K+A,256.00,566.78,0
PL0179BG14K+K,256.00,566.78,0
PL0179BG8K+A,143.00,351.78,0
PL0179BG8K+K,140.00,344.40,0
LU056G8KBLACK,90.00,243.54,3
LU057G8KBLACK,101.00,273.31,3
LU058G8K,46.00,135.79,0
LU059G8KBLACK,83.00,224.60,3
LU060G8KBLACK,101.00,273.31,0
AC130801BRH,20.00,63.96,3
ALCYR0404WNRH,299.00,661.99,3
ALCYR0404WKBRH,55.00,162.36,3
ALCYR0404WZRH,29.00,92.74,0
ALCYR0405BNRH,290.00,642.06,0
SET-320B,64.00,188.93,0
FAB053,24.00,76.75,0
ALCYR0432N,49.00,144.65,3
ALCYR0433N,49.00,144.65,3
ALCYR0434N,31.00,99.14,0
ALCYR0437N,44.00,129.89,3
ALCYR0438NRH,50.00,147.60,0
ALCYR0439NRH,73.00,215.50,0
ALCYR0440NRH,47.00,138.74,0
ALCYR0441NRH,47.00,138.74,0
AN3474,108.00,292.25,0
ALCYR0434RH,38.00,121.52,3
HP094,131.00,322.26,3
ALCYR0449N,26.00,83.15,3
ALCYR0449B,23.00,73.55,3
HUN-16,97.00,262.48,3
SIL0001N,65.00,191.88,0
SIL0002N,82.00,221.89,0
SIL0002B,37.00,118.33,0
SIL0003B,17.00,54.37,0
SIL0003N,37.00,118.33,0
SIL0004N,31.00,99.14,3
SIL0004B,16.00,61.01,0
SIL0005N,83.00,224.60,0
SIL0011B,54.00,159.41,0
BEAD16,35.00,111.93,3
BEAD17,38.00,121.52,0
BEAD18,38.00,121.52,3
BEAD19,40.00,127.92,3
BEAD20,37.00,118.33,3
BEAD21,41.00,121.03,0
BEAD22,38.00,121.52,0
BEAD23,38.00,121.52,0
BEAD24,37.00,118.33,3
BEAD25,37.00,118.33,3
BEAD27,37.00,118.33,3
BEAD29,52.00,153.50,0
BEAD32KIELISZEK,43.00,126.94,3
BEAD34,47.00,138.74,0
BEAD35,35.00,111.93,0
BEAD54,28.00,89.54,0
BEAD60,56.00,165.31,0
BEAD64,38.00,121.52,0
BEAD65,35.00,111.93,0
BEAD72,37.00,118.33,0
BEAD73,35.00,111.93,0
BEAD74,40.00,127.92,0
BEAD75,31.00,99.14,0
GS181,38.00,121.52,3
BEAD84,25.00,79.95,3
BEAD87,28.00,89.54,3
BEAD88,44.00,129.89,0
BEAD95,48.00,141.70,0
BEAD96,44.00,129.89,3
BEAD97,35.00,111.93,0
BEAD98,35.00,111.93,3
BEAD99,52.00,153.50,3
BEAD101 LIFE,34.00,108.73,3
BEAD109 OWL,28.00,89.54,0
BEAD130,30.00,95.94,0
BEAD131,31.00,99.14,0
BEAD132,30.00,95.94,0
BEAD133,48.00,141.70,3
BEAD134,31.00,99.14,0
BEAD135,49.00,144.65,0
BEAD136,31.00,99.14,0
BEAD138,31.00,99.14,0
BEAD143,37.00,118.33,0
BEAD144,35.00,111.93,0
BEAD151,42.00,123.98,0
BEAD153,31.00,99.14,0
BEAD155,31.00,99.14,0
BEAD157,37.00,118.33,0
BEAD171,48.00,141.70,0
BEAD173,62.00,183.02,3
BEAD174,30.00,95.94,0
BEAD176,53.00,156.46,0
BEAD178,31.00,99.14,3
BEAD179,31.00,99.14,0
DZ079RH,54.00,159.41,0
BEAD181,38.00,121.52,0
BEAD183,30.00,95.94,3
BEAD185,38.00,121.52,0
BEAD186,44.00,129.89,0
R277-162-62,35.00,111.93,3
BEAD1,38.00,121.52,0
GS197,61.00,180.07,0
BEAD4,47.00,138.74,3
BEAD11,44.00,129.89,3
DZ091,61.00,180.07,0
BEAD40,31.00,99.14,0
BEAD50,35.00,111.93,0
BEAD57,48.00,141.70,3
BEAD59,35.00,111.93,0
BEAD68,36.00,115.13,0
BEAD69,49.00,144.65,0
BEAD79,31.00,99.14,0
BEAD91,36.00,115.13,0
BEAD105 STAR,31.00,99.14,0
BEAD137,35.00,111.93,0
BEAD139,38.00,121.52,3
BEAD141,38.00,121.52,0
BEAD145,49.00,144.65,0
DZ092RH,31.00,99.14,0
BEAD150,48.00,141.70,0
BEAD162,53.00,156.46,0
BEAD163,31.00,99.14,0
BEAD164,37.00,118.33,3
BEAD166,38.00,121.52,3
BEAD168,36.00,115.13,0
BEAD170,43.00,126.94,0
BEAD81,29.00,92.74,0
BEAD82,38.00,121.52,3
BEAD83DOT,37.00,118.33,3
BEAD90HEART,43.00,126.94,0
BEAD94,52.00,153.50,0
BEAD105PARROT,58.00,171.22,3
BEAD126,40.00,127.92,0
BEAD128STAR,37.00,118.33,0
BEAD130PARROT,62.00,183.02,3
BEAD153MOM,52.00,153.50,0
BEAD165SNAKE,55.00,162.36,3
BEAD166BEE,61.00,180.07,3
BEAD173SEA,31.00,99.14,0
BEAD175HP,37.00,118.33,0
PL0175NG8K,226.00,500.36,0
PL0168NG8K,176.00,389.66,0
PL0169NG8K,217.00,480.44,0
PL0176NG8K,203.00,449.44,0
PL0170NG8K,172.00,380.81,0
PL0171NG8K,188.00,416.23,0
PL0173NG8K,189.00,418.45,0
MD1505,28.00,89.54,0
MD1306,24.00,76.75,0
MD1509,20.00,63.96,0
MD1022,12.00,45.76,0
MD1507,20.00,63.96,0
MD1012,25.00,79.95,0
MD1023,14.00,53.38,0
MD1304,25.00,79.95,0
MD1001,40.00,127.92,0
KD2016,11.00,41.94,0
KD2017,11.00,41.94,0
BEAD6BOY,38.00,121.52,0
BEAD7GIRL,43.00,126.94,0
BEAD30,31.00,99.14,3
BEAD31,31.00,99.14,3
BEAD61,37.00,118.33,3
R277-162-60,40.00,127.92,0
BEAD62,53.00,156.46,3
M-275,34.00,108.73,0
AP9174RG,30.00,95.94,3
AP9181RG,35.00,111.93,0
AP9180RG,47.00,138.74,0
BEAD63,56.00,165.31,3
BEAD66,52.00,153.50,3
BEAD76,37.00,118.33,0
R277-162-33,35.00,111.93,3
BEAD124,41.00,121.03,3
BEAD14,41.00,121.03,0
BEAD49,23.30,74.51,0
BEAD49 MOTYL,35.00,111.93,0
M-602,14.00,53.38,0
MD1102,38.00,121.52,0
MD1111,26.00,83.15,0
MD1101,40.00,127.92,0
M-078S,28.00,89.54,0
M-060,20.00,63.96,0
PL0143EG8K,105.00,284.13,0
PL0143EYG,16.00,61.01,0
PL0143BYG,29.00,92.74,0
RIV012ESH,16.00,61.01,3
RIV020EY,16.00,61.01,0
RIV018EEM,16.00,61.01,3
RIV014PS,8.00,30.50,3
RIV010PP,8.00,30.50,3
RIV015PVO,8.00,30.50,3
RIV018PEM,8.00,30.50,0
RIV019PO,8.00,30.50,0
RIV008PDP,8.00,30.50,3
RIV017PLB,8.00,30.50,3
RIV016PVL,8.00,30.50,3
RIV005PW,8.00,30.50,3
RIV004PR,8.00,30.50,3
ALSW0054PR12MM,13.00,49.57,3
ALSW0054PVO12MM,13.00,49.57,0
ALSW0054PLB12MM,13.00,49.57,0
ALSW0054PDP12MM,13.00,49.57,0
ALSW0054PS12MM,13.00,49.57,0
ALSW0054PVL12MM,13.00,49.57,3
ALSW0054PP12MM,13.00,49.57,3
ALKC8MAB,14.00,53.38,0
PL223B8K,188.00,416.23,0
PL223N8K,238.00,526.93,0
PL230B8K,141.00,346.86,0
PL228EG8K,223.00,493.72,3
PL227EG8K,224.00,495.94,3
PL224EG8K,90.00,243.54,0
PL225EG8K,239.00,529.15,3
PL226EG8K,154.00,378.84,0
PL0143NYG,28.00,89.54,0
PL0143BRH,29.00,92.74,0
PL0143ERH,25.00,79.95,0
PL0143NRH,29.00,92.74,0
ALMS015RH,28.00,89.54,0
ALMS015Y,28.00,89.54,0
ALSS0449,20.00,63.96,0
E-0739,94.00,254.36,3
E-0746P,29.00,92.74,0
E-0748,48.00,141.70,3
E-0751C1,95.00,257.07,3
P-0910C1,128.00,314.88,3
SET-1229E-C1,60.00,177.12,0
SET-1479E+HE-1220-1,60.00,177.12,0
SET-1521E+HE-1220-1,56.00,165.31,0
SET-1524B,48.00,141.70,0
E-0738,54.00,159.41,0
E-0747,61.00,180.07,0
P-0886C1,41.00,121.03,0
P-0954,139.00,341.94,3
SET-1228E-C1,78.00,230.26,0
SET-1521P-C2,64.00,188.93,3
SET-1524P,70.00,206.64,3
LU015G8K,105.00,284.13,0
LU016G8KBLACK,154.00,378.84,0
LU017G8K,60.00,177.12,0
LU020G8KBLACK,61.00,180.07,0
LU021G8K,42.00,123.98,0
LU023G8K,100.00,270.60,0
LU025G8KRED,71.00,209.59,0
KM-E-0622C,42.00,123.98,3
KM-HSE-0653,56.00,165.31,3
SET-1480E,34.00,108.73,0
SET-1482E-C2,49.00,144.65,3
SET-1521E,54.00,159.41,0
PSE0026G8K,246.00,544.64,0
PSZ0026G8K,111.00,300.37,0
PSE0028G8K,378.00,790.40,3
PSE0029G8K,309.00,684.13,3
PSE0030G8K,170.00,376.38,0
PSE0031G8K,148.00,364.08,0
PSE0032G8K+WB,208.00,460.51,0
PSE0036G8K+WG,188.00,416.23,0
PSZ0036G8K+WG,108.00,292.25,0
PSE0038G8K,186.00,411.80,3
PSE0039G8K,208.00,460.51,3
PSZ0040G8K,122.00,300.12,0
PSE0042G8K,156.00,383.76,0
PSE0043G8K,254.00,562.36,0
PSE0044G8K,154.00,378.84,0
PSE0045G8K,394.00,823.85,0
PSE0046G8K,191.00,422.87,0
PSE0048G8K+1,237.00,524.72,0
PSE0049G8K,303.00,670.84,0
PSE0053G8K,316.00,699.62,0
PSE0059G8K,174.00,385.24,3
PSE0041G8K,239.00,529.15,3
PSE0055G8K,371.00,775.76,3
PSE0056G8K,215.00,476.01,0
PSE0057G8K,207.00,458.30,3
PSE0058G8K,269.00,595.57,3
PSE0060G8K,240.00,531.36,3
PSZ0060G8K,118.00,319.31,0
PSZ0064G8K,114.00,308.48,0
PSE0064G8K,246.00,544.64,0
PSE0065G8K,186.00,411.80,3
MCB011,38.00,121.52,0
ALSS0464NRH,82.00,221.89,0
CHRZ020,167.00,369.74,0
BEAD201,30.00,95.94,3
BEAD202,40.00,127.92,3
BEAD203,40.00,127.92,3
BEAD204,40.00,127.92,3
CH0249,14.00,53.38,0
CH0250,17.00,54.37,3
CH0251,13.00,49.57,3
BABYIDRH28,29.00,92.74,3
BABYIDY28,29.00,92.74,3
SIL0015B,23.00,73.55,0
SIL0017B,24.00,76.75,0
SIL0018N,26.00,83.15,0
SIL0019B,25.00,79.95,0
SIL0019N,43.00,126.94,0
LU058,18.00,57.56,0
MJ002,80.00,236.16,3
PEARL8.0,17.00,54.37,0
CELK23Y,18.00,57.56,0
SGE0451E8K,220.00,487.08,3
KCE0016E8K,195.00,431.73,3
KLY1126G8K,112.00,303.07,0
BEAD196RH,36.00,115.13,0
BEAD191RH,31.00,99.14,3
BEAD192RH,35.00,111.93,3
BEAD194RH,40.00,127.92,0
BEAD197RH,35.00,111.93,0
BEAD0905Y,37.00,118.33,0
BEAD191Y,31.00,99.14,0
BEAD192Y,35.00,111.93,0
BEAD0906Y,36.00,115.13,0
BEAD197Y,35.00,111.93,0
SET-1581ERH+Y,58.00,171.22,3
SET-1582ERH+Y,60.00,177.12,3
SET-1576ERH+Y,71.00,209.59,3
E-0896-1RH,43.00,126.94,3
MVE-0132RH,41.00,121.03,0
E-0744KMRH,42.00,123.98,0
SET-916ERH,34.00,108.73,0
SET-805ERH,54.00,159.41,0
KM-HSE-0913OPAL,60.00,177.12,0
KM-SET-945ERH,28.00,89.54,0
HSE-0742ERH,55.00,162.36,0
HSE-0729ERH,76.00,224.35,0
HSE-1372ERH,47.00,138.74,0
HSE-0371ERH,73.00,215.50,3
SET-1623ERH+Y,133.00,327.18,3
HSE-1373ERH,56.00,165.31,0
SET-1624ERH+Y,110.00,297.66,3
SET-1628ERH+Y,120.00,324.72,3
LU061RED,52.00,153.50,0
LU066RED,52.00,153.50,0
LU062RED,52.00,153.50,0
LU065RED,52.00,153.50,3
LU067RED,66.00,194.83,3
LU063RED,66.00,194.83,3
LU064RED,66.00,194.83,3
LU061BLACK,66.00,194.83,3
LU062BLACK,52.00,153.50,3
LU065BLACK,52.00,153.50,3
LU066BLACK,52.00,153.50,0
LU067BLACK,52.00,153.50,3
ALMS016RH,28.00,89.54,0
ALMS017RH,24.00,76.75,0
ALMS018RH,31.00,99.14,0
SBKKL003072,64.00,188.93,0
LU063BLACK,52.00,153.50,0
LU064BLACK,66.00,194.83,3
PL435BG8K,192.00,425.09,0
PL435NG8K,316.00,699.62,0
PL433NG8K,233.00,515.86,0
PL436NG8K,299.00,661.99,0
PL434NG8K,290.00,642.06,0
PL431NG8K,302.00,668.63,3
CEL252NG8KJULKA,235.00,520.29,0
CEL252NG8KIZA,252.00,557.93,3
CEL252NG8KJOLA,252.00,557.93,3
CEL252NG8KMARCELINA,230.00,509.22,0
PL429EG8K,148.00,364.08,3
PL428EG8K,142.00,349.32,3
PL440EG8K,232.00,513.65,0
PL435EG8K,238.00,526.93,3
PL434EG8K,163.00,360.88,0
PL426EG8K,339.00,708.85,0
SRKL001729,53.00,156.46,0
PL427EG8K,362.00,756.94,0
PL436BG8K,175.00,387.45,0
PL434BG8K,206.00,456.08,0
PL425EG8K,264.00,584.50,0
SRKL001731,42.00,123.98,0
SRKL001728,47.00,138.74,0
SBKBR003144,60.00,177.12,0
PL432NG8K,284.00,628.78,0
PL430NG8K,141.00,346.86,0
PL432BG8K,238.00,526.93,0
SBKBR003145,41.00,121.03,0
SBKW002199,44.00,129.89,0
PL426NG8K,267.00,591.14,0
PL426BG8K,229.00,507.01,0
PL425NG8K,239.00,529.15,0
PL427BG8K,249.00,551.29,0
PL427NG8K,290.00,642.06,0
PL425BG8K,232.00,513.65,0
AH4198RH,134.00,329.64,3
AE13989RH,60.00,177.12,3
ALCYR0792ERH,16.00,61.01,3
AE13710RH,37.00,118.33,3
AE13706RH,53.00,156.46,3
ALCYR0802ERH,16.00,61.01,0
AE13708RH,37.00,118.33,0
AE13713RH,40.00,127.92,3
AE13704RH,36.00,115.13,3
ALCYR0818PRH,23.00,73.55,3
ALCYR0819PRH,26.00,83.15,0
SM-5B-2,202.00,447.23,3
AE14862RH,38.00,121.52,3
ALCYR0791ERH,26.00,83.15,0
ALCYR0801ERH,28.00,89.54,3
AE15217RH,25.00,79.95,3
ALCYR0804ERH,25.00,79.95,3
RE0275,17.00,54.37,0
AE15232RH,30.00,95.94,3
SBKP003391,54.00,159.41,0
SBK002153,24.00,76.75,3
ALCYR0803ERH,14.00,53.38,0
AE14858RH,24.00,76.75,0
AE14971RH,13.00,49.57,0
ALCYR0798ERH,16.00,61.01,0
ALCYR0806ERH,14.00,53.38,0
ALCYR0793ERH,12.00,45.76,0
ALCYR0805ERH,11.00,41.94,0
ALCYR0795ERH,13.00,49.57,0
ALCYR0799ERH,13.00,49.57,3
ALCYR0800ERH,17.00,54.37,0
ALCYR0808ERH,16.00,61.01,3
ALCYR0809ERH,11.00,41.94,0
ALCYR0796ERH,16.00,61.01,3
AE11843RH,18.00,57.56,0
AE15218RH,26.00,83.15,3
AE14844RH,12.00,45.76,0
AE12036RH,17.00,54.37,3
AE15233RH,14.00,53.38,0
ALDEM0121RH,16.00,61.01,0
AE10356RH,14.00,53.38,3
ME0285,23.00,73.55,0
AE10354RH,20.00,63.96,0
ALCYR0794ERH,13.00,49.57,3
AE10225RH,17.00,54.37,0
ALDEM0123ERH,17.00,54.37,0
AE10357RH,26.00,83.15,0
ALDEM0122ERH,8.00,30.50,0
ALDEM0124ERH,14.00,53.38,3
AE10359RH,17.00,54.37,0
AE15230RH,20.00,63.96,3
AE15235RH,40.00,127.92,3
ALDEM0119RH,10.00,38.13,0
ALDEM0120RH,11.00,41.94,3
SBKL002733,58.00,171.22,0
SBK003222,43.00,126.94,0
SBK003083,127.00,312.42,0
SBK002682,162.00,398.52,0
SBK003219,50.00,147.60,0
SBK002154,30.00,95.94,0
SBK003093,16.00,61.01,0
SBK002747,25.00,79.95,0
AE15195RH,34.00,108.73,3
AE6700RH,48.00,141.70,0
AE6699RH,41.00,121.03,0
AE8393RH,40.00,127.92,0
AE14764RH,28.00,89.54,3
AE8047RH,43.00,126.94,3
AE5411RH,25.00,79.95,0
AE15199RH,44.00,129.89,3
AE15203RH,42.00,123.98,3
AE7413RH,29.00,92.74,0
AE14750RH,38.00,121.52,0
AE9017RH,37.00,118.33,0
AE8680RH,48.00,141.70,0
AE5796RH,38.00,121.52,3
AE5806RH,42.00,123.98,3
AE8405RH,43.00,126.94,0
AE8392RH,42.00,123.98,0
AE9437RH,44.00,129.89,3
AE9441RH,42.00,123.98,3
AE5409RH,28.00,89.54,0
AE6808RH,48.00,141.70,3
ALCYR0813ERH,64.00,188.93,3
ALCYR0815ERH,82.00,221.89,3
ALCYR0811ERH,67.00,197.78,3
ALCYR0810ERH,76.00,224.35,3
ALCYR0812ERH,67.00,197.78,3
ALCYR0814ERH,76.00,224.35,3
ALCYR0816ERH,68.00,200.74,3
ALCYR0817ERH,62.00,183.02,3
AE16079Y,20.00,63.96,0
AE16073Y,18.00,57.56,0
E-0721KMRH-5,34.00,108.73,3
KM-E-0631ERH,35.00,111.93,3
E-0721,44.00,129.89,3
AE15211RH,49.00,144.65,0
AE14788RH,25.00,79.95,0
ALMJ0004,31.00,99.14,0
ALMJ0001,14.00,53.38,0
ALMJ0002,14.00,53.38,3
ALMJ0003,14.00,53.38,0
ALMJ0005,31.00,99.14,3
ALMJ0006,31.00,99.14,0
ALMJ0007,31.00,99.14,0
ALSER0085PRH,16.00,61.01,3
ALCYR0561PRH,18.00,57.56,3
ALSER0082PRH,25.00,79.95,3
ALSER0084PRH,18.00,57.56,3
ALSER0086PRH,25.00,79.95,3
ALSER0083PRH,30.00,95.94,0
ALSS0468NRH,83.00,224.60,0
ALSS0465NRH,97.00,262.48,3
ALSS0466NRH,108.00,292.25,3
MCB012BRH,53.00,156.46,0
MCB014BRH,48.00,141.70,0
MCB013,55.00,162.36,0
ALMS019Y,28.00,89.54,0
ALCYR0784SETRH,35.00,111.93,0
ALCYR0785SETRH,106.00,286.84,0
AS7464SETRH,31.00,99.14,3
AS6481SETRH,41.00,121.03,3
AS6493SETRH,40.00,127.92,3
AS7475SETRH,37.00,118.33,0
SM-20,184.00,407.38,3
SM-21,211.00,467.15,3
ŁYŻ-25,212.00,469.37,0
GR-21,170.00,376.38,3
GR-22,151.00,371.46,0
GR-23,281.00,622.13,0
GR-24,187.00,414.02,0
PL438BG14K,254.00,562.36,0
PL437NG14K,701.00,1422.68,0
PL439BG14K,210.00,464.94,3
PL438NG14K,471.00,984.86,0
PL439NG14K,388.00,811.31,0
PL437BG14K,425.00,888.67,0
PL0448NG8K,151.00,371.46,0
AS7469SETRH,37.00,118.33,0
BEAD59,48.00,141.70,0
BEAD59 BEE,70.00,206.64,0
BEAD116,31.00,99.14,0
BEAD116 MOON,44.00,129.89,0
BEAD118,29.00,92.74,3
BEAD118 EYE,29.00,92.74,3
BEAD119,26.83,85.80,0
BEAD119 HEART,40.00,127.92,0
BEAD120,38.00,121.52,3
BEAD120 SUN,38.00,121.52,3
BEAD46EYE,60.00,177.12,0
BEAD121,25.20,80.59,0
BEAD121 JAMNIK,37.00,118.33,0
BEAD44,41.00,121.03,0
BEAD44 DREAM CATCHER,41.00,121.03,0
BEAD38,31.00,99.14,0
BEAD110,19.51,62.39,0
BEAD110 FLOWER,28.00,89.54,0
BEAD55,27.20,86.99,0
BEAD55 BALON,40.00,127.92,0
BEAD48,27.20,86.99,0
BEAD48 EARTH,40.00,127.92,0
BEAD51,39.00,124.72,0
BEAD51 ANGEL,56.00,165.31,0
BEAD52,19.43,62.14,0
BEAD52 HEART,28.00,89.54,0
BEAD53,19.43,62.14,0
BEAD53 ME,28.00,89.54,0
BEAD67,31.00,99.14,3
BEAD67 DYPLOM,31.00,99.14,3
BEAD115,31.00,99.14,3
BEAD115 AGRAFKA,31.00,99.14,3
BEAD36,29.00,92.74,3
BEAD37,60.00,177.12,3
BEAD37 FLOWER,60.00,177.12,3
BEAD41,28.00,89.54,3
BEAD41 LIŚĆ,28.00,89.54,3
BEAD42,27.20,86.99,0
BEAD42 TENIS,40.00,127.92,0
BEAD43,23.30,74.51,0
BEAD43 RÓŻA,35.00,111.93,0
BEAD45,40.00,127.92,0
BEAD45 SKRZYDŁA,53.00,156.46,0
BEAD8STAR,25.00,79.95,0
BEAD122,47.00,138.74,3
BEAD122 X,47.00,138.74,3
MMAL0174RH,131.00,322.26,3
MMAL0175RH,86.00,232.72,3
MMAL0176,52.00,153.50,0
MMAL0177,44.00,129.89,0
MMAL0178RH,48.00,141.70,3
CR443+RH,120.00,324.72,0
CRAL0019S,30.00,95.94,3
CRAL0039RH,20.00,63.96,0
CRAL0047S,24.00,76.75,3
CRAL0221RH,25.00,79.95,0
CRAL0236RH,54.00,159.41,3
ALCB154G14K,264.00,584.50,0
PL429EG14K,348.00,727.67,3
LU061G8KBLACK,117.00,316.60,3
ALZC12MWHTF,25.00,79.95,0
ALBEADS0238,12.00,45.76,0
ALBEADS0237,12.00,45.76,3
ALBEADS0239,12.00,45.76,0
QS0757,28.00,89.54,0
BEAD39,29.00,92.74,0
BEAD39 PIÓRO,42.00,123.98,0
ALBEADS0240RH,22.00,70.36,0
ALBEADS0241RH,26.00,83.15,0
ALBEADS0242RH,17.00,54.37,0
ALBEADS0240Y,23.00,73.55,0
P-53RH,66.00,194.83,0
P-59RH,43.00,126.94,3
N-62RH,42.00,123.98,3
ALMS020RH,20.00,63.96,0
ALMS021Y,34.00,108.73,3
MMAL0195RH,46.00,135.79,3
MMAL0196RH,54.00,159.41,3
MMAL0197RH,66.00,194.83,3
MMAL0192,46.00,135.79,0
MMAL0198RH,97.00,262.48,3
MMAL0193RH,56.00,165.31,3
MMAL0194RH,58.00,171.22,0
MMAL0179RH,42.00,123.98,3
MMAL0180RH,25.00,79.95,0
MMAL0182RH,38.00,121.52,0
MMAL0183,34.00,108.73,3
MMAL0186RH,48.00,141.70,0
MMAL0188RH,43.00,126.94,0
MMAL0184RH,36.00,115.13,3
MMAL0185,31.00,99.14,0
MMAL0187RH,36.00,115.13,3
MMAL0189,46.00,135.79,0
MMAL0190RH,92.00,248.95,3
MMAL0191,30.00,95.94,0
BEAD32,47.00,138.74,0
CRAL0240RH,118.00,319.31,0
CRAL0241,72.00,212.54,0
CRAL0242,118.00,319.31,3
CRAL0243,104.00,281.42,3
CRAL0249,66.00,194.83,3
CRAL0250RH,76.00,224.35,3
CRAL0244RH,74.00,218.45,0
CRAL0245RH,29.00,92.74,0
CRAL0246,30.00,95.94,0
CRAL0247RH,44.00,129.89,3
CRAL0248,25.00,79.95,3
LU062G8KBLACK,116.00,313.90,3
LU063G8KBLACK,106.00,286.84,3
LU066G8KBLACK,103.00,278.72,3
LU068G8KBLACK,70.00,206.64,0
LU064G8K,89.00,240.83,0
LU065G8KBLACK,131.00,322.26,3
LU069G8KBLACK,91.00,246.25,3
LU070G8KBLACK,58.00,171.22,0
LU072G8KBLACK,70.00,206.64,0
LU058G8KBLACK,106.00,286.84,3
LU067G8KRED,117.00,316.60,3
LU071G8KBLACK,43.00,126.94,0
PL450EG14K,529.00,1106.14,0
PL452EG14K,388.00,811.31,0
PL0454EG14K,723.00,1467.33,3
PL461EG14K,509.00,1064.32,3
PL463EG14K,420.00,878.22,3
PL449EG14K,363.00,759.03,0
PL458EG14K,723.00,1467.33,3
PL458NG14K,848.00,1721.02,0
PL461BG14K,351.00,733.94,0
PL459BG14K,590.00,1233.69,0
PL0460NG14K,361.00,754.85,0
PL457NG14K,862.00,1749.43,0
PL455NG14K,554.00,1158.41,0
PL456BG14K,689.00,1398.33,0
PL457BG14K,589.00,1231.60,0
PL456NG14K,846.00,1716.96,0
PL455BG14K,311.00,688.55,0
PL429NG14K,311.00,688.55,0
PL429BG14K,216.00,478.22,0
PL453NG14K,431.00,901.22,0
PL452NG14K,414.00,865.67,0
B-51,38.00,121.52,3
B-74,31.00,99.14,0
B-75,38.00,121.52,0
B-83,40.00,127.92,0
LRD5MM8K,272.00,602.21,3
LRD4MM8K,205.00,453.87,0
LRD3MM8K,162.00,398.52,0
LRK5MM8K,399.00,834.31,3
LRK4MM8K,265.00,586.71,3
LRK3MM8K,163.00,360.88,3
AE14424,28.00,89.54,3
AE14416,31.00,99.14,3
AE14419,28.00,89.54,0
AE14415,35.00,111.93,0
AE14421,31.00,99.14,0
AE14425,29.00,92.74,0
AE14426,29.00,92.74,3
AE1553,56.00,165.31,3
E-51RH,49.00,144.65,0
AE15880,54.00,159.41,3
AE15897,31.00,99.14,3
E-114,38.00,121.52,3
SE02056,23.00,73.55,0
E-115,28.00,89.54,3
AE14375RH,61.00,180.07,3
AE16077,58.00,171.22,3
AE12544,42.00,123.98,0
E-165,25.00,79.95,0
AE16076,71.00,209.59,3
AE16070,31.00,99.14,0
AE16067,48.00,141.70,3
AE16069,54.00,159.41,0
AE14557,47.00,138.74,3
E-130,29.00,92.74,3
E-131,30.00,95.94,3
AE12563,26.00,83.15,0
AS5059,58.00,171.22,3
SET,53.00,156.46,3
SET E+PRH,53.00,156.46,3
AS7228RH,34.00,108.73,0
AS7540,28.00,89.54,0
AS7535,35.00,111.93,3
AS7539,44.00,129.89,3
AS7543,54.00,159.41,0
AS7536,42.00,123.98,0
AS5127,25.00,79.95,3
AE16431,52.00,153.50,0
E-47RH,23.00,73.55,0
AE16441RH+Y,41.00,121.03,0
AE16442RH+YG,48.00,141.70,3
QS0962RHW+B,35.00,111.93,0
BB-59RED,47.00,138.74,3
AH2776,61.00,180.07,0
AH2762,55.00,162.36,0
AH4142,52.00,153.50,0
AH3870,38.00,121.52,3
AH2757,29.00,92.74,3
AH2983,50.00,147.60,3
AH2780,55.00,162.36,3
AH3632,28.00,89.54,0
AH2696,48.00,141.70,0
AH3252,41.00,121.03,0
AE12002,38.00,121.52,0
AE13975,26.00,83.15,0
AE13916,24.00,76.75,3
AE13908,24.00,76.75,3
AE12066RH,43.00,126.94,3
AE12065RH,38.00,121.52,0
AE12064,30.00,95.94,0
E-55RH,49.00,144.65,0
AS7514,56.00,165.31,0
AS7515,68.00,200.74,0
AS7516,61.00,180.07,0
AS7512,61.00,180.07,0
AS7524,67.00,197.78,0
AS7508,61.00,180.07,0
AS7523,55.00,162.36,0
AS7522,54.00,159.41,0
AS7518,68.00,200.74,0
AS7520,61.00,180.07,0
AS7526,55.00,162.36,0
AS7359,67.00,197.78,0
AS7507,56.00,165.31,0
AS7517,73.00,215.50,3
AS7510,58.00,171.22,0
AS7519,58.00,171.22,0
AS7511,65.00,191.88,3
AS7509,61.00,180.07,0
E-63RH,67.00,197.78,0
E-46RH,40.00,127.92,3
E-45RH,43.00,126.94,3
E-50RH,41.00,121.03,0
NO731-5E60971,30.00,95.94,3
NO731-5E27921RH,18.00,57.56,3
NO731-5E27920,25.00,79.95,0
NO731-5E25771,24.00,76.75,0
NO731-5E25556,25.00,79.95,0
NEW27,34.00,108.73,0
NEW29,29.00,92.74,0
NEW35,34.00,108.73,0
NEW38,30.00,95.94,3
NEW40,42.00,123.98,3
NEW51,31.00,99.14,0
NEW52,34.00,108.73,0
NEW55,34.00,108.73,0
NEW62,52.00,153.50,0
NEW65,29.00,92.74,0
NEW69,35.00,111.93,0
NEW73,34.00,108.73,0
NEW79,55.00,162.36,3
NEW82,34.00,108.73,0
NEW90,34.00,108.73,0
NEW94,40.00,127.92,0
NEW96,37.00,118.33,0
NEW97,41.00,121.03,0
LL060,67.00,197.78,0
GS217,36.00,115.13,0
NEW101,38.00,121.52,0
NEW102,52.00,153.50,3
NEW103,53.00,156.46,0
NEW104,58.00,171.22,3
NEW105,48.00,141.70,0
NEW106,52.00,153.50,0
FL073,43.00,126.94,0
GS225,58.00,171.22,3
NEW110,34.00,108.73,0
NEW111,53.00,156.46,3
NEW112,37.00,118.33,0
NEW113,47.00,138.74,0
NEW114,29.00,92.74,0
NEW115,48.00,141.70,3
DW018,54.00,159.41,0
NEW120,53.00,156.46,0
NEW121,53.00,156.46,3
NEW122,52.00,153.50,0
NEW124,35.00,111.93,0
GS221,42.00,123.98,3
SY063,48.00,141.70,0
NEW127,43.00,126.94,0
NEW128,34.00,108.73,0
NEW129,52.00,153.50,0
NEW136,54.00,159.41,0
DZ122,48.00,141.70,3
NEW138,52.00,153.50,0
NEW139,52.00,153.50,0
NEW143,34.00,108.73,0
NEW146,58.00,171.22,0
NEW148,48.00,141.70,3
NEW152,34.00,108.73,0
GS232,48.00,141.70,0
NEW154,41.00,121.03,0
NEW156,34.00,108.73,3
NEW157,49.00,144.65,0
NEW158,67.00,197.78,3
NEW163,42.00,123.98,3
NEW166,49.00,144.65,3
NEW169,35.00,111.93,0
NEW170,53.00,156.46,0
NEW173,78.00,230.26,3
NEW174,64.00,188.93,0
NEW175,37.00,118.33,0
NEW176,41.00,121.03,0
NEW178,30.00,95.94,0
NEW181,34.00,108.73,0
NEW182,35.00,111.93,0
NEW187,48.00,141.70,0
NEW193,73.00,215.50,3
GS237,54.00,159.41,3
NEW197,64.00,188.93,3
NEW196,80.00,236.16,0
NEW198,41.00,121.03,0
NEW304,37.00,118.33,3
NEW305,37.00,118.33,3
NEW298,37.00,118.33,3
NEW299,37.00,118.33,3
NEW300,37.00,118.33,0
NEW301,37.00,118.33,3
NEW302,37.00,118.33,0
NEW303,37.00,118.33,3
NEW296,37.00,118.33,0
NEW295,37.00,118.33,0
NEW293,37.00,118.33,3
NEW292,37.00,118.33,3
NEW291,37.00,118.33,3
NEW290,37.00,118.33,3
NEW289,37.00,118.33,3
NEW297,37.00,118.33,3
NEW294,37.00,118.33,3
NEW220,42.00,123.98,0
GS228RG,55.00,162.36,3
NEW216,47.00,138.74,0
NEW209,47.00,138.74,3
NEW207,52.00,153.50,3
NEW206,37.00,118.33,3
SY062RH,31.00,99.14,0
NEW204,48.00,141.70,0
NEW203,31.00,99.14,0
NEW230,34.00,108.73,0
NEW223,49.00,144.65,0
E18342,14.00,53.38,3
E15129,35.00,111.93,0
E00794,29.00,92.74,3
E19139,30.00,95.94,3
E19145,20.00,63.96,3
E15369,28.00,89.54,0
E15204,28.00,89.54,3
E17411,25.00,79.95,3
E07903,37.00,118.33,3
E16833,14.00,53.38,3
E17399,17.00,54.37,0
AE16078,58.00,171.22,0
E15042,25.00,79.95,0
E17402,24.00,76.75,0
E16831,34.00,108.73,3
E13958,31.00,99.14,3
E18975,30.00,95.94,3
E17409,34.00,108.73,0
E11792,34.00,108.73,0
E11787,38.00,121.52,0
E16692,17.00,54.37,0
E17151,26.00,83.15,0
E11896,37.00,118.33,0
P16573,12.00,45.76,3
P16768,20.00,63.96,3
P18520,19.00,60.76,0
P18732,20.00,63.96,3
P18736,13.00,49.57,3
P17973,38.00,121.52,3
P18657,24.00,76.75,3
P18655,23.00,73.55,3
P18656,20.00,63.96,3
P18630,18.00,57.56,3
P18697,25.00,79.95,0
P17447,23.00,73.55,3
AE14417,30.00,95.94,3
AE14418,30.00,95.94,0
E14557,31.00,99.14,0
E17396,37.00,118.33,0
E17923,42.00,123.98,0
E13436,41.00,121.03,0
E17906,53.00,156.46,3
E17717-1,29.00,92.74,0
E18961,31.00,99.14,0
E18970,47.00,138.74,3
E18971,41.00,121.03,0
E19096,90.00,243.54,3
E18983,44.00,129.89,3
E17725,41.00,121.03,3
E16050,26.00,83.15,0
E17961Y,58.00,171.22,3
E18484,48.00,141.70,3
E18891,26.00,83.15,3
E4621,29.00,92.74,3
E18655,34.00,108.73,3
E09354,24.00,76.75,3
E18837,34.00,108.73,0
E18659,26.00,83.15,3
E12481-1,25.00,79.95,0
E15011,28.00,89.54,3
E16917,28.00,89.54,0
E13836,30.00,95.94,3
E16909,28.00,89.54,0
E19059,17.00,54.37,0
E19097,49.00,144.65,0
E18242-1,43.00,126.94,3
E19045,41.00,121.03,0
E18049,31.00,99.14,0
E18036,35.00,111.93,3
E18042,31.00,99.14,3
E18045,34.00,108.73,0
E18044,35.00,111.93,0
E18035,37.00,118.33,3
E18048,35.00,111.93,0
E18041,34.00,108.73,3
E18107,37.00,118.33,3
E18108,40.00,127.92,3
B03585,44.00,129.89,3
B04431,62.00,183.02,3
B04179,37.00,118.33,0
B02065,70.00,206.64,0
MCB012YB,53.00,156.46,0
B04688,28.00,89.54,0
B04689,28.00,89.54,3
B04695,26.00,83.15,0
B04326,31.00,99.14,0
B04693,29.00,92.74,0
B04694,28.00,89.54,3
B04691,29.00,92.74,3
B04327,34.00,108.73,0
B04690,31.00,99.14,3
B04692,28.00,89.54,3
N03765,41.00,121.03,0
N03569,43.00,126.94,3
N04071,34.00,108.73,0
N03921-1,38.00,121.52,3
N04218,35.00,111.93,3
N03967,44.00,129.89,0
N03974,49.00,144.65,3
B04575,34.00,108.73,3
B04193,34.00,108.73,3
N03920,41.00,121.03,0
N03914,40.00,127.92,3
N03924,42.00,123.98,0
N03913,42.00,123.98,3
N03917,41.00,121.03,3
N03910,43.00,126.94,3
N03919,43.00,126.94,0
N03916,41.00,121.03,3
N03923,41.00,121.03,0
ALKC10MAB,22.00,70.36,3
ALKC10MBR,22.00,70.36,3
ALKC10MDG,22.00,70.36,3
ALKC10MDR,22.00,70.36,0
ALKC10MR,22.00,70.36,3
ALKC10MGO,22.00,70.36,3
ALKC10MH,22.00,70.36,3
ALKC7MAB,12.00,45.76,3
ALKC10MNB,22.00,70.36,3
ALKC10MMK,22.00,70.36,3
ALKC7MDV,12.00,45.76,3
ALKC7MLP,12.00,45.76,3
ALKC7MP,12.00,45.76,3
ALKC7MLV,12.00,45.76,3
ALKC7MV,12.00,45.76,3
ALKC7MS,12.00,45.76,3
ALKC7MLB,12.00,45.76,3
ALKC7MNB,12.00,45.76,3
ALKC7MR,12.00,45.76,0
ALKC7MDG,12.00,45.76,0
ALKC7MGO,12.00,45.76,0
ALKC7MBR,12.00,45.76,3
ALKC7MGR,12.00,45.76,3
ALKC7MY,12.00,45.76,3
ALKC7MH,12.00,45.76,0
ALKC7MO,12.00,45.76,3
CPP0068PG14K,251.00,555.71,0
CPP0069PG14K,200.00,442.80,0
CPP0202PG14K,165.00,365.31,0
APK0027KG14K,326.00,681.67,0
CPP0229EG14K,519.00,1085.23,0
CTK92-18EG14K,322.00,712.91,0
CTK93-22EG14K,362.00,756.94,0
CTK88-05EG14K,338.00,706.76,0
KRC0045EG14K,531.00,1110.32,0
KRC0032EG14K,382.00,798.76,0
CTK93-36EG14K,360.00,752.76,0
CTK93-28EG14K,343.00,717.21,0
CTK92-01EG14K,398.00,832.22,0
CTK92-12EG14K,298.00,659.77,0
CPP0283EG14K,355.00,742.30,0
CPP0287EG14K,395.00,825.94,0
CTK92-23EG14K,318.00,704.05,0
KRC0031EG14K,476.00,995.32,3
CPP0152EG14K,471.00,984.86,0
CPP0474EG14K,454.00,949.31,0
SGE0548EG14K,475.00,993.23,0
CPP0271EG14K,422.00,882.40,0
CPP0263EG14K,597.00,1248.33,0
CPP0175EG14K,509.00,1064.32,0
CPP0173EG14K,494.00,1032.95,0
CPP0183EG14K,407.00,851.04,0
PAE004EG14K,1326.00,2609.57,0
CPP0172EG14K,583.00,1219.05,0
MS0332SETG14K,1489.00,2930.35,0
MS0334SETG14K,1481.00,2914.61,0
MS0274SETG14K,2116.00,4034.15,0
MS0343SETG14K,2217.00,4226.71,0
MS0301SETG14K,2552.00,4865.39,0
ALM039SETG14K,1256.00,2471.81,0
ALMS0021SETG14K,2140.00,4079.91,0
MS0317SETG14K,1562.00,3074.02,0
MS0345SETG14K,2765.00,5271.47,0
MS0355SETG14K,2530.00,4823.45,0
MS0313SETG14K,2185.00,4165.70,0
MS0140SETG14K,1975.00,3765.34,0
MS0028G8K,1156.00,2275.01,3
MS0289SETG14K,2347.00,4474.56,0
MS0304SETG14K,2324.00,4430.71,0
MS0351SETG14K,2499.00,4764.34,0
PAM0040SETG14K,1426.00,2806.37,0
NEW86,30.00,95.94,0
NEW31,58.00,171.22,3
NEW89,42.00,123.98,0
NEW224,28.00,89.54,3
NEW21,44.00,129.89,3
NEW25,35.00,111.93,0
NEW213,37.00,118.33,0
NEW12,35.00,111.93,0
NEW44,43.00,126.94,0
NEW231,48.00,141.70,0
SY059,30.00,95.94,0
NEW7,29.00,92.74,3
NEW226RH,47.00,138.74,0
NEW191,61.00,180.07,3
NEW88,53.00,156.46,3
NEW11,47.00,138.74,3
NEW60,34.00,108.73,0
NEW85,26.00,83.15,0
BEAD263,28.00,89.54,0
NEW53A,68.00,200.74,3
NEW47,43.00,126.94,0
NEW50,35.00,111.93,0
NEW61,35.00,111.93,0
NEW66,34.00,108.73,0
NEW64,35.00,111.93,0
NEW33,47.00,138.74,3
NEW41,37.00,118.33,0
NEW87,49.00,144.65,0
NEW192,41.00,121.03,0
NEW15,53.00,156.46,3
NEW8,43.00,126.94,0
NEW67,53.00,156.46,0
NEW28,49.00,144.65,0
NEW14,48.00,141.70,3
BEAD264,29.00,92.74,0
NEW36,29.00,92.74,0
NEW53R,66.00,194.83,0
NEW32,50.00,147.60,0
NEW39,31.00,99.14,0
NEW46,35.00,111.93,3
BEAD253,34.00,108.73,0
NEW228,37.00,118.33,3
NEW1,78.00,230.26,0
NEW56,25.00,79.95,0
NEW71,71.00,209.59,3
NEW81,42.00,123.98,3
NEW83,42.00,123.98,3
NEW48,34.00,108.73,3
NEW68,48.00,141.70,0
BEAD257,34.00,108.73,3
NEW9,47.00,138.74,3
NEW18,34.00,108.73,3
NEW16,38.00,121.52,0
NEW42,38.00,121.52,3
NEW63,34.00,108.73,0
BEAD256,36.00,115.13,0
NEW225,36.00,115.13,0
NEW45,38.00,121.52,0
NEW70,41.00,121.03,0
BEAD260,31.00,99.14,0
NEW17,31.00,99.14,0
NEW77,34.00,108.73,3
NEW75,30.00,95.94,3
NEW78,43.00,126.94,0
NEW76,34.00,108.73,3
NEW19,35.00,111.93,0
BEAD259,41.00,121.03,0
NEW232,42.00,123.98,3
DZ121,41.00,121.03,0
NEW325,14.00,53.38,0
NEW328,20.00,63.96,0
NEW322,20.00,63.96,0
NEW317,14.00,53.38,0
NEW327,18.00,57.56,3
NEW313,20.00,63.96,0
NEW310,20.00,63.96,0
NEW324,16.00,61.01,3
NEW323,20.00,63.96,0
NEW319,26.00,83.15,0
NEW312,14.00,53.38,3
NEW311,20.00,63.96,0
NEW329,14.00,53.38,0
NEW326,17.00,54.37,3
NEW314,18.00,57.56,3
NEW330,13.00,49.57,0
NEW321,20.00,63.96,0
NEW320,17.00,54.37,3
NEW318,14.00,53.38,3
NEW315,12.00,45.76,0
O-RING01LITTLE,8.00,30.50,0
PL434NG14K,510.00,1066.41,0
PL431NG14K,492.00,1028.77,0
PL0460NG14KLIGHT,388.00,811.31,0
LU067G14KRED,188.00,416.23,0
LU058G14KBLACK,177.00,391.88,3
LU056G14KBLACK,152.00,373.92,3
LU057G14KBLACK,177.00,391.88,3
LU059G14KBLACK,145.00,356.70,3
LU060G14KBLACK,198.00,438.37,3
LU061G14KBLACK,158.00,388.68,0
LU062G14KBLACK,207.00,458.30,3
LU063G14KBLACK,144.00,354.24,0
LU064G14KBLACK,189.00,418.45,3
LU065G14KBLACK,229.00,507.01,3
LU066G14KBLACK,128.00,314.88,0
LU069G14KBLACK,141.00,346.86,3
SET-970PRH,17.00,54.37,3
SETMOP047B,88.00,238.13,0
PL0509NG14K,347.00,725.58,0
PL0541G14K+A,350.00,731.85,0
PL0541G14K+M,435.00,909.58,0
PL0541G14K+K,364.00,761.12,0
CPP0370EG14K,449.00,938.86,0
CPP0367EG14K,559.00,1168.87,3
CPP0380EG14K,519.00,1085.23,0
CPP0373EG14K,1200.00,2361.60,0
CPP0366EG14K,1073.00,2111.66,3
CPP0358EG14K,1320.00,2597.76,3
CPP0388EG14K,1112.00,2188.42,3
CPP0378EG14K,1381.00,2717.81,3
NO731-2F22724,71.00,209.59,0
NO731-2F11334,55.00,162.36,0
NO731-7BR66829,66.00,194.83,0
NO731-2F11709,61.00,180.07,0
NO731-1BR57207,60.00,177.12,0
NO731-7F17428,83.00,224.60,3
NO731-1BR63901,66.00,194.83,0
NO731-1BR64862,60.00,177.12,0
NO731-7BR67033,64.00,188.93,0
NO731-1BR64042,67.00,197.78,0
AH3807,26.00,83.15,0
NEW162,142.00,349.32,3
NEW59,53.00,156.46,3
NEW221,43.00,126.94,3
NEW6,35.00,111.93,0
NEW30,53.00,156.46,0
NEW43,35.00,111.93,0
NEW159,38.00,121.52,0
NEW188,52.00,153.50,3
NEW24,34.00,108.73,0
NEW72,34.00,108.73,3
NEW179,54.00,159.41,3
NEW20,56.00,165.31,3
NEW123,34.00,108.73,0
NEW288,41.00,121.03,3
NEW183,54.00,159.41,3
NEW217YG,54.00,159.41,0
NEW185,35.00,111.93,0
NEW160,40.00,127.92,3
BEAD262,24.00,76.75,3
NEW229,41.00,121.03,3
NEW222,36.00,115.13,3
NEW219,28.00,89.54,3
NEW218,41.00,121.03,0
NEW211,49.00,144.65,3
NEW286,43.00,126.94,0
NEW180,42.00,123.98,0
BEAD258,44.00,129.89,3
NEW10,29.00,92.74,0
NEW202,42.00,123.98,0
NEW119,56.00,165.31,0
NEW108,42.00,123.98,0
NEW117,35.00,111.93,0
NEW135,43.00,126.94,3
NEW283,43.00,126.94,3
DZ120,58.00,171.22,0
NEW130,54.00,159.41,3
NEW57,34.00,108.73,0
NEW131,35.00,111.93,0
NEW34,52.00,153.50,0
NEW80,35.00,111.93,0
NEW22,54.00,159.41,3
NEW23,52.00,153.50,0
NEW116,35.00,111.93,0
NEW142,38.00,121.52,3
NEW285,55.00,162.36,0
NEW227,44.00,129.89,0
NEW201,53.00,156.46,3
ALBEADS0209,12.00,45.76,3
B-95,170.00,376.38,0
PL052714K,360.00,752.76,0
PL053414K,360.00,752.76,0
PL053514K,360.00,752.76,0
PL052514K,360.00,752.76,0
PL053314K,360.00,752.76,0
PL053614K,360.00,752.76,0
PL053014K,360.00,752.76,0
PL053214K,360.00,752.76,0
PL052914K,360.00,752.76,0
PL053114K,360.00,752.76,0
PL053714K,360.00,752.76,0
PL052614K,360.00,752.76,0
PL0512BG14K,463.00,968.13,0
PL0473BG14K,311.00,688.55,0
PL0462BG14K,374.00,782.03,3
PL0454BG14K,444.00,928.40,3
PL0543BG14K,196.00,433.94,0
PL0459BG14K,341.00,713.03,3
PL0451NG14K,483.00,1009.95,0
PL0528NG14K,375.00,784.12,0
PL0538NG14K,380.00,794.58,0
PL0473NG14K,507.00,1060.14,0
PL0468NG14K,361.00,754.85,0
PL0479NG14K,536.00,1120.78,0
PL0512NG14K,993.00,1954.22,3
PL0454NG14K,452.00,945.13,0
PL0089NG14K,532.00,1112.41,0
PL0462NG14K,496.00,1037.14,0
PL0495NG14K,603.00,1260.87,0
PL0520NG14KPERŁA,449.00,938.86,0
PL0520NG14KGARNET,449.00,938.86,0
PL0468EG14K,425.00,888.67,0
PL0462EG14K,363.00,759.03,0
PL0460EG14K,355.00,742.30,0
AS060EG14K,237.00,524.72,0
PL0546EG14K,316.00,699.62,0
PL0545EG14K,268.00,593.35,0
PL542LE14K,165.00,365.31,0
PL542TA14K,152.00,373.92,0
PL542SE14K,171.00,378.59,0
PL542KO14K,176.00,389.66,0
PL0544EG14K,305.00,675.27,0
PL542OP14K,165.00,365.31,0
PL542SK14K,176.00,389.66,0
PL542ST14K,176.00,389.66,0
LB001SERCE,12.00,45.76,3
LB001DOMEK,12.00,45.76,3
LB001NIESKOŃCZONOŚĆ,18.00,57.56,0
LB001KRZYŻYK,20.00,63.96,0
LB001GWIAZDKA,12.00,45.76,0
LB001SKRZYDEŁKO,12.00,45.76,0
LB001KONICZYNKA,12.00,45.76,0
LB001TALERZYK,12.00,45.76,0
LB001SOWA,12.00,45.76,0
LB001MOTYLEK,12.00,45.76,3
ALBEAD0113S,14.00,53.38,3
CL01SET,38.00,121.52,3
CL02SET,38.00,121.52,3
CL03SET,38.00,121.52,3
CL04SET,38.00,121.52,3
R277-162-34,38.00,121.52,0
ALBEADS0235RH,20.00,63.96,0
E-48RH,23.00,73.55,3
PAB0019G8K,384.00,802.94,0
LU074G8KRED,88.00,238.13,0
LU074G8KBLACK,88.00,238.13,0
LU075G8KRED,78.00,230.26,0
LU073G8K,78.00,230.26,0
LU067G14KBLACK,150.00,369.00,0
LU059G14KRED,145.00,356.70,3
LU064G14KRED,189.00,418.45,3
LU056G8KRED,90.00,243.54,3
LU064G8KRED,89.00,240.83,0
LU066G14KRED,128.00,314.88,3
LU067G8KBLACK,117.00,316.60,3
LU059G8KRED,83.00,224.60,3
LU065G8KRED,131.00,322.26,3
LU058G14KRED,177.00,391.88,3
LU057G14KRED,177.00,391.88,3
LU063G14KRED,144.00,354.24,0
LU058G8KRED,106.00,286.84,3
LU066G8KRED,103.00,278.72,3
LU063G8KRED,106.00,286.84,3
LU057G8KRED,101.00,273.31,3
LU060G14KRED,198.00,438.37,3
LU062G14RED,207.00,458.30,3
LU062G8KRED,68.00,200.74,3
LU060G8KRED,101.00,273.31,0
LU061G14KRED,158.00,388.68,0
LU069G14KRED,141.00,346.86,3
LU061G8KRED,117.00,316.60,3
LU069G8KRED,91.00,246.25,3
AE16540-MULTIKOLOR,20.00,63.96,3
AE16548,12.00,45.76,0
E-49RH,20.00,63.96,0
AE15187,11.00,41.94,0
AE5392-M,18.00,57.56,3
AE11813,17.00,54.37,3
AE15172,14.00,53.38,3
AE8615,25.00,79.95,0
AE15186,23.00,73.55,3
AE16102,17.00,54.37,3
AE7308,23.00,73.55,0
AE13798RH,23.00,73.55,0
AE13751,16.00,61.01,0
E-56Y,18.00,57.56,0
E-132,14.00,53.38,3
AE15158,18.00,57.56,0
E19550,31.00,99.14,3
AE11799,25.00,79.95,3
AE11809,28.00,89.54,3
AE11806,24.00,76.75,0
AE13765RH,25.00,79.95,0
AE12827,20.00,63.96,3
AE7539,23.00,73.55,0
AE11816,23.00,73.55,0
AE13794RH,23.00,73.55,0
E-61RH,28.00,89.54,0
AE11820,24.00,76.75,0
NO731-5E30025,18.00,57.56,3
AE14068,34.00,108.73,0
E-113,30.00,95.94,3
AE13750,44.00,129.89,3
E-58Y,28.00,89.54,3
E-57Y,25.00,79.95,3
E-60RH,35.00,111.93,0
NO731-5E26012,28.00,89.54,0
NO731-5EA61044,25.00,79.95,0
MCB014BY,44.00,129.89,0
NEW141,30.00,95.94,0
ALKJ0072B,41.00,121.03,3
ALKJ0072N,70.00,206.64,3
AE15205RH,14.00,53.38,3
AE12559RH,18.00,57.56,0
AE16342RH,23.00,73.55,0
AE7520RH,30.00,95.94,0
AE12557RH,16.00,61.01,0
AE12561RH,23.00,73.55,0
AE16340,26.00,83.15,3
NO731-5E26345,29.00,92.74,0
NO731-5E25820,23.00,73.55,0
AE16443RH+YG,28.00,89.54,3
AE14734,41.00,121.03,3
AE16427,25.00,79.95,3
NO731-5E30130,25.00,79.95,3
AE16437,30.00,95.94,0
AE16444,22.00,70.36,3
AE16435,29.00,92.74,0
AE16445,47.00,138.74,0
AE14733,89.00,240.83,3
E-2,28.00,89.54,3
NO731-5E25520,18.00,57.56,3
NO731-5E25844,20.00,63.96,3
NO731-5E30124,20.00,63.96,0
NO731-5E27224,20.00,63.96,3
NO731-5E25858,24.00,76.75,0
NO731-5E25770,23.00,73.55,0
NO731-5E27275,24.00,76.75,3
NO731-5E29604,23.00,73.55,3
NO731-5E30200,23.00,73.55,3
NO731-5E30116,24.00,76.75,3
NO731-5E30207,23.00,73.55,3
NO731-5E30149,34.00,108.73,0
AE10267Y+S,13.00,49.57,0
NO731-5E30254,20.00,63.96,0
NO731-5E25284,18.00,57.56,3
NO731-5E29610,17.00,54.37,0
NO731-5E25475,23.00,73.55,0
NO731-5E26543,25.00,79.95,3
NO731-5E30185,24.00,76.75,0
NO731-5E30154,26.00,83.15,0
NO731-2E27912,25.00,79.95,0
E-3ERH,31.00,99.14,0
NEW13,55.00,162.36,0
NEW54,34.00,108.73,3
NEW287,41.00,121.03,0
NEW93,31.00,99.14,3
NEW282,34.00,108.73,0
NEW26,29.00,92.74,3
NEW177,61.00,180.07,3
NEW140,30.00,95.94,0
NEW37,30.00,95.94,3
EA4616RH,14.00,53.38,3
2E16722,17.00,54.37,3
CEL092KR,26.00,83.15,3
NEW284,90.00,243.54,3
CRZL11,44.00,129.89,0
P-54RH,44.00,129.89,3
ALC204G8K,141.00,346.86,0
0384-MVSP,23.00,73.55,3
MMAL0098S,30.00,95.94,3
QS0872,48.00,141.70,3
1EA77119,13.00,49.57,0
AMJ-033,160.00,393.60,0
Y091813BK/RH,41.00,121.03,0
Y091815BK/RH,41.00,121.03,0
Y091801BK/RH,41.00,121.03,0
Y091803BK/RH,41.00,121.03,0
Y091804BK/YG,41.00,121.03,0
Y091805BK/RH,41.00,121.03,0
Y091807BK/RH,41.00,121.03,0
Y091809BK/RH,41.00,121.03,3
Y091811BK/RH,41.00,121.03,0
Y091812BK/YG,41.00,121.03,0
Y091814BK/YG,41.00,121.03,0
Y091816BK/YG,41.00,121.03,0
Y091817BK/RH,41.00,121.03,0
Y091802BK/YG,41.00,121.03,0
Y091806BK/YG,41.00,121.03,0
Y091808BK/YG,41.00,121.03,0
Y091810BK/YG,41.00,121.03,0
Y091818BK/YG,41.00,121.03,0
ALKM0043SPY,163.00,360.88,3
ALKM0043SPS,163.00,360.88,3
ALKM0044SPR,168.00,371.95,3
ALKM0045SPS,163.00,360.88,3
ALKM0046SPY,163.00,360.88,3
ALKM0046SPR,95.00,257.07,0
ALKM0047SPR,163.00,360.88,3
ALKM0048SPY,163.00,360.88,3
ALKM0049SPR,163.00,360.88,3
ALKM0044SPS,168.00,371.95,3
ALKM0043KRS,95.00,257.07,0
ALKM0044KRR,168.00,371.95,3
ALKM0044KRS,168.00,371.95,3
ALKM0046KRR,145.00,356.70,0
ALKM0045KRS,163.00,360.88,3
ALKM0046KRY,163.00,360.88,3
ALKM0047KRR,163.00,360.88,3
ALKM0048KRY,163.00,360.88,3
SETC023,29.00,92.74,3
SETC024,26.00,83.15,3
SETC025,30.00,95.94,0
CL17E,34.00,108.73,0
CL18E,34.00,108.73,0
CL19E,34.00,108.73,0
CL24SET,38.00,121.52,3
CL25SET,38.00,121.52,0
CL26SET,38.00,121.52,3
CL27SET,38.00,121.52,3
CL28SET,38.00,121.52,0
CL29SET,35.00,111.93,3
QZE133,28.00,89.54,0
QZE102,16.00,61.01,3
CL05SET,41.00,121.03,0
CL06SET,41.00,121.03,3
CL07SET,41.00,121.03,3
CL08SET,41.00,121.03,3
CL09SET,41.00,121.03,0
CL10E,31.00,99.14,0
CL11SET,43.00,126.94,3
CL12SET,38.00,121.52,0
CL13SET,38.00,121.52,3
CL15SET,43.00,126.94,0
CL16SET,43.00,126.94,0
KRC035,102.00,276.01,3
ALKC20MCW,28.00,89.54,3
CL20E,14.00,53.38,3
CL21E,14.00,53.38,3
CL22E,24.00,76.75,0
CL23E,31.00,99.14,0
ALKC7MBL,12.00,45.76,0
ALKM0034SKSD,66.00,194.83,0
ALKM0004SKS,66.00,194.83,0
QS0777,65.00,191.88,0
BEAD56,31.00,99.14,3
BEAD56 PSZCZOŁA,31.00,99.14,3
BEAD200,30.00,95.94,0
NEW134,38.00,121.52,3
NEW147,35.00,111.93,0
NEW226RG,41.00,121.03,0
ALKM0050SOX,95.00,257.07,0
ALCYR0821ERH,28.00,89.54,0
ALCYR0821PRH,28.00,89.54,3
ALCYR0826RRH,25.00,79.95,3
ALSS0450,23.00,73.55,0
ALCYR0827R,18.00,57.56,0
NO731-5E30212,20.00,63.96,0
NO731-5E30158,26.00,83.15,0
NO731-5E30067RH,30.00,95.94,3
AE15151,23.00,73.55,3
NO731-5E30049,23.00,73.55,3
NO731-5E26464,28.00,89.54,3
NO154-5E30187,20.00,63.96,3
NO731-5EA59199,24.00,76.75,3
NO731-5E26569,25.00,79.95,3
NO731-5E30021,20.00,63.96,0
NO731-5E26409,23.00,73.55,3
NO731-5EA56698,18.00,57.56,0
NO731-5E25870,28.00,89.54,3
NO731-5E25597,24.00,76.75,3
NO731-5E27208,24.00,76.75,3
AN1525-MRHY,95.00,257.07,0
SCE-329-EBR,61.00,180.07,0
NO154-5E30058,20.00,63.96,3
NO731-5E30109,24.00,76.75,3
NO731-5E30247,20.00,63.96,3
NO731-5E30107,26.00,83.15,3
NO731-5E25813,20.00,63.96,0
NO731-5E27235,20.00,63.96,3
NO731-5E27068,25.00,79.95,3
NO731-5E26471,24.00,76.75,0
NO731-5E30228,20.00,63.96,3
NO731-5E26308,24.00,76.75,3
NO731-5E26329,18.00,57.56,3
NO731-5E30348,18.00,57.56,3
AE14846,14.00,53.38,0
AS7196,25.00,79.95,3
NO731-2S14210,26.00,83.15,3
NO731-2S14223,29.00,92.74,3
NO731-2S13127,26.00,83.15,3
1SE62448RHSET,36.00,115.13,3
AS5927,30.00,95.94,0
NO731-1SE62065,40.00,127.92,0
NO731-1SE61109,38.00,121.52,3
NO731-2S13599,26.00,83.15,3
NO731-1SE61901,60.00,177.12,3
ASS0141,56.00,165.31,0
NO731-1SE61323,52.00,153.50,0
NO731-1SE62478,47.00,138.74,0
NO731-1SE62343,42.00,123.98,0
NO731-2S14109,37.00,118.33,3
NO731-2S12931,31.00,99.14,3
NO731-1SE61784,30.00,95.94,0
NO731-5E27073,25.00,79.95,3
NO731-5E25874,23.00,73.55,0
NO731-5E25925,26.00,83.15,3
AS7358RH,34.00,108.73,0
AS6838RH,43.00,126.94,3
ALCYR0087RHSET,30.00,95.94,3
ALCYR0089RHSET,71.00,209.59,3
ALCYR0090RHSET,74.00,218.45,3
ALCYR0160RHSET,58.00,171.22,3
ALCYR0206SETRH,55.00,162.36,0
ALCYR0091RHSET,60.00,177.12,3
SET-215,30.00,95.94,3
ALCYR0092RHSET,41.00,121.03,0
AS7362,58.00,171.22,0
ALCYR0073RHSET,49.00,144.65,3
ALCYR0161RHSET,22.00,70.36,0
AS7286,66.00,194.83,3
NO731-2S13189,41.00,121.03,3
AS7325,47.00,138.74,0
ALCYR0180RHSET,40.00,127.92,3
AS4465,56.00,165.31,3
ALCYR0086RHSET,28.00,89.54,3
ALCYR0088RHSET,29.00,92.74,3
SET-315,66.00,194.83,0
ALCYR0162RHSET,41.00,121.03,0
ALCYR0093RHSET,40.00,127.92,3
ALCYR0094RHSET,35.00,111.93,3
ALCYRK0016SETRH,37.00,118.33,0
CL43,24.00,76.75,0
CL46SET,67.00,197.78,0
CL54SET,67.00,197.78,0
CL55SET,67.00,197.78,0
CL44SET,67.00,197.78,0
CL50SET,67.00,197.78,0
CL56SET,67.00,197.78,3
CL53SET,67.00,197.78,3
CL45SET,67.00,197.78,3
CL47SET,67.00,197.78,0
CL49SET,67.00,197.78,3
CL51SET,67.00,197.78,3
ALZC12MMRHT,17.00,54.37,3
SET-316,37.00,118.33,3
SET-335,62.00,183.02,0
ALZC12MMBHT,17.00,54.37,0
ALZC12MMRWHT,17.00,54.37,0
ALZC16MMBWHT,24.00,76.75,3
SET-319,66.00,194.83,3
ALCYR0252SET,47.00,138.74,0
AS7313,60.00,177.12,0
CL52SET,67.00,197.78,3
CL39,47.00,138.74,0
CL48SET,67.00,197.78,3
CL37,47.00,138.74,3
CL34,41.00,121.03,3
CL38,47.00,138.74,3
CL40,47.00,138.74,3
CL32,41.00,121.03,3
CL33,41.00,121.03,0
CL35,41.00,121.03,3
CL30,49.00,144.65,0
CL36,70.00,206.64,3
CL41,29.00,92.74,0
CL42,29.00,92.74,3
CL31,49.00,144.65,0
CL57E,43.00,126.94,0
CL64E,43.00,126.94,3
CL65E,43.00,126.94,3
CL58E,43.00,126.94,3
CL59E,43.00,126.94,0
CL60E,43.00,126.94,0
CL61E,43.00,126.94,0
CL62E,43.00,126.94,3
CL63E,23.00,73.55,3
LB006,20.00,63.96,0
LB002,17.00,54.37,0
LB003,20.00,63.96,0
LB004,24.00,76.75,0
LB005,23.00,73.55,0
GS128-3,37.00,118.33,0
GS128-2,43.00,126.94,0
SAFETY CHAIN 25,48.00,141.70,3
SP-3086BLUE,18.00,57.56,0
GS008-1M,30.00,95.94,0
O-RING01Y,14.00,53.38,0
R277-162-02,41.00,121.03,0
R277-162-03,41.00,121.03,0
R277-162-01,41.00,121.03,0
ALCYR0512SETS,20.00,63.96,0
ALCYR0513SETP,18.00,57.56,0
ALCYR0514SETAQ,20.00,63.96,0
ALCYR0515SETP,22.00,70.36,0
ALCYR0505SETW,16.00,61.01,0
ALCYR0510SETW,22.00,70.36,0
ALCYR0505SETAQ,16.00,61.01,0
ALCYR0505SETA,16.00,61.01,0
ALCYR0507SETW,13.00,49.57,0
ALCYR0548SETW,18.00,57.56,0
CL41-1,29.00,92.74,0
CL42-1,29.00,92.74,0
CL77-2SET,38.00,121.52,0
CL77-3SET,38.00,121.52,3
CL73SET,38.00,121.52,3
CL06-1SET,41.00,121.03,0
CL77-1SET,38.00,121.52,3
CL77-4SET,38.00,121.52,0
ALCYR0511SETA,22.00,70.36,0
CL71SET,38.00,121.52,3
CL72SET,38.00,121.52,0
CL74SET,38.00,121.52,3
CL67SET,29.00,92.74,3
CL66SET,29.00,92.74,0
CL75SET,26.00,83.15,3
CL68SET,29.00,92.74,0
CL69SET,31.00,99.14,0
CL76SET,29.00,92.74,0
LB001KONIKMORSKI,12.00,45.76,3
LB001SKRZYDŁOAŻUR,12.00,45.76,0
ALZC14MMBHT,20.00,63.96,3
ALZC10MMRWHT,14.00,53.38,3
ALZC14MMRWHT,20.00,63.96,3
ALZC14MMRHT,20.00,63.96,0
CL78SET,82.00,221.89,3
CL79SET,82.00,221.89,3
CL80SET,82.00,221.89,3
CL83SET,82.00,221.89,3
CL85SET,82.00,221.89,3
CL89SET,78.00,230.26,3
PEARL0015E,11.00,41.94,0
ALRZ0004RR,24.00,76.75,3
ALCYR0786ERH,17.00,54.37,0
ALCYR0786PRH,5.00,19.07,0
FAK058,10.00,38.13,3
ALCYR0632RRH,22.40,71.64,0
ZOD003,26.00,83.15,3
HP004+B,18.00,57.56,0
HP004+D,18.00,57.56,0
HP004+E,18.00,57.56,0
HP004+F,18.00,57.56,3
HP004+G,18.00,57.56,0
HP004+I,18.00,57.56,0
HP004+J,18.00,57.56,0
HP004+L,18.00,57.56,0
HP004+MRH,31.00,99.14,3
HP004+NRH,31.00,99.14,3
HP004+PRH,31.00,99.14,3
HP004+W,18.00,57.56,0
HP004+Z,18.00,57.56,3
HP004+C,18.00,57.56,3
HP004+S,18.00,57.56,0
HP004+U,18.00,57.56,3
LU079,20.00,63.96,0
LU077,18.00,57.56,3
LU078,20.00,63.96,3
ALRZ0005,24.00,76.75,0
ALRZ0006,24.00,76.75,3
ALRZ0004RR2,30.00,95.94,3
ALRZ0008BR+2,26.00,83.15,3
ALRZ0007,24.00,76.75,3
ALRZ0009,30.00,95.94,3
ALRZ0010,35.00,111.93,3
ALRZ0011,35.00,111.93,3
FAK022,22.00,70.36,0
LRD8MMWFL,26.00,83.15,0
LSQ8X6MMDRH,20.00,63.96,0
CL31-1,49.00,144.65,0
CL30-1,49.00,144.65,0
HSE-0200EY,40.00,127.92,3
MVE-0072Y,18.00,57.56,3
HE-1086R,17.00,54.37,3
SET-321,73.00,215.50,0
SET-317,73.00,215.50,0
SET-329,47.00,138.74,0
FAK021,38.00,121.52,0
FAK020,52.00,153.50,3
CEL321KG14K,195.00,431.73,0
CEL322KG14K,268.00,593.35,0
CEL323KG14K,218.00,482.65,0
CEL324KG14K,492.00,1028.77,0
CEL325KG14K,923.00,1873.23,0
CEL326KG14K,546.00,1141.69,0
CEL327KG14K,492.00,1028.77,0
CEL328KG14K,872.00,1769.72,0
CEL329KG14K,508.00,1062.23,0
CEL330KG14K,546.00,1141.69,3
CEL331KG14K,958.00,1944.26,0
CEL332KG14K,546.00,1141.69,3
CEL333KG8K,208.00,460.51,0
ALRZ0012,24.00,76.75,3
ALRZ0013,34.00,108.73,3
ALRZ0014,34.00,108.73,3
ALRZ0015,34.00,108.73,3
CL98,17.00,54.37,3
FAK051,20.00,63.96,0
ALKJ0073B,43.00,126.94,3
ALKJ0073K,52.00,153.50,3
ALKJ0074B,52.00,153.50,3
FAK019-1,50.00,147.60,0
HP001+V15MMS,18.00,57.56,0
SET0062,29.00,92.74,3
ALCYR0096RHSET,58.00,171.22,3
ALCYR0097RHSET,58.00,171.22,0
ALCYR0113RHSET,31.00,99.14,0
ALCYR0205SETRH,55.00,162.36,0
ALCYR0207SETRH,61.00,180.07,3
ALCYR0141RHSET,55.00,162.36,0
AS1358,25.00,79.95,0
ALCYR0140RHSET,53.00,156.46,0
AS4896,38.00,121.52,3
AS4892,36.00,115.13,0
ALCYR0179RHSET,44.00,129.89,0
SET-318,41.00,121.03,3
NO731-1SE61998,52.00,153.50,0
AS7308RH,31.00,99.14,3
ALCYR0823RHSET,68.00,200.74,3
SET-322,30.00,95.94,3
ALC041Y,44.00,129.89,0
CEL312BG14K,242.00,535.79,0
CEL336NG8K,239.00,529.15,0
CEL341BG14K,261.00,577.85,0
CEL338NG8K,214.00,473.80,0
CEL339NG8K,293.00,648.70,0
CEL340NG8K,250.00,553.50,0
CEL336BG8K,161.00,396.06,0
CEL334BG8K,106.00,286.84,3
CEL335BG8K,108.00,292.25,0
CEL337BG8K,175.00,387.45,3
ALC179G14K,329.00,687.94,0
CEL0MAMAG8K,252.00,557.93,0
ALC192G8K,111.00,300.37,0
ALC192G14K,244.00,540.22,0
ALC174G14K,345.00,721.39,0
832BRG8K,165.00,365.31,0
CEL308KPG8K,170.00,376.38,3
PL0143EPG8K-2,198.00,438.37,0
CEL166KPG8K,123.00,302.58,0
CEL307KPG8K,140.00,344.40,0
PL109KPG8K,142.00,349.32,0
CEL183KPG8K,148.00,364.08,3
CEL234KPG8K,90.00,243.54,0
PL0183KPG8K,140.00,344.40,0
CEL309KPG8K,154.00,378.84,0
CEL316KG14K,391.00,817.58,0
CEL317KG14K,640.00,1338.24,0
CEL318KG14K,606.00,1267.15,0
CEL319KG14K,363.00,759.03,0
CEL320KG14K,157.00,386.22,0
PL0586KKS14K,358.00,748.58,0
PL0462ABO14K,330.00,690.03,0
PL0462KKS14K,342.00,715.12,0
PL0459ABO14K,268.00,593.35,0
PL0459KKS14K,298.00,659.77,0
PL0460ABO14K,367.00,767.40,0
PL0460KKS14K,363.00,759.03,3
PL0177ABO14K,340.00,710.94,0
PL0177KKS14K,336.00,702.58,0
PL0218ABO14K,375.00,784.12,0
PL0218KKS14K,292.00,646.49,0
PL0178ABO14K,208.00,460.51,0
PL0178KKS14K,281.00,622.13,0
AS038ABO14K,348.00,727.67,0
AS038KKS14K,363.00,759.03,0
PL0218BG14K,316.00,699.62,0
PL0215BG14K,256.00,566.78,0
PL0214BG14K,329.00,687.94,0
DZ011,37.00,118.33,0
DZ029,68.00,200.74,3
N0001,101.00,273.31,3
N0002Y,126.00,309.96,3
LB002Y,23.00,73.55,0
LB003Y,26.00,83.15,0
LB005Y,29.00,92.74,0
LB004Y,30.00,95.94,0
O-RING02LITTLERH,12.00,45.76,3
LB006Y,26.00,83.15,0
LOCK100RH,40.00,127.92,0
LOCK100Y,37.00,118.33,0
O-RING02LITTLEY,12.00,45.76,3
CEL317BG14K,414.00,865.67,0
CEL311BG14K,184.00,407.38,0
CEL316BG14K,315.00,697.41,0
CEL318BG14K,457.00,955.59,0
CEL319BG14K,290.00,642.06,0
CEL310NG14K,399.00,834.31,3
CEL311NG14K,281.00,622.13,0
CEL313NG14K,473.00,989.04,0
LOCK01RH,58.00,171.22,0
LOCK02RH,58.00,171.22,0
AL0001,18.00,57.56,0
AL0002,18.00,57.56,0
BEAD0194RH,42.00,123.98,3
BEAD0198RH,38.00,121.52,3
BEAD0115RH,38.00,121.52,3
BEAD0254RH,37.00,118.33,3
BEAD0149RH,56.00,165.31,3
BEAD0224RH,38.00,121.52,3
BEAD0256RH,37.00,118.33,3
BEAD0255RH,37.00,118.33,3
BEAD037RH,38.00,121.52,3
BEAD0257RH,37.00,118.33,0
BEAD082-1RH,42.00,123.98,3
BEAD084-1RH,56.00,165.31,3
BEAD0106RH,70.00,206.64,3
LU056G14KRED,152.00,373.92,3
LU065G14KRED,229.00,507.01,3
ALKOST0011B,35.00,111.93,3
DZ123,42.00,123.98,0
GS049,55.00,162.36,0
GS069-2,64.00,188.93,0
GS070,56.00,165.31,0
GS084-1,54.00,159.41,3
GS084-4,28.00,89.54,0
GS084-3,52.00,153.50,3
GS085-2,52.00,153.50,0
GS085-4,43.00,126.94,0
GS135,53.00,156.46,3
GS136,44.00,129.89,0
GS137,43.00,126.94,0
GS145,40.00,127.92,0
GS153,40.00,127.92,0
GS159-9,38.00,121.52,0
GS164,56.00,165.31,0
GS223,48.00,141.70,0
GS230,56.00,165.31,0
LL036,31.00,99.14,0
LL051,31.00,99.14,0
LL052,31.00,99.14,0
LL055,31.00,99.14,0
SY010,26.00,83.15,0
SY019,41.00,121.03,3
SY022,26.00,83.15,0
SY035,37.00,118.33,3
SY033,37.00,118.33,3
SY026,29.00,92.74,0
SY043,38.00,121.52,0
GS180,24.00,76.75,0
GS168,29.00,92.74,0
DZ021-2,82.00,221.89,0
DZ028,49.00,144.65,0
DZ080,64.00,188.93,0
GS128-5,35.00,111.93,0
SY015-1,23.00,73.55,3
SY015-2,25.00,79.95,0
SY045,40.00,127.92,0
SY049,43.00,126.94,3
SY066RH,35.00,111.93,0
GS160-7RH,40.00,127.92,0
SY064,35.00,111.93,0
HSP-0440RH,18.00,57.56,0
LS03E1,38.00,121.52,3
PJ-0215+LS04E,41.00,121.03,3
E-0902,26.00,83.15,0
E-0903,26.00,83.15,3
PJ-0212+0213+LS02E,40.00,127.92,3
SET-1503P,40.00,127.92,0
E-0891P,18.00,57.56,3
HSP-0445,23.00,73.55,3
HSP-1015,30.00,95.94,3
HSP-1500,56.00,165.31,3
SET-834P,25.00,79.95,3
HSP-1501,41.00,121.03,3
SET-1674P,54.00,159.41,3
HSP-1496P,43.00,126.94,3
SET-1485P,25.00,79.95,3
HSP-1278,29.00,92.74,3
HSE-1015,48.00,141.70,3
HSE-1278,55.00,162.36,0
SET-1676E+1680E,58.00,171.22,3
SET-834E,44.00,129.89,3
SET-1676E,58.00,171.22,3
SET-1654E,70.00,206.64,0
E-0611,133.00,327.18,3
SET-1503E,77.00,227.30,3
SET-1518E+PJ-0186,120.00,324.72,3
SET-1518+PJ-0183,121.00,327.43,3
E-1044,47.00,138.74,3
HE-1084,37.00,118.33,3
E-0937,31.00,99.14,3
SET-1634E,40.00,127.92,3
SET-1637E,41.00,121.03,3
CEL343NY+A,55.00,162.36,0
E-0900,31.00,99.14,3
E-0899C2,28.00,89.54,0
E-0947,35.00,111.93,3
E-0898C1,26.00,83.15,3
E-0965,31.00,99.14,3
E-0951,31.00,99.14,3
E-0871(RD6.0+RD8.0),62.00,183.02,0
ALKOST0013Y,31.00,99.14,3
ALKOST0014Y,35.00,111.93,3
ALKOST0015Y,37.00,118.33,3
ALKOST0012Y,29.00,92.74,0
ALKOST0016Y,34.00,108.73,3
ALKOST0018Y,31.00,99.14,3
ALKOST0017Y,34.00,108.73,3
ALKOST0015RH,34.00,108.73,0
ALKOST0012RH,31.00,99.14,0
ALKOST0013RH,29.00,92.74,0
ALKOST0014RH,38.00,121.52,0
ALKOST0016RH,35.00,111.93,0
ALKOST0017RH,35.00,111.93,0
ALKOST0018RH,34.00,108.73,0
CEL342NRH,49.00,144.65,0
CEL342NY,47.00,138.74,0
CEL344NY+K,61.00,180.07,3
CEL345NY+M,61.00,180.07,0
CEL343NRH+A,61.00,180.07,0
CEL345NRH+M,66.00,194.83,0
CEL344NRH+K,62.00,183.02,3
FAB019,37.00,118.33,3
HSE-0445,36.00,115.13,3
E-08769RD6.0+HT8X8),48.00,141.70,3
E-08759RD6.0+RD8.0),52.00,153.50,3
HB-0564E1,86.00,232.72,0
HB-0569E1,97.00,262.48,3
HSE-0440,37.00,118.33,3
E-0874(HT8X8),31.00,99.14,3
HSE-1501,107.00,289.54,3
E-0891,47.00,138.74,3
HB-0567E2,68.00,200.74,3
HSE-1500,124.00,305.04,3
SET-1674E,107.00,289.54,3
HSE-1496,95.00,257.07,3
ALSS0469NY,106.00,286.84,0
ALSS0471NY,96.00,259.78,0
ALSS0470NY,97.00,262.48,0
ALSS0472NY,97.00,262.48,0
HP-0721,50.00,147.60,3
HB-0569P1,124.00,305.04,3
SET-1150B,37.00,118.33,0
MN0199,56.00,165.31,3
HSP-1385,55.00,162.36,3
HSP-1389,52.00,153.50,3
PJ-0215+LS04P,37.00,118.33,3
LS03P1,44.00,129.89,3
HSP-1390,55.00,162.36,3
PJ-0212+0213+LS02P,37.00,118.33,3
SET-1607P,61.00,180.07,3
SET-1634P,47.00,138.74,3
SET-1637P,47.00,138.74,3
HP-0718C,56.00,165.31,3
HP-0720C,60.00,177.12,3
HP-0719C,54.00,159.41,3
HP-0715C,54.00,159.41,3
HP-0717C,55.00,162.36,3
SET-1483P,44.00,129.89,3
SET-1518P+PJ-0185,71.00,209.59,3
SET-1518P+PJ-0183,65.00,191.88,3
LSQ7MMSH,44.00,129.89,3
SET-1483E+HE-1220,58.00,171.22,3
RHE-0012,36.00,115.13,0
RHE-0006,41.00,121.03,0
RHE-0007,25.00,79.95,3
PJ-0041+RD6.0,44.00,129.89,0
PJ-0041+HT8.0,53.00,156.46,3
RHE-0013,34.00,108.73,0
MVE-0086,53.00,156.46,0
HSE-0676,41.00,121.03,0
RHE-0011,37.00,118.33,0
SET-1607E,53.00,156.46,3
E-0928,48.00,141.70,0
E-0924,38.00,121.52,0
HSB-1385,48.00,141.70,3
HSB-1389,47.00,138.74,3
HB-0602-3,47.00,138.74,3
SET-1607B,60.00,177.12,3
LS03B1,36.00,115.13,3
HSB-1487,58.00,171.22,0
HSB-1390,40.00,127.92,3
B-0142(HT8X8),31.00,99.14,3
B-0144(RD8.0),31.00,99.14,3
B-0141(HT8X8),34.00,108.73,3
B-0108,58.00,171.22,3
PJ-0212+0213+LS02B,28.00,89.54,3
PJ-0215+LS04B,26.00,83.15,3
ME02728ARHY,34.00,108.73,3
SE03731A,40.00,127.92,3
SE03732A,37.00,118.33,0
SEC2708A,42.00,123.98,3
AE131-1W+B,40.00,127.92,3
AE4269RH,16.00,61.01,0
2E18740,20.00,63.96,3
ALCYR0621ERH,34.00,108.73,3
ALCYR0623ERH,37.00,118.33,3
ALSS0385-1E,26.00,83.15,3
ALSS0385-2E,37.00,118.33,0
ALSS0384E,18.00,57.56,0
ALCYR0625E,36.00,115.13,0
SET-338E,44.00,129.89,0
ALCYR0633SET,31.00,99.14,0
ALSS0386SET-1,54.00,159.41,0
ALSS0386SET-2,49.00,144.65,0
ALSS0387SET-2,34.00,108.73,0
ALSS0388SET-2,38.00,121.52,0
ALSS0387SET-1,37.00,118.33,0
ALSS0388SET-1,44.00,129.89,0
ALCYR0631SETRH,68.00,200.74,3
CELSS014NS,38.00,121.52,3
ALCH0031NRH,60.00,177.12,3
ALCH0032NRH,54.00,159.41,3
ALCH0033NRH,61.00,180.07,3
CEL346NRH,31.00,99.14,0
CEL347NRH,29.00,92.74,3
CEL349NRH,31.00,99.14,0
CELSS001NRH,31.00,99.14,3
CELSS001NY,31.00,99.14,3
CEL346BRH,24.00,76.75,3
CEL348NRH,37.00,118.33,3
ALCH0031NY,54.00,159.41,0
ALCH0033NY,55.00,162.36,3
CELSS001BY,23.00,73.55,3
ALCH0032NY,49.00,144.65,3
HB-0564P1,120.00,324.72,0
CEL350NY,35.00,111.93,3
HB-0567P2,92.00,248.95,3
NEW316,12.00,45.76,3
DZ094-2,54.00,159.41,0
ALSS0018P,23.00,73.55,0
AP9173Y,47.00,138.74,0
SY027,28.00,89.54,3
GS065,62.00,183.02,3
SP04069ARH+Y,34.00,108.73,3
SY034,41.00,121.03,0
BEAD161,43.00,126.94,3
DW016,116.00,313.90,3
BEAD113,40.00,127.92,0
BEAD113 STAR,60.00,177.12,0
BEAD38,31.00,99.14,0
BEAD38 CAT,44.00,129.89,0
BEAD146,56.00,165.31,0
BEAD112,24.00,76.75,0
BEAD112 MOON,31.00,99.14,0
DZ008,25.00,79.95,0
BEAD28,49.00,144.65,3
BEAD5,52.00,153.50,3
BEAD5BEE,52.00,153.50,3
DZ007,60.00,177.12,0
PAS180,47.00,138.74,0
PL623NG8K,205.00,453.87,3
PL604NG8K,165.00,365.31,0
PL632NG8K,216.00,478.22,0
PL653BG8K,185.00,409.59,0
PL651BG8K,192.00,425.09,0
PL687BG8K,205.00,453.87,0
PL688BG8K,216.00,478.22,3
PL663EG8K,246.00,544.64,0
PL686BG8K,195.00,431.73,0
PL668EG8K,269.00,595.57,0
PL621BG8K,149.00,366.54,0
AS388EG14K,548.00,1145.87,3
AS391EG14K,569.00,1189.78,0
AS392EG14K,372.00,777.85,0
AS393EG14K,276.00,611.06,0
PL618BG8K,150.00,369.00,0
AS389EG14K,657.00,1333.38,0
AS390EG14K,475.00,993.23,0
ALBEADS0243RH,221.00,489.29,3
ALBEADS0244RH,238.00,526.93,3
N219,8.00,30.50,3
ALCYR0624E,11.00,41.94,0
ME0145-1,25.00,79.95,0
ME0145-3,23.00,73.55,0
HE-1121,50.00,147.60,0
ME0145-2,25.00,79.95,0
MCB012RHN,73.00,215.50,0
MCB014RHN,70.00,206.64,3
MCB012YN,73.00,215.50,3
MCB014NY,52.00,153.50,3
DW017,49.00,144.65,3
GS162,29.00,92.74,0
GS051,35.00,111.93,0
BEAD114CAT,53.00,156.46,0
SY028,25.00,79.95,0
LOCK38,42.00,123.98,0
LOCK60,37.00,118.33,0
PL614NG8K,288.00,637.63,0
PL641NG8K,274.00,606.64,0
PL612NG8K,223.00,493.72,0
PL626NG8K,284.00,628.78,0
PL629NG8K,309.00,684.13,0
PL634NG8K,257.00,569.00,3
PL642NG8K,288.00,637.63,0
AS394NG14K,607.00,1269.24,0
AS395NG14K,521.00,1089.41,3
AS396NG14K,619.00,1294.33,3
AS397NG14K,781.00,1585.04,0
AS398NG14K,581.00,1214.87,3
PL599NG8K,249.00,551.29,0
PL601NG8K,269.00,595.57,0
PL633NG8K,235.00,520.29,3
PL652BG8K,235.00,520.29,3
ALSS0474NY,73.00,215.50,3
ALSS0474BY,48.00,141.70,3
ALSS0473NRH,74.00,218.45,0
ALSS0473NY,71.00,209.59,3
ALSS0473BRH,48.00,141.70,0
ALSS0473BY,47.00,138.74,3
ALSS0475BY,37.00,118.33,3
ALSS0476BRH,38.00,121.52,0
ALSS0476BY,37.00,118.33,0
ALSS0477BRH,37.00,118.33,0
ALSS0477BY,35.00,111.93,0
ALSS0478BRH,44.00,129.89,3
ALSS0478BY,35.00,111.93,0
SE05196D,30.00,95.94,3
ALKOST0019BS,28.00,89.54,0
ALKOST0020BS,29.00,92.74,0
ALKOST0021BS,28.00,89.54,0
ALSS0482BRH,38.00,121.52,3
ALSS0482NRH,66.00,194.83,0
ALSS0476NRH,62.00,183.02,0
ALSS0478NRH,61.00,180.07,3
ALSS0477NRH,62.00,183.02,0
ALSS0483NRH,64.00,188.93,0
ALSS0482BY,37.00,118.33,0
ALSS0482NY,62.00,183.02,0
ALSS0479BY,34.00,108.73,0
ALSS0484NY,76.00,224.35,3
ALSS0476NY,60.00,177.12,0
ALSS0477NY,58.00,171.22,0
LU040BNG8K,170.00,376.38,0
LU042BG8KRED,163.00,360.88,0
LU023CG8KRED,78.00,230.26,0
CHARM241,41.00,121.03,0
CHARM242,41.00,121.03,0
CHARM261,42.00,123.98,0
CHARM269,49.00,144.65,0
CHARM194,43.00,126.94,3
CHARM198,43.00,126.94,0
CHARM246,38.00,121.52,3
CHARM271,40.00,127.92,0
CHARM186,43.00,126.94,0
CHARM203,62.00,183.02,3
CHARM262,70.00,206.64,0
CHARM191,43.00,126.94,0
CHARM200,43.00,126.94,0
CHARM207,49.00,144.65,0
CHARM263,56.00,165.31,3
CHARM187,43.00,126.94,0
CHARM243,38.00,121.52,0
CHARM267,41.00,121.03,3
CHARM268,53.00,156.46,0
CHARM206,48.00,141.70,0
CHARM247,40.00,127.92,0
CHARM260,49.00,144.65,0
CHARM211,58.00,171.22,3
CHARM213,38.00,121.52,3
CHARM250,41.00,121.03,0
CHARM192,43.00,126.94,0
CHARM210,48.00,141.70,3
CHARM266,47.00,138.74,0
CHARM204,55.00,162.36,3
CHARM212,38.00,121.52,0
CHARM236LITTLE,47.00,138.74,0
CHARM264,41.00,121.03,0
CHARM190,56.00,165.31,0
CHARM199,43.00,126.94,0
CHARM208,30.00,95.94,0
CHARM257,47.00,138.74,0
CHARM248,37.00,118.33,0
CHARM251,38.00,121.52,0
CHARM197,43.00,126.94,0
CHARM259,41.00,121.03,0
CHARM195,53.00,156.46,0
CHARM265,43.00,126.94,0
CHARM193,42.00,123.98,0
AE3337RH,23.00,73.55,3
AE3337RH,23.00,73.55,3
CHARM244,47.00,138.74,0
SY074RH,66.00,194.83,3
CHARM245,43.00,126.94,3
CHARM255,48.00,141.70,3
CHARM270,44.00,129.89,0
CHARM189,43.00,126.94,0
CHARM238,37.00,118.33,3
CHARM256,41.00,121.03,0
CHARM253,41.00,121.03,0
CHARM201,43.00,126.94,0
CHARM205,43.00,126.94,0
CHARM209,54.00,159.41,3
CHARM240,34.00,108.73,3
CHARM249,53.00,156.46,0
CHARM188,61.00,180.07,0
CHARM237,34.00,108.73,0
CHARM239,37.00,118.33,3
CHARM252,38.00,121.52,0
CHARM216,53.00,156.46,0
CHARM220,54.00,159.41,0
CHARM254,60.00,177.12,3
CHARM223,55.00,162.36,0
CHARM225,52.00,153.50,0
CHARM219,43.00,126.94,3
CHARM221,47.00,138.74,3
CHARM222,44.00,129.89,3
CHARM215,43.00,126.94,3
CHARM218,43.00,126.94,3
CHARM224,43.00,126.94,3
CHARM214,42.00,123.98,3
CHARM217,43.00,126.94,3
AP12031,37.00,118.33,3
AP12057,43.00,126.94,3
CHARM289,37.00,118.33,0
AP12027,28.00,89.54,0
AP12065,43.00,126.94,3
AP12037,23.00,73.55,3
AP12010,23.00,73.55,3
AP12016,31.00,99.14,3
AP12013,30.00,95.94,3
AP12015,23.00,73.55,0
CHARM284,24.00,76.75,3
CHARM285,24.00,76.75,3
CHARM275,31.00,99.14,3
AP12024,23.00,73.55,0
CHARM283,24.00,76.75,3
AP12008,20.00,63.96,0
AP12032,20.00,63.96,3
AP12021,25.00,79.95,3
CHARM286,24.00,76.75,3
AP12017,28.00,89.54,0
AP12034,25.00,79.95,0
CHARM277,26.00,83.15,3
AP12018,23.00,73.55,3
AP12019,23.00,73.55,0
AP12004,20.00,63.96,3
AP12006,23.00,73.55,3
CHARM288,24.00,76.75,3
AP12007,20.00,63.96,0
AP12022,20.00,63.96,3
AP12026,20.00,63.96,3
AP12023,23.00,73.55,3
CHARM287,24.00,76.75,3
CHARM274,34.00,108.73,3
CHARM282,31.00,99.14,3
CHARM281,28.00,89.54,3
CHARM280,28.00,89.54,3
AP12020,35.00,111.93,3
AP12029,29.00,92.74,3
AP12033,35.00,111.93,3
AP12011,34.00,108.73,0
AP12062,31.00,99.14,0
AP12036,30.00,95.94,0
AP12005,23.00,73.55,3
AP12025,35.00,111.93,0
AP12028,35.00,111.93,3
AP12063,25.00,79.95,3
AP12009,34.00,108.73,0
AP12064,23.00,73.55,0
AP12035,26.00,83.15,3
AP12058,25.00,79.95,0
AP12030,25.00,79.95,3
AP12012,30.00,95.94,3
AP12014,23.00,73.55,3
CHARM276,41.00,121.03,3
CHARM272,35.00,111.93,3
AP12066,37.00,118.33,3
CHARM273,29.00,92.74,3
CHARM279,25.00,79.95,0
AP12060,44.00,129.89,0
AP12059,44.00,129.89,0
CHARM290,37.00,118.33,3
CEL334BG14K,197.00,436.16,0
CEL335NG8K,141.00,346.86,0
CEL334NG8K,169.00,374.17,3
CEL391EG14K,316.00,699.62,0
PL0212KG8K,154.00,378.84,3
AS389BG14K,447.00,934.68,0
AS389NG14K,541.00,1131.23,0
AS389NG8K,295.00,653.13,0
AS389BG8K,254.00,562.36,0
PL0596NG14K,385.00,805.03,0
PL0596BG14K,279.00,617.71,0
CEL397NG14K,483.00,1009.95,0
AS392NG14K,464.00,970.22,0
CEL337BG14K,351.00,733.94,0
AS400BG8K,377.00,788.31,0
AS404BG8K,408.00,853.13,3
AS405BG8K,557.00,1164.69,3
AS402BG8K,435.00,909.58,0
AS403BG8K,512.00,1070.59,3
AS396BG8K,215.00,476.01,3
AS395BG8K,264.00,584.50,3
KP0114EG14K,276.00,611.06,0
KP0349EG14K,375.00,784.12,3
KP0338EG14K,421.00,880.31,0
KP0336E,343.00,717.21,0
KP0431E,295.00,653.13,0
KP0366E,509.00,1064.32,3
KP0018EG14K,448.00,936.77,0
KP0254EG14K,513.00,1072.68,3
KP0003EG14K,557.00,1164.69,3
KP0166EG14K,336.00,702.58,0
KP0150EG14K,350.00,731.85,0
KP0249EG14K,403.00,842.67,0
KP0255E,426.00,890.77,3
KP0182EG14K,457.00,955.59,3
KP0248EG14K,418.00,874.04,0
KP0105EG14K,322.00,712.91,3
KP0221E,389.00,813.40,0
KP0049E,546.00,1141.69,3
KP0278EG14K,462.00,966.04,0
KP0343EG14K,372.00,777.85,0
KP0009E,487.00,1018.32,3
KP0161EG14K,342.00,715.12,0
KP0015EG14K,455.00,951.40,0
KP0020E,473.00,989.04,0
KP0333E,309.00,684.13,0
KP0348E,442.00,924.22,0
KP0360EG14K,413.00,863.58,0
KP0003PG14K,195.00,431.73,0
KP0018PG14K,220.00,487.08,0
KP0015PG14K,274.00,606.64,3
KP0049,216.00,478.22,0
KP0166PG14K,157.00,386.22,0
KP0248PG14K,197.00,436.16,0
KP0150PG14K,177.00,391.88,3
KP0343PG14K,169.00,374.17,0
KP0182PG14K,208.00,460.51,3
KP0221,167.00,369.74,0
KP0249PG14K,195.00,431.73,0
KP0020,207.00,458.30,0
KP0278PG14K,218.00,482.65,0
PAP0518G14K,314.00,695.20,0
KLY2077G14K,589.00,1231.60,3
KLY2557G14K,484.00,1012.04,0
KLY2509G14K,483.00,1009.95,3
KLY2001PG14K,447.00,934.68,0
KP0333,121.00,327.43,0
KP0348,186.00,411.80,0
KP0360PG14K,210.00,464.94,0
KP0009,196.00,433.94,0
KP0338PG14K,194.00,429.52,0
KP0349PG14K,162.00,398.52,0
KP0366,201.00,445.01,0
KP0254G14K,229.00,507.01,3
KP0255,184.00,407.38,0
KP0114PG14K,111.00,300.37,0
KP0336,144.00,354.24,0
KP0161PG14K,158.00,388.68,0
1397BRG8K,100.00,270.60,0
1397NG8K,151.00,371.46,0
1397NG14K,343.00,717.21,0
PAP0260G14K,197.00,436.16,0
AH4498BRH,102.00,276.01,3
AH2246BBRH,89.00,240.83,3
AH4979BRH+WB,49.00,144.65,0
AH4499BRH,84.00,227.30,0
AH4979BRH+WS,49.00,144.65,3
AH4979BRH+WP,49.00,144.65,3
AH4968BRH+WB,43.00,126.94,0
AH4968BRH+WS,43.00,126.94,0
AH4968BRH+WP,44.00,129.89,3
AH4549BRH+WB,60.00,177.12,0
AH4549BRH+WP,60.00,177.12,3
AH4549BRH+WS,60.00,177.12,0
AH4547BRH+WB,58.00,171.22,0
AH4547BRH+WP,58.00,171.22,3
AH4547BRH+WS,58.00,171.22,3
AH4544BRH+WB,67.00,197.78,0
AH4544BRH+WP,67.00,197.78,0
AH4544BRH+WS,67.00,197.78,0
AH4537BRH,71.00,209.59,0
AH4533BRH,74.00,218.45,0
AH4620BRH,66.00,194.83,0
AS7751,92.00,248.95,0
AN464NR,48.00,141.70,0
AN717NY,34.00,108.73,3
SN-4250NRH,58.00,171.22,0
AN462NR,53.00,156.46,0
AN464NY,48.00,141.70,0
AC130838NR,40.00,127.92,0
CEL17B,35.00,111.93,3
SETEW002B,47.00,138.74,3
SETEB002B,47.00,138.74,3
SETEP002B,47.00,138.74,3
ALSS0485BY,113.00,305.78,3
ALSS0484BRH,44.00,129.89,0
ALSS0485BRH,126.00,309.96,3
ALSS0484BY,42.00,123.98,0
CEL363BY,47.00,138.74,3
CEL364BY,29.00,92.74,3
CEL365BY,40.00,127.92,3
CEL357BY,31.00,99.14,3
CEL359BY,37.00,118.33,3
CEL359BY HEART+A,37.00,118.33,3
CEL358BY,37.00,118.33,3
CEL358BY HEART+M,37.00,118.33,3
CEL362BY,37.00,118.33,3
CEL362BY HEART+K,37.00,118.33,3
CEL357BRH,31.00,99.14,0
CEL364BRH,34.00,108.73,0
CEL365BRH,42.00,123.98,0
CEL359BRH,38.00,121.52,3
CEL359BRH HEART+A,38.00,121.52,3
CEL362BRH,38.00,121.52,3
CEL362BRH HEART+K,38.00,121.52,3
CEL358BRH,38.00,121.52,3
CEL358BRH HEART+M,38.00,121.52,3
CEL363BRH,48.00,141.70,3
CEL363BRH,48.00,141.70,3
LRD4MM8KP,186.00,411.80,0
LRD3MM8KP,131.00,322.26,0
LRD5MM8KP,205.00,453.87,0
LU023G8KRED,78.00,230.26,0
HL-100GROLG14K20CM,306.00,677.48,0
LU017G8KBLACK,56.00,165.31,0
LU019G8KBLACK,131.00,322.26,0
LU021G8KBLACK,90.00,243.54,0
KSB-575,101.00,273.31,0
KSB-576,119.00,322.01,0
578-KSB,74.00,218.45,0
B-490,160.00,393.60,0
B-576,190.00,420.66,0
578-B,178.00,394.09,0
578-ZB,84.00,227.30,0
B-575,188.00,416.23,0
ZB-575,49.00,144.65,0
ZB-576,97.00,262.48,0
KB-373,61.00,180.07,0
SP03796B,24.00,76.75,0
AE17517ERH,25.00,79.95,3
CEL357KRH,43.00,126.94,0
CEL357KY,43.00,126.94,3
CEL358NRH,44.00,129.89,3
CEL358NRH HEART+M,44.00,129.89,3
ALSS0484NRH,83.00,224.60,0
CEL361NRH+P,60.00,177.12,0
CEL357NRH,40.00,127.92,0
CEL364NRH,38.00,121.52,3
CEL365NRH,49.00,144.65,0
CEL359NRH,43.00,126.94,3
CEL359NRH HEART+A,43.00,126.94,3
CEL362NRH,42.00,123.98,3
CEL362NRH HEART+K,42.00,123.98,3
CEL363NRH,53.00,156.46,3
CEL363NRH,53.00,156.46,3
CEL360NRH+J,58.00,171.22,0
CEL360NY+J,54.00,159.41,0
CEL361NY+P,55.00,162.36,0
CEL357NY,38.00,121.52,3
CEL363NY,54.00,159.41,3
CEL364NY,35.00,111.93,3
CEL359NY,41.00,121.03,3
CEL359NY HEART+A,41.00,121.03,3
CEL358NY,42.00,123.98,3
CEL358NY HEART+M,42.00,123.98,3
CEL365NY,44.00,129.89,3
CEL362NY,41.00,121.03,3
CEL362NY HEART+K,41.00,121.03,3
CHARM278,41.00,121.03,3
AP12061,48.00,141.70,3
SY039,43.00,126.94,3
GS001,42.00,123.98,3
GS085-5,47.00,138.74,0
DZ020,43.00,126.94,0
DZ048,35.00,111.93,3
DZ094-1RH,66.00,194.83,3
CHARM258,74.00,218.45,0
SY055RH,29.00,92.74,0
GS045,53.00,156.46,0
AE3093RH,29.00,92.74,0
AE3093Y,30.00,95.94,0
DZ090,66.00,194.83,3
DZ085,67.00,197.78,3
BEAD85,28.00,89.54,0
BEAD86,28.00,89.54,0
AE17707ERH,18.00,57.56,0
AE17768ERH,18.00,57.56,0
SEJ0065A,18.00,57.56,3
AE17554ERH,26.00,83.15,3
AE17699ERH,14.00,53.38,3
AE17708ERH,28.00,89.54,0
AE17710ERH,20.00,63.96,0
PJ-0253E1,38.00,121.52,0
MVE-0151,36.00,115.13,3
MVE-0152,42.00,123.98,3
AE17518ERH,28.00,89.54,3
AE17540ERH,23.00,73.55,0
ALSS0480NY,80.00,236.16,0
ALSS0480NRH,86.00,232.72,0
AS8088-1,25.00,79.95,3
AS7257WHITE,40.00,127.92,0
AS7531SETRH,53.00,156.46,0
AS7532,43.00,126.94,0
AS7533,43.00,126.94,3
AS7537RH,61.00,180.07,0
AS7538,38.00,121.52,0
TE6161,56.00,165.31,3
TE6161 X,56.00,165.31,3
AE2322,20.00,63.96,3
AE355,17.00,54.37,3
AC130713RH,26.00,83.15,3
AE4268RH,16.00,61.01,3
AE486RH,25.00,79.95,3
AE911RH,24.00,76.75,3
SE05160A,25.00,79.95,3
SE05213A,30.00,95.94,3
EA51736,20.00,63.96,0
SE05159A,26.00,83.15,3
SE05105A,24.00,76.75,3
MMAL0191S,28.00,89.54,0
AE4657,18.00,57.56,3
AE9034,40.00,127.92,0
AE5625R,18.00,57.56,3
AE4659RH,28.00,89.54,0
AE8516,38.00,121.52,0
AE9165,37.00,118.33,3
AE9163,26.00,83.15,3
2E18688,26.00,83.15,3
2E18694,35.00,111.93,3
2E18693,30.00,95.94,3
2E20048,24.00,76.75,3
2E20304,26.00,83.15,3
ME02809A,29.00,92.74,3
ME03743A,26.00,83.15,3
ME03706A,40.00,127.92,0
SE05386A,25.00,79.95,0
SE05104A,24.00,76.75,3
SE05106A,24.00,76.75,3
SE05358A,30.00,95.94,3
SE9164,34.00,108.73,0
CN01090EG14K,440.00,920.04,0
CN03388EG14K,527.00,1101.96,0
CN04359BG14K,316.00,699.62,0
CN05171BG14K,294.00,650.92,0
NA03465BG14K,237.00,524.72,3
NA03398BG14K,282.00,624.35,0
CN03388BG14K,360.00,752.76,0
CN01090BG14K,351.00,733.94,0
CN04346BG14K,267.00,591.14,0
CN01662BG14K,289.00,639.85,0
CN00200BG14K,242.00,535.79,0
CN01577BG14K,306.00,677.48,3
NA02840BG14K,242.00,535.79,0
CN02706BG14K,492.00,1028.77,3
NA02834BG14K,234.00,518.08,0
CN04358BG14K,315.00,697.41,0
NA03392BG14K,318.00,704.05,0
LB0164BG14K,403.00,842.67,3
NA02840NG14K,385.00,805.03,0
CN01090NG14K,427.00,892.86,0
CN03388NG14K,603.00,1260.87,0
NA02834NG14K,455.00,951.40,0
AT029,28.00,89.54,3
MMAL0200S,25.00,79.95,0
MMAL0201S,19.00,60.76,0
MMAL0202S,36.00,115.13,0
MMAL0199S,55.00,162.36,0
MMAL0203S,47.00,138.74,0
M/005G14K,355.00,742.30,3
M/007G14K,212.00,469.37,0
M/008G14K,328.00,685.85,0
M/009G14K,300.00,664.20,3
M/001G14K,397.00,830.13,3
M/003G14K,323.00,715.12,0
M/010G14K,768.00,1558.66,3
M/002G14K,334.00,698.39,3
M/004G14K,242.00,535.79,3
M/006G14K,377.00,788.31,3
M/011G14K,183.00,405.16,0
MCB015BRH,68.00,200.74,0
MCB016BRH,47.00,138.74,0
MCB016BY,52.00,153.50,3
MCB017BRH,55.00,162.36,0
MCB017BY,55.00,162.36,0
BR002RH,64.00,188.93,0
BR004RH,58.00,171.22,0
SV63,18.00,57.56,0
AE19206RH,23.00,73.55,0
AE12306RH,56.00,165.31,3
AE12304RH,58.00,171.22,3
AE18151RH,37.00,118.33,3
AE19067-1,14.00,53.38,3
AE19027RH,23.00,73.55,3
AE18910RH,20.00,63.96,0
AE18624RH,18.00,57.56,3
RE0129,28.00,89.54,3
AE12364RH,58.00,171.22,3
AE18616RH,23.00,73.55,3
AE19074-1,14.00,53.38,0
AE19037,24.00,76.75,3
AE12366RH,28.00,89.54,3
AE18647RH,20.00,63.96,0
AE19197RH,20.00,63.96,3
AE19073RH,26.00,83.15,3
AE19042RH,34.00,108.73,0
AE12353RH,25.00,79.95,3
E-ARH,34.00,108.73,3
E-MRH,34.00,108.73,3
AE12365RH,26.00,83.15,3
AE18872RH,28.00,89.54,0
RE0133RH,48.00,141.70,0
RE0136RH,29.00,92.74,0
E-AY,34.00,108.73,3
E-KRH,28.00,89.54,0
E-KY,28.00,89.54,3
E-MY,35.00,111.93,3
PE0581,17.00,54.37,0
AE13020RH/HUGGIE,49.00,144.65,3
RE0051RH,16.00,61.01,0
AE12947RH,29.00,92.74,3
AE12944RH,28.00,89.54,3
AE12935RH,28.00,89.54,3
AE12953,26.00,83.15,3
ŁYŻ-11C,218.00,482.65,3
BR003RH,56.00,165.31,3
PAS283-1,34.00,108.73,0
BR001RH,58.00,171.22,0
BR005RH,58.00,171.22,3
BR006RH,64.00,188.93,3
AN452NR,37.00,118.33,0
AN452BR,24.00,76.75,0
AN452BY,24.00,76.75,0
FC0036,52.00,153.50,0
20332E,71.00,209.59,3
13504E,76.00,224.35,0
16213E,78.00,230.26,0
14084E,92.00,248.95,0
14085E,113.00,305.78,3
16314E,126.00,309.96,3
17528E,103.00,278.72,3
17559E,133.00,327.18,3
17037E,84.00,227.30,0
29295E,95.00,257.07,3
29731E,113.00,305.78,0
29732E,100.00,270.60,3
29850E,90.00,243.54,0
20565P,26.00,83.15,0
28432E,110.00,297.66,3
13040P,48.00,141.70,0
14121P,61.00,180.07,3
17622P-22MM,66.00,194.83,3
28694P,62.00,183.02,3
13618SET,128.00,314.88,0
18118B,346.00,723.49,3
14121SET,107.00,289.54,0
15786B,517.00,1081.05,3
17862BG,184.00,407.38,0
M/008G8K,167.00,369.74,3
M/009G8K,147.00,361.62,0
M/005G8K,171.00,378.59,3
M/007G8K,97.00,262.48,3
ALBR028,182.00,402.95,0
AP12985PRH,26.00,83.15,0
AP12989PRH,26.00,83.15,3
AP13041PRH,40.00,127.92,0
AP13038PRH,43.00,126.94,3
AP13037PRH,52.00,153.50,3
AP13036PRH,49.00,144.65,3
AP13039PRH,42.00,123.98,3
AP13035PRH,55.00,162.36,3
M/015G8K,111.00,300.37,3
M/016G8K,167.00,369.74,3
AE18755ERH,23.00,73.55,0
AE18981ERH,26.00,83.15,3
M/017G8K,182.00,402.95,0
AE10270ERH,23.00,73.55,0
AE10270PRH,20.00,63.96,3
AE20414,41.00,121.03,3
AE20399ERH,44.00,129.89,3
AE20415ERH,53.00,156.46,3
AE20407ERH,44.00,129.89,3
AE20389ERH,42.00,123.98,3
AE20411ERH,44.00,129.89,3
AP12176RH,54.00,159.41,0
AP13775RH,38.00,121.52,3
AP13356RH,58.00,171.22,0
AP13731RH,62.00,183.02,3
AP13774RH,40.00,127.92,0
AP13372RH,48.00,141.70,0
AP12176-1RH,42.00,123.98,3
AP13245RH,44.00,129.89,0
AP13386RH,53.00,156.46,0
ALBEADS0245RH,70.00,206.64,3
AP13654RH,70.00,206.64,3
AP13662RH,49.00,144.65,3
AP13475RH,48.00,141.70,0
AP13388RH,52.00,153.50,0
AP13351RH,47.00,138.74,0
AP13776RH,62.00,183.02,3
AP13408RH,48.00,141.70,3
AP13399RH,52.00,153.50,3
AP12174-2RH,48.00,141.70,0
AP13363RH,58.00,171.22,3
AP13409,44.00,129.89,0
DZ128YG,52.00,153.50,3
CR72,331.00,692.12,3
CR73,222.00,491.51,3
AMJ-095,23.00,73.55,0
AMJ-094,34.00,108.73,0
AE19287ERH,28.00,89.54,3
AE19289ERH,20.00,63.96,0
AE19284ERH,18.00,57.56,3
AE18898ERH,28.00,89.54,0
E-0722KMRH-1W,30.00,95.94,3
AE19201ERH,26.00,83.15,3
AE19035ERH,17.00,54.37,0
AE19093ERH,25.00,79.95,3
AE18653ERH,18.00,57.56,3
AE18649ERH,20.00,63.96,3
AE19013ERH,25.00,79.95,0
AE19015ERH,24.00,76.75,0
AE18968ERH,23.00,73.55,0
14089B,490.00,1024.59,0
16763B,280.00,619.92,0
17513B,516.00,1078.96,3
AE18674ERH,25.00,79.95,0
AE18678ERH,20.00,63.96,3
AE18685ERH,23.00,73.55,0
29471BG,179.00,396.31,3
29422BG,251.00,555.71,0
19576BG,227.00,502.58,0
12789BG,256.00,566.78,3
17379BG,234.00,518.08,0
22286BG,182.00,402.95,3
23931BG,258.00,571.21,3
17374BG,176.00,389.66,0
PSE0050G8K,250.00,553.50,3
14090SET,131.00,322.26,0
17334SET,150.00,369.00,0
14933P,77.00,227.30,0
13621BH,278.00,615.49,3
17334P,95.00,257.07,0
16123BH,325.00,719.55,3
KP0232EG8K,208.00,460.51,3
PNE0001G8K+WP,254.00,562.36,0
PNE0016G8K+W,230.00,509.22,0
E1457EG8K,462.00,966.04,3
PSE0040G8K,208.00,460.51,3
NEV0002E8K,149.00,366.54,0
SGE2036EG8K,118.00,319.31,0
SGM0289EG8K,149.00,366.54,0
PNE0009G8K,301.00,666.41,0
PZE0498G8K,123.00,302.58,0
QS0965S,35.00,111.93,3
PZE0364G8K+5MM,217.00,480.44,3
QS0095Y,23.00,73.55,3
PZE0445EG8K,158.00,388.68,0
PZE0505EG8K,130.00,319.80,0
SGE0795EG8K,145.00,356.70,0
SGE1002EG8K,152.00,373.92,0
SGE1376EG8K,191.00,422.87,3
PZE0364G8K+6MM,219.00,484.87,3
PZE0364G8K+7MM,290.00,642.06,3
PZE0364G8K+8MM,327.00,683.76,3
PZE0416EG8K,232.00,513.65,0
KP0092EG8K,339.00,708.85,3
PZE0429EG8K,250.00,553.50,3
SGE0789EG8K,140.00,344.40,0
SGE0817EG8K,180.00,398.52,0
SGE1366EG8K,142.00,349.32,0
SGE1342EG8K,150.00,369.00,0
SGE1882EG8K,175.00,387.45,3
PNP0042EG8K,174.00,385.24,3
KP0364PG8K,117.00,316.60,0
PZE0459EG8K,181.00,400.73,0
SGE2021EG8K,164.00,363.10,0
SGE2024EG8K,130.00,319.80,0
SGE2170EG8K,195.00,431.73,3
SGE0906EG8K,174.00,385.24,0
SD0014EG8K+X,158.00,388.68,3
PZE0091EG8K,166.00,367.52,0
PZE0091EG8K+X,145.00,356.70,0
PZE0752EG8K,235.00,520.29,0
SGE1604EG8K,258.00,571.21,0
SGE1620EG8K,187.00,414.02,0
SGE1609EG8K,296.00,655.34,3
SGE1640EG8K,217.00,480.44,3
PKE0022EG8K,274.00,606.64,0
PZE0016EG8K,210.00,464.94,0
SGE1655EG8K,217.00,480.44,0
SGE1760EG8K,281.00,622.13,0
SGE0690EG8K,162.00,398.52,0
PNP0041EG8K,192.00,425.09,3
ALBR029,211.00,467.15,0
SGE0914EG8K,181.00,400.73,0
SGE0794EG8K,117.00,316.60,3
SGE1254EG8K,188.00,416.23,3
SGE1387EG8K,152.00,373.92,0
SGE0666EG8K,205.00,453.87,3
SGE0802EG8K,142.00,349.32,3
SGE1282EG8K,117.00,316.60,3
SGE2122EG8K,152.00,373.92,3
SGE0624EG8K,127.00,312.42,0
SGE0673EG8K,156.00,383.76,3
SGE0675EG8K,141.00,346.86,0
SGE0976EG8K,122.00,300.12,0
SGE0980EG8K,137.00,337.02,0
SGE1001EG8K,150.00,369.00,0
SGE1255EG8K,174.00,385.24,0
SGE1705EG8K,122.00,300.12,3
SGE1883EG8K,135.00,332.10,3
SGE1884EG8K,128.00,314.88,0
SGE2008EG8K,192.00,425.09,0
SGE2040EG8K,103.00,278.72,3
SGE2042EG8K,131.00,322.26,3
SGE2059EG8K,151.00,371.46,3
SGE2230EG8K,181.00,400.73,0
SGE2306EG8K,131.00,322.26,3
LU080G8KRED,56.00,165.31,0
KCE0016E14K+WW,420.00,878.22,0
ALMS012S,28.00,89.54,0
ALMS001S,30.00,95.94,0
593-K,76.00,224.35,0
593-Z,47.00,138.74,0
542-K,73.00,215.50,0
542-Z,66.00,194.83,0
595-K,88.00,238.13,3
595-Z,67.00,197.78,0
597-K,85.00,230.01,0
597-Z,83.00,224.60,0
594-K,76.00,224.35,0
594-Z,64.00,188.93,0
598-K,109.00,294.95,0
598-Z,78.00,230.26,0
596-K,58.00,171.22,0
596-Z,83.00,224.60,0
557-K,100.00,270.60,3
557-Z,43.00,126.94,0
566-K,73.00,215.50,3
566-Z,35.00,111.93,3
539-B,580.00,1212.78,0
K781,25.00,79.95,0
566-B,146.00,359.16,3
596-B,155.00,381.30,0
557-B,139.00,341.94,0
598-B,176.00,389.66,0
593-B,137.00,337.02,0
597-B,178.00,394.09,0
594-B,106.00,286.84,0
542-B,202.00,447.23,0
595-B,175.00,387.45,3
PAP0300-1G14K,194.00,429.52,3
PZE0667EG14K,270.00,597.78,0
PZE0690EG14K,382.00,798.76,0
PZE0118EG14K,329.00,687.94,0
PZE0124EG14K,295.00,653.13,0
GS015-1,35.00,111.93,0
QS0646,37.00,118.33,0
BEADNEW7-1,16.00,61.01,3
ALC060NR,37.00,118.33,0
CELK01SR,31.00,99.14,0
CELK05SY,30.00,95.94,3
CELK18Y,34.00,108.73,3
CELK19RH,25.00,79.95,3
QS0624,31.00,99.14,3
QS096STAR,23.00,73.55,3
PAS305-1,17.00,54.37,0
ALMS006Y,34.00,108.73,0
ALMS010Y,34.00,108.73,0
AE18974ERH,17.00,54.37,3
ALMS022Y,37.00,118.33,3
AE19163ERH,20.00,63.96,3
AE19088ERH,56.00,165.31,3
AE18900ERH,31.00,99.14,3
AE12965ERH,68.00,200.74,3
LU072G8KRED,41.00,121.03,0
LU072G8KSAPPHIRE,45.00,132.84,0
LU061G8KSAPPHIRE,79.00,233.21,0
LU064G8KSAPPHIRE,76.00,224.35,0
LU065G8KSAPPHIRE,97.00,262.48,0
LU069G8KSAPPHIRE,58.00,171.22,0
LU071G8KRED,41.00,121.03,0
LU071G8KSAPPHIRE,41.00,121.03,0
LU059G8KSAPPHIRE,43.00,126.94,0
PSE0681G8K+ANG,224.00,495.94,0
CL99Z,34.00,108.73,3
1BR64710BRH,76.00,224.35,0
DZ094-3,54.00,159.41,0
HP004+ARH,28.00,89.54,3
HP004+KRH,28.00,89.54,3
HP004+ORH,31.00,99.14,3
HP004+RRH,28.00,89.54,3
CR444S,64.00,188.93,3
ALP636,209.00,462.73,3
ALP034,82.00,221.89,0
AE13020RH,18.00,57.56,3
SET-2490E,40.00,127.92,0
SET-2488E1RHPIN,40.00,127.92,0
AE19155ERH,17.00,54.37,0
415E7138+B,29.00,92.74,3
AE19016ERH,14.00,53.38,0
AE18948ERH,24.00,76.75,3
AE19216ERH,17.00,54.37,3
AE19196ERH,25.00,79.95,3
AE19064ERH,20.00,63.96,3
AE19031ERH,26.00,83.15,3
AE18955ERH,14.00,53.38,0
AE19084ERH,25.00,79.95,3
AE19148ERH,20.00,63.96,3
AE18908ERH,31.00,99.14,3
AE19079-1ERH,29.00,92.74,3
AE19017ERH,20.00,63.96,3
AE18970ERH,20.00,63.96,3
AE4389,28.00,89.54,3
ALCYR0451ERH,37.00,118.33,3
AP13771-3,47.00,138.74,3
AP13771,49.00,144.65,3
AP13771-1,44.00,129.89,0
AP13771-2,44.00,129.89,0
AP13770,40.00,127.92,0
AP13770-1,40.00,127.92,3
AP13770-2,40.00,127.92,0
RE0254KRH,31.00,99.14,0
RE0074KRH,71.00,209.59,0
RE0075KRH,95.00,257.07,3
ALSER0087PRH+AQ,31.00,99.14,0
KOL0003RH,31.00,99.14,0
AE19223ERH,28.00,89.54,3
ALCYR0839SET,70.00,206.64,3
LAS001,155.00,381.30,0
ALCYR0095RHSET,187.00,414.02,0
ALCYR0267SET,56.00,165.31,3
ME02921A,17.00,54.37,0
ME02921A X,25.00,79.95,0
LU056G8KBEIGE,61.00,180.07,0
LU056G8KGRAY,61.00,180.07,0
LU056G8KMINT,61.00,180.07,0
LU056G8KYELLOW,61.00,180.07,0
LU064G8KYELLOW,76.00,224.35,0
LU064G8KMINT,76.00,224.35,0
LU071G8KYELLOW,41.00,121.03,0
LU064G8KGRAY,76.00,224.35,0
LU064G8KBEIGE,76.00,224.35,0
LU071G8KBEIGE,41.00,121.03,0
LU071G8KMINT,41.00,121.03,0
LU071G8KGRAY,41.00,121.03,0
LU072G8KBEIGE,41.00,121.03,0
LU072G8KMINT,41.00,121.03,0
LU072G8KYELLOW,41.00,121.03,0
LU060G8KYELLOW,81.00,239.11,0
LU060G8KBEIGE,81.00,239.11,0
LU060G8KMINT,81.00,239.11,0
LU060G8KGRAY,81.00,239.11,0
SE05116A,28.00,89.54,0
SE05092A,53.00,156.46,3
ME03828A,24.00,76.75,0
SE03781A,26.00,83.15,0
SPC3434A,53.00,156.46,3
CRAL0012,25.00,79.95,0
ALL0001N,10.00,38.13,3
AN464BR,34.00,108.73,0
ALCN175G14K,180.00,398.52,0
PL0459S14K,268.00,593.35,0
PP0354PRH,54.00,159.41,3
PP0352PRH,67.00,197.78,3
PP0348PRH,28.00,89.54,0
PP0355PRH,41.00,121.03,3
PP0347PRH,40.00,127.92,0
MP01903Y,34.00,108.73,3
AE20409,44.00,129.89,3
AE20405,44.00,129.89,3
AE20395ERH,56.00,165.31,3
AE20404-1,44.00,129.89,3
AE20392,43.00,126.94,3
AE20413ERH,42.00,123.98,0
AE20397ERH,41.00,121.03,3
AE20403ERH,38.00,121.52,3
AE20404ERH,31.00,99.14,0
AE20396ERH,42.00,123.98,3
AE20400,42.00,123.98,3
OP003ERHBLUE,41.00,121.03,3
AE20410,47.00,138.74,3
AE20408ERH,42.00,123.98,3
AE20402ERH,73.00,215.50,3
AE20401ERH,70.00,206.64,3
AE20412ERH,49.00,144.65,3
OP004ERHBLUE,40.00,127.92,3
AE20416ERH,52.00,153.50,3
AE20418ERH,76.00,224.35,3
AE20500ERH,47.00,138.74,3
AP9291RH,28.00,89.54,0
AP9293RH,17.00,54.37,0
AP9294RH,29.00,92.74,0
AP9295RH,31.00,99.14,0
AP9296RH,29.00,92.74,0
HP018BRH,43.00,126.94,0
AE20501ERH,74.00,218.45,3
AE20502ERH,70.00,206.64,3
NK0036EG14K,448.00,936.77,0
NA003EG14K,448.00,936.77,0
NA001EG14K,549.00,1147.96,0
NA002EG14K,487.00,1018.32,0
NA004EG14K,318.00,704.05,0
NA005EG14K,342.00,715.12,0
NA006EG14K,342.00,715.12,0
NA007EG14K,442.00,924.22,0
NA008EG14K,394.00,823.85,0
NA009EG14K,457.00,955.59,0
NA010EG14K,400.00,836.40,0
NA011EG14K,318.00,704.05,0
NA012EG14K,407.00,851.04,0
NA013EG14K,407.00,851.04,0
NA014EG14K,607.00,1269.24,0
NZ00114K,240.00,531.36,0
NZ00214K,374.00,782.03,0
NZ00314K,195.00,431.73,0
NZ00414G14K,262.00,580.07,3
NZ00514K,220.00,487.08,0
NZ00614K,442.00,924.22,0
NZ00714K,244.00,540.22,0
NZ00814K,303.00,670.84,0
NZ00914K,188.00,416.23,0
NZ01014K,255.00,564.57,3
NZ01114K,169.00,374.17,0
NZ012G14K,178.00,394.09,3
NZ013G14K,343.00,717.21,3
PL160G14K,311.00,688.55,0
KMRT0009E14K,519.00,1085.23,3
KMRT0009EG8K,232.00,513.65,0
NK001EG14K,301.00,666.41,0
NK002EG14K,355.00,742.30,0
NK003EG14K,334.00,698.39,3
NK004EG14K,347.00,725.58,3
NK005EG14K,212.00,469.37,0
NK006EG14K,217.00,480.44,0
NK007EG14K,294.00,650.92,0
NK008EG14K,233.00,515.86,0
NK009EG14K,204.00,451.66,0
NK0010EG14K,264.00,584.50,0
NK0011EG14K,348.00,727.67,0
NK0012EG14K,217.00,480.44,0
NK0013EG14K,264.00,584.50,0
NK0014EG14K,303.00,670.84,0
NK0015EG14K,318.00,704.05,3
NK0016EG14K,336.00,702.58,0
NK0017EG14K,364.00,761.12,3
NK0018EG14K,278.00,615.49,0
NK0019EG14K,274.00,606.64,0
NK0020EG14K,252.00,557.93,0
NK0021EG14K,278.00,615.49,0
NK0022EG14K,228.00,504.79,0
NK0023EG14K,220.00,487.08,0
NK0024EG14K,255.00,564.57,0
NK0025EG14K,333.00,696.30,0
NK0026EG14K,480.00,1003.68,3
NK0027EG14K,507.00,1060.14,3
NK0028EG14K,414.00,865.67,0
NK0029EG14K,283.00,626.56,0
NK0030EG14K,336.00,702.58,0
NK0055EG14K,374.00,782.03,3
NK0032EG14K,237.00,524.72,0
NK0033EG14K,403.00,842.67,3
NK0034EG14K,403.00,842.67,3
NK0035EG14K,375.00,784.12,3
NK0037EG14K,173.00,383.02,0
NK0038EG14K,458.00,957.68,3
NK0039EG14K,343.00,717.21,0
NK0040EG14K,278.00,615.49,0
AS7752,91.00,246.25,3
AS7753,83.00,224.60,0
AS7754,89.00,240.83,3
ALBEADS0270RH+Y,54.00,159.41,3
ALBEADS0256RH,44.00,129.89,0
ALBEADS0277RH+Y,55.00,162.36,3
ALBEADS0278RH,52.00,153.50,3
ALBEADS0291RH,52.00,153.50,0
ALBEADS0295RH,42.00,123.98,0
ALBEADS0275RH,49.00,144.65,0
ALBEADS0252RH,47.00,138.74,0
ALBEADS0259RH+Y,42.00,123.98,3
ALBEADS0276RH+Y,41.00,121.03,3
ALBEADS0280RH,47.00,138.74,0
ALBEADS0289RH,52.00,153.50,3
ALBEADS0265RH,40.00,127.92,3
ALBEADS0282RH,55.00,162.36,3
ALBEADS0290RH,42.00,123.98,0
ALBEADS0269RH,50.00,147.60,0
ALBEADS0279RH,40.00,127.92,0
ALBEADS0281RH,47.00,138.74,3
ALBEADS0285RH,42.00,123.98,0
ALBEADS0294RH+Y,52.00,153.50,3
ALBEADS0299RH,55.00,162.36,3
GS187,56.00,165.31,3
ALBEADS0292RH,47.00,138.74,3
ALBEADS0253RH,47.00,138.74,0
ALBEADS0272RH,67.00,197.78,3
ALBEADS0286RH,42.00,123.98,3
ALBEADS0287RH,47.00,138.74,3
ALBEADS0296RH,43.00,126.94,3
ALBEADS0257RH+Y,54.00,159.41,3
ALBEADS0258RH+Y,49.00,144.65,3
ALBEADS0260RH,52.00,153.50,0
ALBEADS0262RH,53.00,156.46,3
ALBEADS0264RH,53.00,156.46,0
ALBEADS0267RH,54.00,159.41,3
ALBEADS0271RH,54.00,159.41,3
ALBEADS0284RH,49.00,144.65,3
ALBEADS0293RH,52.00,153.50,3
ALBEADS0298RH,55.00,162.36,3
AE9563RH,35.00,111.93,3
ALSS0489B,35.00,111.93,3
ALSS0490K,37.00,118.33,3
CR0028PG,43.00,126.94,3
CR0028PW,43.00,126.94,3
CR0028PBW,43.00,126.94,3
CR0028PAB,43.00,126.94,3
CR0029PW,28.00,89.54,3
CR0029PBW,28.00,89.54,3
CR0029PG,28.00,89.54,0
AS2020,47.00,138.74,3
AS2029,52.00,153.50,3
AS2044,47.00,138.74,3
AS2028,49.00,144.65,3
ALCYR0071RHSET,31.00,99.14,3
ALCYR0109RHSET,31.00,99.14,0
ALCYR0149RHSET,31.00,99.14,3
ALCYR0187RHSET,40.00,127.92,0
ALCYR0102RHSET,22.00,70.36,3
ALCYR0146NIEAKTYWNY,73.00,215.50,0
ALCYR0072RHSET,34.00,108.73,0
ALCYR0185RHSET,40.00,127.92,3
ALCYR0148RHSET,36.00,115.13,0
ALCYR0099RHSET,37.00,118.33,3
ALCYR0199RHSET,43.00,126.94,3
ALCYR0192SSET,35.00,111.93,3
ALCYR0224RHSET,31.00,99.14,0
ALCYR0101RHSET,37.00,118.33,3
ALCYR0084RHSET,24.00,76.75,3
ALCYR0085RHSET,28.00,89.54,0
LU072G8KGRAY,41.00,121.03,0
LU059G14KSAPPHIRE,94.00,254.36,0
LU064G14KSAPPHIRE,145.00,356.70,0
LU065G14KSAPPHIRE,195.00,431.73,0
LU061G14KSAPPHIRE,158.00,388.68,0
LU069G14KSAPPHIRE,110.00,297.66,0
LU071G14KSAPPHIRE,87.00,235.42,0
LU072G14KSAPPHIRE,87.00,235.42,0
ALC181Y,40.00,127.92,0
LU081BLUE,38.00,121.52,3
LU082REDS,18.00,57.56,0
LU082REDY,23.00,73.55,3
LU083REDS,18.00,57.56,0
LU083REDY,23.00,73.55,3
LU084REDY,25.00,79.95,0
LU072G8KNAVYBLUE,45.00,132.84,0
LU084REDS,23.00,73.55,0
LU063G8KNAVYBLUE,91.00,246.25,3
LU061G8KNAVYBLUE,79.00,233.21,0
LU056G8KNAVYBLUE,70.00,206.64,0
LU059G8KNAVYBLUE,49.00,144.65,0
LU057G8KNAVYBLUE,78.00,230.26,0
LU071G8KNAVYBLUE,45.00,132.84,0
LU067G8KNAVYBLUE,79.00,233.21,0
LU064G8KNAVYBLUE,76.00,224.35,0
ALC185R,71.00,209.59,3
P14259RH-1,61.00,180.07,3
463E6209,49.00,144.65,3
P6209,22.00,70.36,3
ALDEM0031BL,42.00,123.98,3
PL0127BG14K-1,233.00,515.86,3
PL0128BG14K-1,233.00,515.86,0
PL0129BG14K-1,233.00,515.86,3
PL0130BG14K-1,233.00,515.86,3
PL0131BG14K-1,233.00,515.86,3
LU070G14KSAPPHIRE,95.00,257.07,0
LU070G14KBEIGE,95.00,257.07,0
LU070G14KGRAY,95.00,257.07,0
LU068G14KBEIGE,91.00,246.25,0
LU068G14KGRAY,91.00,246.25,0
LU068G14KSAPPHIRE,91.00,246.25,0
LU058G14KSAPPHIRE,131.00,322.26,0
LU058G14KBEIGE,131.00,322.26,0
LU058G14KGRAY,131.00,322.26,0
LU067G14KBEIGE,157.00,386.22,0
LU067G14KGRAY,157.00,386.22,0
LU062G14KGRAY,158.00,388.68,0
LU062G14KBEIGE,158.00,388.68,0
LU062G14KSAPPHIRE,158.00,388.68,0
LU056G14KSAPPHIRE,110.00,297.66,0
LU060G14KSAPPHIRE,158.00,388.68,0
LU061G14KBEIGE,158.00,388.68,0
LU061G14KGRAY,158.00,388.68,0
LU065G14KBEIGE,176.00,389.66,0
LU065G14KGRAY,176.00,389.66,0
LU059G14KBEIGE,94.00,254.36,0
LU059G14KGRAY,94.00,254.36,0
LU069G14KBEIGE,110.00,297.66,0
LU069G14KGRAY,110.00,297.66,0
LU067G14KSAPPHIRE,157.00,386.22,0
LU060G14KBEIGE,157.00,386.22,0
LU060G14KGRAY,157.00,386.22,0
LU072G14KBEIGE,83.00,224.60,0
LU072G14KGRAY,83.00,224.60,0
LU071G14KBEIGE,83.00,224.60,0
LU071G14KGRAY,83.00,224.60,0
LU064G14KBEIGE,145.00,356.70,0
LU064G14KGRAY,145.00,356.70,0
LU056G14KBEIGE,128.00,314.88,0
LU056G14KGRAY,128.00,314.88,0
CAM015,40.00,127.92,0
CAM016,38.00,121.52,3
CAM019,23.00,73.55,3
CAM020,22.00,70.36,3
ALSS0398ERH,60.00,177.12,0
ALCYR0696RRH,15.94,60.78,0
SET-105Y,14.00,53.38,3
CAM017,40.00,127.92,3
PBM2184BIAŁY,29.00,92.74,3
PBM2184RÓŻOWY,68.29,201.59,0
CAM018,40.00,127.92,3
LU101BLACK,25.00,79.95,3
ROS0105M19MED,26.00,83.15,3
ALBEADS0268RH,42.00,123.98,3
RE0124RH,23.00,73.55,0
NEWBEAD77,44.00,129.89,0
NEW165,52.00,153.50,3
NEW168,60.00,177.12,3
ALCYR0074RHSET,52.00,153.50,3
ALCYR0075RHSET,48.00,141.70,0
ALCYR0143RHSET,52.00,153.50,3
ALCYR0145RHSET,41.00,121.03,3
AS2809,66.00,194.83,0
ALCYR0133RHSET,42.00,123.98,3
ALCYR0082RHSET,42.00,123.98,3
ALCYR0183RHSET,34.00,108.73,3
ALCYR0077RHSET,40.00,127.92,3
ALCYR0081RHSET,56.00,165.31,0
ALCYR0147RHSET,41.00,121.03,3
ALCYR0193SSET,35.00,111.93,0
ME10003-SET,40.00,127.92,3
ALCYR0132RHSET,48.00,141.70,0
AS125,26.00,83.15,3
ALCYR0111RHSET,24.00,76.75,0
ALCYR0076RHSET,28.00,89.54,3
ALCYR0112RHSET,24.00,76.75,3
ALCYR0116RHSET,73.00,215.50,3
ALCYR0104RHSET,48.00,141.70,3
ALCYR0115RHSET,73.00,215.50,3
ALCYR0117RHSET,41.00,121.03,0
ALCYR0100RHSET,54.00,159.41,0
ALCYR0107RHSET,31.00,99.14,3
ALCYR0078RHSET,62.00,183.02,0
ALCYR0204SETRH,55.00,162.36,3
ALCYR0181RHSET,48.00,141.70,0
AE1869RH+1,23.00,73.55,3
ALSS0491ERH,43.00,126.94,3
ALSER0087PRH+W,30.00,95.94,0
E37132RHF,28.00,89.54,0
AE4302E-USZKO,28.00,89.54,3
AE20417,47.00,138.74,3
ALCYR0106ERH,40.00,127.92,3
SP04041A,30.00,95.94,0
ALBEADS0254RH,96.00,259.78,0
ALOPS006,42.00,123.98,0
ALBEADS0263RH+Y,44.00,129.89,0
ALBEADS0266RH,40.00,127.92,0
ALBEADS0273RH,55.00,162.36,3
ALBEADS0283RH,84.00,227.30,3
ALBEADS0288RH,42.00,123.98,3
ALCYR0142RHSET,29.00,92.74,3
PAS351,44.00,129.89,0
SY061,35.00,111.93,3
PAS200RH,43.00,126.94,0
PAS225,61.00,180.07,3
BEAD086,24.00,76.75,3
BEAD158,29.00,92.74,3
DZ007-1,41.00,121.03,3
BEAD184,42.00,123.98,0
BEAD089-1RH,54.00,159.41,0
1EA81101RH+WHP,14.00,53.38,0
TAMBE-00002,26.00,83.15,3
TGLBE-30088,44.00,129.89,3
TAGEA-00119,324.39,718.20,0
ALCYR0348P,22.00,70.36,3
5780ZWRH,20.00,63.96,0
ALCYR0301P,43.00,126.94,3
P608,23.00,73.55,3
ALCYR0302P,35.00,111.93,3
LSQ5MMZ,8.00,30.50,3
P606,11.00,41.94,0
ALCYR0304P,23.00,73.55,3
0051-MVSP,20.00,63.96,3
ALCYR0303P,34.00,108.73,3
ALCYR0349P,31.00,99.14,3
LRD5MMZ,11.00,41.94,0
5780SZRH,20.00,63.96,0
ALCYR0040PRH,20.00,63.96,0
ALCYR0305P,24.00,76.75,3
ALCYR0352PRH,25.00,79.95,0
5780RZRH,20.00,63.96,0
0052-MVSP,20.00,63.96,0
ALCYR0354PRH,35.00,111.93,0
ALCYR0257PRH,29.00,92.74,3
ALSD0019P,20.00,63.96,3
ALCYR0039PRH,35.00,111.93,0
AE3536RH-P,11.00,41.94,3
AE2368RH-P,14.00,53.38,3
ALCYR0298P,17.00,54.37,3
ALCYR0299P,23.00,73.55,0
ALCYR0300P,17.00,54.37,3
PL764NG8K,198.00,438.37,0
PL0147NG8K,417.00,871.95,0
PL779BG8K,151.00,371.46,3
PL777BG8K,229.00,507.01,3
AS399BG14K,256.00,566.78,0
PL755BG8K,156.00,383.76,3
PL765BG8K,150.00,369.00,0
PL762BG8K,137.00,337.02,0
PL766BG8K,154.00,378.84,0
PL768BG8K,209.00,462.73,3
PL778BG8K,116.00,313.90,3
PL757BG8K,142.00,349.32,0
PL776BG8K,141.00,346.86,3
PL775BG8K,162.00,398.52,3
PL752BG8K,181.00,400.73,0
PL632BG8K,164.00,363.10,3
PL767BG8K,148.00,364.08,3
PL774BG8K,127.00,312.42,0
PL773BG8K,135.00,332.10,0
PL770BG8K,142.00,349.32,0
AS400BKOSTG14K,268.00,593.35,0
PL754BG8K,117.00,316.60,0
PL764BG8K,128.00,314.88,0
PL759BG8K,123.00,302.58,0
PL769BG8K,141.00,346.86,0
PL761BG8K,140.00,344.40,3
PL754NG8K,188.00,416.23,0
PL774NG8K,186.00,411.80,3
CEL244NG8KEWELINA,252.00,557.93,3
CEL244NG8KANETA,252.00,557.93,3
PL751NG8K,164.00,363.10,0
PL758NG8K,158.00,388.68,0
PL776NG8K,189.00,418.45,3
PL759NG8K,175.00,387.45,0
PL778NG8K,163.00,360.88,3
PL765NG8K,223.00,493.72,0
PL767NG8K,193.00,427.30,0
PL761NG8K,217.00,480.44,0
PL766NG8K,187.00,414.02,0
PL753NG8K,156.00,383.76,0
PL756NG8K,186.00,411.80,3
PL762NG8K,212.00,469.37,3
PL773NG8K,214.00,473.80,3
PL770NG8K,229.00,507.01,0
PL780G8KCHARM,111.00,300.37,0
PL782EG8K+K,105.00,284.13,3
PL757NG8K,162.00,398.52,0
PL782EG8K+A,101.00,273.31,3
PL782EG8K+M,128.00,314.88,3
PL781EG8K,88.00,238.13,0
AS399EG14K,315.00,697.41,0
AE20760RH,56.00,165.31,3
PL775NG8K,211.00,467.15,3
PL752NG8K,245.00,542.43,0
PL760NG8K,289.00,639.85,0
PL769NG8K,257.00,569.00,0
PL760BG8K,244.00,540.22,0
AS400NG14K,463.00,968.13,0
AS399NG14K,689.00,1398.33,0
PL763NG8K,336.00,702.58,3
PL755NG8K,265.00,586.71,0
PL768NG8K,290.00,642.06,0
PL772BG8K,268.00,593.35,3
PL772NG8K,326.00,681.67,3
PL779NG8K,208.00,460.51,0
PL777NG8K,362.00,756.94,3
AS401NG14K,806.00,1635.78,3
ALCYR0469SET,34.00,108.73,3
ALCYR0542SETRH,23.00,73.55,0
AS43012,31.00,99.14,3
SET-192,52.00,153.50,0
ALCYR0470SETRH,64.00,188.93,3
ALCYR0526SETRH,29.00,92.74,0
ALCYR0527SETRH,28.00,89.54,3
ALCYR0222RHSET,61.00,180.07,3
ALBAG0012RHSET,76.00,224.35,3
ALCYR0118RHSET,25.00,79.95,0
ALCYR0225RHSET,48.00,141.70,0
ALCYR0202SSET,52.00,153.50,0
ALCYR0216RHSET,41.00,121.03,0
ALCYR0565SETRH,41.00,121.03,0
ALCYR0566SET,34.00,108.73,0
ALCYR0103RHSET,38.00,121.52,3
SETMOP024,26.00,83.15,0
SETMOP022,42.00,123.98,0
SETMOP026,26.00,83.15,0
SETMOP027,26.00,83.15,0
SETMOP028,26.00,83.15,0
SETMOP029,26.00,83.15,0
SETMOP023,26.00,83.15,0
SETMOP025,26.00,83.15,0
SETMOP030,26.00,83.15,0
ALSD0057SET,37.00,118.33,3
ALCYR0710SETRH,86.00,232.72,0
ALCYR0471SETRH,68.00,200.74,0
AE2610RP,13.00,49.57,3
AE2610RY,18.00,57.56,3
ALCR0005SETG,145.00,356.70,0
ALCYR0578SETRH,58.00,171.22,3
ALCR0005SETO,145.00,356.70,0
ALCYR0579SET,67.00,197.78,3
ALCYR0215RHSET,44.00,129.89,0
ALCYR0572SET,35.00,111.93,3
ALCYR0573SET,37.00,118.33,3
ALCYR0464SET,41.00,121.03,3
ALBAG0015SETRH,71.00,209.59,3
ALCYR0163SSET,88.00,238.13,0
ALCYR0164SSET,84.00,227.30,0
ALCYR0165SSET,84.00,227.30,0
ALCYR0255SETRH,36.00,115.13,0
ALSS0081,89.00,240.83,0
ALCYR0260SET,64.00,188.93,0
ALCYR0350RHSET,30.00,95.94,0
SET-193,44.00,129.89,0
ALCYR0190SSET,55.00,162.36,0
SET0099,90.00,243.54,3
ALCYR0544SETRH,35.00,111.93,0
SET-336,35.00,111.93,0
SET-337,28.00,89.54,3
ALCYR0524SETRH,30.00,95.94,3
ALCYR0547SET,61.00,180.07,0
ALCYR0189SSET,60.00,177.12,3
ALCYR0231RHSET,90.00,243.54,3
SET-304ERH,24.00,76.75,3
ALCYR0253SETRH,37.00,118.33,0
KCV341NRH,149.59,367.99,0
AA509NRH,34.00,108.73,3
KCV319NY,148.78,366.00,0
ALCYR0246SET,35.00,111.93,0
CL81SET,41.00,121.03,3
CL82SET,82.00,221.89,3
CL86SET,67.00,197.78,3
CL88SET,78.00,230.26,3
CL84SET,82.00,221.89,3
ALKC6MLB,11.00,41.94,3
ALKC9MLP,17.00,54.37,3
ALKC8MDR,14.00,53.38,3
ALKC8MY,14.00,53.38,0
ALKC8MLG,14.00,53.38,3
ALKC8MLT,14.00,53.38,0
ALKC5MLV,11.00,41.94,0
ALKC8MDV,14.00,53.38,0
ALKC8MG,14.00,53.38,3
ALKC8MBL,14.00,53.38,3
ALKC10MLAW,22.00,70.36,3
ALKC8MLB,14.00,53.38,3
ALKC6MDB,11.00,41.94,0
ALKC5MV,11.00,41.94,0
ALKC6MDT,11.00,41.94,3
ALKC9MP,17.00,54.37,3
ALKC9MBU,17.00,54.37,3
ALKC8MLP,14.00,53.38,0
ALKC6MLG,11.00,41.94,3
ALKC9MGO,17.00,54.37,3
ALKC9MLAW,17.00,54.37,3
ALS-945SET,54.00,159.41,0
ALS0311,61.00,180.07,0
ALS-944SET,83.00,224.60,0
ALS-933SET,78.00,230.26,0
ALS-946SET,84.00,227.30,0
ALS-950SET,71.00,209.59,0
CS-031S,41.00,121.03,0
ALS-954,76.00,224.35,0
ALS-947,43.00,126.94,0
ALS-948,54.00,159.41,0
ALS-939,43.00,126.94,0
ALS-951,35.00,111.93,0
ALS-940,52.00,153.50,0
ALS-941,38.00,121.52,0
ALS-952,62.00,183.02,0
ALS-942,35.00,111.93,0
ERG0847G8K,417.00,871.95,0
HGA0149G8K,417.00,871.95,3
HGA0005G8K,470.00,982.77,3
HGB0032G8K,355.00,742.30,0
ERG1398G8K,401.00,838.49,3
PVK0018,163.00,360.88,0
PL0541G14K+J,363.00,759.03,0
PL0541G14K+P,363.00,759.03,3
ALMJ0008,10.00,38.13,0
ALMJ0011,12.00,45.76,0
ALMJ0009,12.00,45.76,0
ALMJ0012,12.00,45.76,3
ALMJ0013,12.00,45.76,3
ALMJ0010,12.00,45.76,0
E-0570RH-1,49.00,144.65,0
MVSP-0176RH,40.00,127.92,3
PEARL-4MMR,18.00,57.56,3
HP007+M11MM,35.00,111.93,3
HP007+M11MMY,35.00,111.93,3
HE-1123RH,56.00,165.31,0
ME03756A,22.00,70.36,0
SE03840A,44.00,129.89,3
ALKC8MDB,101.00,273.31,3
TGLBE-20353,49.00,144.65,3
TGLBE-20355,49.00,144.65,3
MVSP-0016PRR,34.00,108.73,3
MVSE-0016ERW,68.00,200.74,3
MVSP-0016PRW,44.00,129.89,3
MVSE-0401RS,38.00,121.52,3
AE20851ERH,49.00,144.65,3
TGLBE-30096,172.36,381.61,0
AE22448RH,286.18,633.60,0
TAGBE-40129,203.25,450.00,0
TAGBO-01816,43.00,126.94,3
AE22565RH,55.28,163.19,0
LU051RED,18.00,57.56,0
ALSD0065KS+Y,34.00,108.73,0
CEL369BG14K,197.00,436.16,0
CEL046NRH,56.00,165.31,3
CEL045NRH,49.00,144.65,3
CEL045NY,43.00,126.94,0
501SP2113,17.00,54.37,3
501SP2406,16.00,61.01,3
501SP3404,18.00,57.56,3
501SP3715,12.00,45.76,3
501SP3711,16.00,61.01,3
501SP3902,17.00,54.37,3
502SP4103,38.00,121.52,3
502SP5209,34.00,108.73,3
502SP2615,25.00,79.95,3
502SP6407,14.00,53.38,3
502SP7206,12.00,45.76,3
503SP2307,31.00,99.14,3
503SP3408,37.00,118.33,3
503SP3311,41.00,121.03,3
503SP2906,29.00,92.74,3
503SP4314,37.00,118.33,3
503SP4215,30.00,95.94,3
503SP3516,29.00,92.74,3
503SP3420,30.00,95.94,3
503SP4518,38.00,121.52,3
503SE2706,29.00,92.74,0
503SE3008,41.00,121.03,3
503SE3216,35.00,111.93,3
503SE3220,26.00,83.15,3
503SE3714,31.00,99.14,3
503SE3918,37.00,118.33,3
502SE3903,25.00,79.95,3
502SE4007,17.00,54.37,0
502SE3815,29.00,92.74,3
501SE2506,17.00,54.37,3
501SE3104,24.00,76.75,3
501SE3613,16.00,61.01,3
501SE3002,24.00,76.75,3
501SE4715,17.00,54.37,3
501SE3711,18.00,57.56,3
501SE5518,14.00,53.38,0
501SE4715PRH,20.00,63.96,3
415E9456,28.00,89.54,3
ALCYR0155ERH,23.00,73.55,3
ALCYR0151ERH,23.00,73.55,3
RE0704ERH,43.09,127.20,0
RE0702ERH,51.22,151.20,0
RE0699ERH,26.00,83.15,3
CF004ERH,24.00,76.75,3
RE0097ERH,25.00,79.95,3
RE0410ERH,87.80,237.59,0
AE15738+1,29.00,92.74,3
503SE3411,28.00,89.54,3
502SE4009,29.00,92.74,3
ALCYR0560PRH,13.00,49.57,3
ALSER0034ZY,26.00,83.15,3
ALSER0034ZRH,28.00,89.54,3
ALSER0034ZG,28.00,89.54,3
MVSP-0401RW,40.00,127.92,3
ALCYR0554PRH,24.00,76.75,3
ALCYRZW0001RH,14.00,53.38,3
ALCYRZW0002RH,17.00,54.37,3
ALCYRZW0002Y,23.00,73.55,0
ALCYR0555PRH,14.00,53.38,3
AP2967-PRH,13.00,49.57,0
AC131179RH,20.00,63.96,3
AP824,37.00,118.33,3
ROS0017M19,47.00,138.74,0
ROS0018M19,64.00,188.93,0
ALDEM0025BL,42.00,123.98,3
ALC055BR,26.00,83.15,0
AN221BR,34.00,108.73,3
AH1688NY,52.00,153.50,3
AN1525-MRHY,58.00,171.22,0
LTN-0040BY,48.00,141.70,3
AN1194YG,41.00,121.03,3
AN462BY,31.00,99.14,3
AN462NY,41.00,121.03,3
AN717BY,41.00,121.03,3
AN709NY,41.00,121.03,3
AN710NR,48.00,141.70,0
AN813BY,35.00,111.93,3
AN813NY,40.00,127.92,3
AC130805BY,30.00,95.94,3
AC130838BR,31.00,99.14,0
ALCYR0058BRH,34.00,108.73,3
AC130838NY,43.00,126.94,3
AH1733NRH,49.00,144.65,3
AC130805NR,43.00,126.94,0
AC130805NY,42.00,123.98,3
ALSS0500N,31.00,99.14,3
ALSS0501NY,35.00,111.93,3
LU001,38.00,121.52,0
LU002,29.00,92.74,3
LU004,29.00,92.74,3
LU009,30.00,95.94,3
LU030BLACK,40.00,127.92,3
AH1688NR,52.00,153.50,3
ROS0104M45Z,142.00,349.32,0
ROS0115M65,313.00,692.98,0
ROS0104M45,260.00,575.64,3
SV66,24.00,76.75,3
RE0649EY,24.00,76.75,3
RE0623EY,24.00,76.75,3
RE0605ERH,24.00,76.75,3
RE0552EY,24.00,76.75,3
RE0260EY,24.00,76.75,3
CF004EY,24.00,76.75,3
AE0531EY,24.00,76.75,3
PN0309NY,24.00,76.75,0
ALDEM0125BY,25.00,79.95,3
ALSPIN001BRH,44.00,129.89,3
ALSPIN002BRH,55.00,162.36,0
ALSPIN003BY,49.00,144.65,0
ALSPIN004BY,41.00,121.03,3
ALSS0500B,28.00,89.54,3
ALSS0501BY,34.00,108.73,3
5780BZRH,20.00,63.96,0
CEL168NG14K,311.00,688.55,0
O-RING03LITTLERH,24.00,76.75,3
O-RING03LITTLEY,24.00,76.75,3
AH6030NRH,43.00,126.94,3
AH6024NRH,42.00,123.98,3
AH1691NRH,41.00,121.03,3
AH775NRH,52.00,153.50,3
AH4742NRH,50.00,147.60,3
AH7125RH,40.00,127.92,0
AH7125BRH+AM,40.00,127.92,0
AH7125BRH+AQ,40.00,127.92,0
AH7125BRH+P,40.00,127.92,0
AN4033BRH,41.00,121.03,0
AN4037BRH,44.00,129.89,0
AH7125BRH+G,40.00,127.92,0
AH4346BRH,31.00,99.14,0
AH2485BRH,40.00,127.92,0
AN1561BRH,35.00,111.93,3
AN742BRH,38.00,121.52,3
AH7127BRH,52.00,153.50,3
AH5571BRH,103.00,278.72,0
AH7123BRH+Y,60.00,177.12,3
AH868BRH,91.00,246.25,0
AC152556BRH,109.00,294.95,0
AH7122BRH+Y,44.00,129.89,3
AH5998BRH,58.00,171.22,3
AH5912BRH,34.00,108.73,0
AN6032BRH,35.00,111.93,0
AN6035BRH,31.00,99.14,0
AN6077BRH,38.00,121.52,3
AN2283BRH,30.00,95.94,3
AN1409BRH,56.00,165.31,3
AH7129BRH,53.00,156.46,3
AN3255BRH,38.00,121.52,3
AN1091BRH,31.00,99.14,0
AH6014BRH,36.00,115.13,0
AH3537BRH,48.00,141.70,0
AH4086BRH,35.00,111.93,0
AH6030BRH,36.00,115.13,0
AN5130BRH,31.00,99.14,0
AN5496BRH,30.00,95.94,0
AH6018BRH,35.00,111.93,0
AH3509BRH,41.00,121.03,0
AH6024BRH,29.00,92.74,0
AH7121BRH,25.00,79.95,3
AN2600BRH,35.00,111.93,3
AH4742BRH,38.00,121.52,0
AH4250BRH,29.00,92.74,3
AN5526BRH,37.00,118.33,3
AH4953BRH,28.00,89.54,0
AH2385BRH,40.00,127.92,3
AH3552BRH,31.00,99.14,3
AN5537BRH,28.00,89.54,0
MP05071ABR,37.00,118.33,3
AH5506BRH,100.00,270.60,3
AN2566BRH,30.00,95.94,3
AH775BRH,44.00,129.89,3
AH5908BRH,52.00,153.50,3
AN761BRH,38.00,121.52,3
AN5027BRH,42.00,123.98,0
AN5126BRH,41.00,121.03,0
AN5527BRH,37.00,118.33,0
ANN0019BRH,54.00,159.41,3
AH7124BRH+Y,38.00,121.52,3
AH3906BRH,48.00,141.70,0
AH7128NRH,53.00,156.46,0
AH3150BRH,65.00,191.88,0
AH3115BRH,38.00,121.52,3
AH3051BRH,48.00,141.70,3
AN2680BRH,30.00,95.94,3
AH4383BRH,55.00,162.36,3
AH1691BRH,29.00,92.74,3
AN3025BRH,37.00,118.33,0
AH3392BRH,42.00,123.98,0
AH2479BRH,60.00,177.12,3
AH3987BRH,56.00,165.31,3
AP5022RH+G,31.00,99.14,0
AP5023RH+G,26.00,83.15,3
AP5022RH+Y,26.00,83.15,3
AE22338RH,24.00,76.75,0
AE22337RH,24.00,76.75,3
AE20824KRH,24.00,76.75,3
AE22336KRH,25.00,79.95,0
AE20861KRH,26.00,83.15,0
AE20874KRH,24.00,76.75,3
AE20878KRH,17.00,54.37,3
AE20823KRH,25.00,79.95,3
AE14395RH-M,30.00,95.94,3
AE14395RH-K,26.00,83.15,3
AE14395RH-A,31.00,99.14,3
AH4659BRH,66.00,194.83,3
AH4777BRH,53.00,156.46,3
AH4647BRH,60.00,177.12,3
AH3172BRH,80.00,236.16,3
AH4769BRH,58.00,171.22,0
N04072NRH+1,34.00,108.73,0
N04072BR,20.00,63.96,0
AS4928,34.00,108.73,0
AE19125RH,28.00,89.54,0
AE19122RH,43.00,126.94,0
AE19115RH,29.00,92.74,0
AE19120RH,37.00,118.33,0
AE19110RH,26.00,83.15,0
AE19121RH,34.00,108.73,0
AE19114RH,31.00,99.14,0
AE19123RH,40.00,127.92,0
AE19136RH,30.00,95.94,0
AE19127RH,16.00,61.01,0
AE19082ERH,23.00,73.55,0
AE18971RH,30.00,95.94,3
AP13973,40.00,127.92,3
ME0173,35.00,111.93,3
PK79,25.00,79.95,3
PAP0501,26.00,83.15,3
AN6168-NYG,113.00,305.78,3
AN6169-BYG,67.00,197.78,3
AN6169-NYG,113.00,305.78,3
AN6171-BYG,61.00,180.07,3
AN6171-NYG,107.00,289.54,3
AN6173-NYG,130.00,319.80,3
AN6175-NYG,109.00,294.95,3
AN6176-BYG,79.00,233.21,3
AN6176-NYG,122.00,300.12,3
AN6179-NYG,116.00,313.90,3
AN6178-NYG,113.00,305.78,3
AN6168-BYG,68.00,200.74,0
AN6169-BRH,67.00,197.78,3
AN6171-BRH,61.00,180.07,3
AN6173-BRH,86.00,232.72,3
AN6173-BYG,86.00,232.72,3
AN6175-BYG,65.00,191.88,3
AN6176-BRH,78.00,230.26,3
AN6179-BYG,77.00,227.30,3
AN6178-BYG,70.00,206.64,0
AN6168-BRH,67.00,197.78,0
AN6168-NRH,109.00,294.95,3
AN6173-NRH,127.00,312.42,3
AN6175-BRH,66.00,194.83,3
AN6179-BRH,77.00,227.30,3
AN6179-NRH,115.00,311.19,3
AN6178-BRH,70.00,206.64,3
AN6169-NRH,108.00,292.25,3
AN6171-NRH,104.00,281.42,3
AN6175-NRH,106.00,286.84,3
AN6176-NRH,120.00,324.72,3
AN6178-NRH,109.00,294.95,3
KLY2077,31.00,99.14,3
KP0255AG,13.00,49.57,3
KP0015AG,13.00,49.57,3
PAP0104,23.00,73.55,3
PK87,24.00,76.75,3
CN01017NG14K,366.00,765.31,0
CN01017BG14K,268.00,593.35,0
PL0860BG14K,249.00,551.29,0
CN01015BG14K,281.00,622.13,3
CN01007BG14K,322.00,712.91,0
PL0700BG14K,266.00,588.92,3
PL0012BG14K,256.00,566.78,0
PL0786BG14K,201.00,445.01,0
PL0039BG14K,216.00,478.22,3
PL0872BG14K,208.00,460.51,0
PL0823BG14K,191.00,422.87,0
CN00999BG14K,341.00,713.03,3
PL0855BG14K,234.00,518.08,0
PL0811BG14K,197.00,436.16,0
PL0820BG14K,262.00,580.07,0
CN05928BG14K,295.00,653.13,3
PL0059BG14K,318.00,704.05,3
PL0270BG14K,301.00,666.41,0
CN01026BG14K,255.00,564.57,0
PL0824BG14K,216.00,478.22,0
PL0791BG14K,328.00,685.85,3
CN01010BG14K,327.00,683.76,3
PL0876BG14K,216.00,478.22,0
CN01009BG14K,307.00,679.70,0
PL0830BG14K,234.00,518.08,0
PL0259BG14K,283.00,626.56,0
PL0867BG14K,242.00,535.79,0
CN01012BG14K,241.00,533.57,0
PL0810BG14K,222.00,491.51,0
CN01019BG14K,234.00,518.08,0
PL0822BG14K,234.00,518.08,0
PL0869BG14K,262.00,580.07,0
PL0872NG14K,382.00,798.76,3
PL0824NG14K,322.00,712.91,0
PL0810NG14K,322.00,712.91,0
PL0012NG14K,372.00,777.85,0
CN01019NG14K,334.00,698.39,0
PL0822NG14K,334.00,698.39,0
PL0830NG14K,340.00,710.94,0
PL0259NG14K,355.00,742.30,0
PL0039NG14K,311.00,688.55,3
CN01012NG14K,403.00,842.67,3
PL0811NG14K,340.00,710.94,0
PL0869NG14K,355.00,742.30,0
CN01026NG14K,347.00,725.58,0
PL0876NG14K,334.00,698.39,0
PL0786NG14K,318.00,704.05,0
PL0700NG14K,410.00,857.31,3
PL0823NG14K,295.00,653.13,0
PL0855NG14K,347.00,725.58,0
PL0860NG14K,347.00,725.58,0
AP14665,47.00,138.74,3
AP14499,40.00,127.92,3
AP14630,34.00,108.73,3
AP12322,29.00,92.74,3
AP073,30.00,95.94,3
AP13647-1,30.00,95.94,3
AP14541,28.00,89.54,0
AP7733,40.00,127.92,0
AP1959,42.00,123.98,0
AP19097,31.00,99.14,0
AP19100,22.00,70.36,0
AP19238,20.00,63.96,0
AP19239,23.00,73.55,0
AP6362-KA,66.00,194.83,0
AP14657,24.00,76.75,3
AP10383,54.00,159.41,3
AP14674,28.00,89.54,0
AP18808,42.00,123.98,3
AP19210,30.00,95.94,3
AP19251,14.00,53.38,0
AP13016,26.00,83.15,3
AP7731,24.00,76.75,0
AP7912,28.00,89.54,3
AP5962,23.00,73.55,3
AP19089,31.00,99.14,3
AP19246,20.00,63.96,0
AP7940,22.00,70.36,0
AP19914,43.00,126.94,0
AP6621,35.00,111.93,3
AP19026,25.00,79.95,3
AP19232,18.00,57.56,3
AP19916,34.00,108.73,3
AP19093,16.00,61.01,0
AP19915,26.00,83.15,3
AP19020,28.00,89.54,0
AP19271,29.00,92.74,0
AP19099,17.00,54.37,3
AE7677,37.00,118.33,0
AE15741,38.00,121.52,0
AE10477,28.00,89.54,0
AE10434,34.00,108.73,0
AE7739,30.00,95.94,0
AE7752,38.00,121.52,0
AE7719,38.00,121.52,0
NO731-5E26528,25.00,79.95,3
NEW144,53.00,156.46,3
NEW151,62.00,183.02,3
NEW149,42.00,123.98,3
NEW150,47.00,138.74,0
KP0182EG8K,148.00,364.08,0
KCE0016E8K+WW,203.00,449.44,0
AP19255,13.00,49.57,3
AP19095,12.00,45.76,3
MP0001,23.00,73.55,0
AP19243,11.00,41.94,0
MN0355,37.00,118.33,3
ME0086,35.00,111.93,0
MD3,25.00,79.95,0
MD2,40.00,127.92,0
MD1,40.00,127.92,0
CRAL0058,48.00,141.70,3
CR0019,28.00,89.54,3
CR104,34.00,108.73,3
CR0020,55.00,162.36,0
CRAL0099,49.00,144.65,3
AN6168-PRH,34.00,108.73,3
AN6168-PYG,34.00,108.73,3
AN6176-PRH,44.00,129.89,3
AN6176-PYG,44.00,129.89,3
AN6169-PYG,34.00,108.73,3
AN6169-PRH,34.00,108.73,3
AN6171-PYG,30.00,95.94,3
AN6171-PRH,29.00,92.74,3
AN6178-PRH,37.00,118.33,3
AN6178-PYG,37.00,118.33,3
AN6175-PYG,34.00,108.73,3
AN6175-PRH,34.00,108.73,3
AN6173-PYG,49.00,144.65,3
AN6173-PRH,49.00,144.65,3
AN6179-PRH,38.00,121.52,3
AN6179-PYG,40.00,127.92,3
AA437KRH,58.00,171.22,3
AA440KRH,53.00,156.46,3
AA412KRH,48.00,141.70,3
AA413KRH,49.00,144.65,3
AA408KRH,40.00,127.92,3
AA408KY,38.00,121.52,3
AA410KRH,43.00,126.94,3
AA410KY,42.00,123.98,3
AA412KY,47.00,138.74,3
AA437KY,56.00,165.31,3
AA413KY,48.00,141.70,3
AA440KY,54.00,159.41,3
KCV245BRH,55.00,162.36,3
KCV236BRH,92.00,248.95,3
AA421BRH,54.00,159.41,3
AA412BRH,43.00,126.94,3
AA437BRH,47.00,138.74,3
AA413BRH,47.00,138.74,3
AA440BRH,56.00,165.31,3
AA408BRH,40.00,127.92,3
AA410BRH,42.00,123.98,3
AA419BY,40.00,127.92,3
AA419BRH,41.00,121.03,3
AA437BY,49.00,144.65,3
AA413BY,44.00,129.89,3
AA440BY,55.00,162.36,3
AA421BY,53.00,156.46,3
AA412BY,41.00,121.03,3
AA408BY,38.00,121.52,3
AA410BY,41.00,121.03,3
KCV236BY,92.00,248.95,3
KCV245BY,55.00,162.36,3
PAP0401,155.00,381.30,0
PAP0521,187.00,414.02,3
PAP0572PG8K,208.00,460.51,3
PAP0572-1PG8K,186.00,411.80,0
PK0827PG8K,176.00,389.66,0
PNP0008G8K,61.00,180.07,0
PK1013,158.00,388.68,0
PK0012,172.00,380.81,0
PAP0309-1,194.00,429.52,0
PAP0195PG8K,112.00,303.07,0
K1976PG8K,170.00,376.38,0
PAP0516,211.00,467.15,0
PAP0597,207.00,458.30,3
PAZ0059,194.00,429.52,0
APK0011PG8K,118.00,319.31,0
PAK0026,112.00,303.07,0
KLY2439G8K,233.00,515.86,0
PK79G8K,232.00,513.65,0
CN01033EG14K,281.00,622.13,0
PZE0073G8K,181.00,400.73,0
KRP0037,181.00,400.73,3
PZE0332,172.00,380.81,0
KP0431EG8K,148.00,364.08,0
KP0252G8K,198.00,438.37,3
PZE2036G8K,156.00,383.76,0
PZE0155EG8K,162.00,398.52,0
KP0442EG8K,163.00,360.88,0
KP0199G8K,176.00,389.66,0
KP0119G8K,152.00,373.92,3
PZE2008EG8K,187.00,414.02,0
KRP0077,177.00,391.88,3
KP0115EG8K,143.00,351.78,0
PL0059NG14K,347.00,725.58,0
PL0867NG14K,355.00,742.30,0
PZE0935BG8K,117.00,316.60,0
PZE0935NG8K,207.00,458.30,0
ARI0115BG8K,239.00,529.15,0
ARI0035BG8K,355.00,742.30,3
ARI0157BG8K,309.00,684.13,0
PL0721EG14K,524.00,1095.68,3
PL0684EG14K,496.00,1037.14,0
PL0720EG14K,328.00,685.85,0
CN01047EG14K,255.00,564.57,0
PL0726EG14KKR,427.00,892.86,0
PL0726EG14KDŁ,506.00,1058.05,0
SGE0689EG8K,239.00,529.15,0
SGE0688EG8K,191.00,422.87,0
LRK5MM-AMETHYST,301.00,666.41,3
ALCYR0921K+C,25.20,80.59,0
ALD0136K,39.02,124.79,0
SY016S,13.00,49.57,0
O-RING01,11.00,41.94,3
ALZC12MW,14.00,53.38,3
ALZC14MW,13.00,49.57,0
ALZC10MW,12.00,45.76,0
ALZC16MW,12.00,45.76,0
ALZC18MW,16.00,61.01,0
ALZC20MW,17.00,54.37,3
BRC006,43.00,126.94,0
BRC008,35.00,111.93,3
BRC009,35.00,111.93,0
KRC036,29.00,92.74,0
MP05200A,31.00,99.14,3
ALSER0060ZRH,48.00,141.70,3
AC131222,48.00,141.70,0
LU085RHBLACK,20.00,63.96,0
ALSS0503NS,47.00,138.74,3
ALSS0502NS,43.00,126.94,0
ALSS0504NS,42.00,123.98,3
ALSS0505NS,54.00,159.41,0
ALSS0506NS,49.00,144.65,0
ALSS0507NS,55.00,162.36,0
ALSS0508NS,55.00,162.36,3
ALSS0509NS,55.00,162.36,3
ALSS0510NS,55.00,162.36,0
ALSS0002NS,55.00,162.36,0
E15671,23.00,73.55,0
AE5849CRH,17.00,54.37,0
A001311-E,23.00,73.55,0
AE7959,23.00,73.55,0
ALSER0065KRH,26.00,83.15,3
ALCYR0553ERH,23.00,73.55,3
AR7218,18.00,57.56,0
AR7218 X,26.00,83.15,0
503SE3415,24.00,76.75,0
ALCYR0554ERH,43.00,126.94,0
OBES009R,38.00,121.52,3
AE4660RH,25.00,79.95,3
AP14010,100.00,270.60,3
CELK15G14K,342.00,715.12,3
PL0883NG14K,394.00,823.85,0
CN01008NG14K,596.00,1246.24,3
CN01008BG14K,440.00,920.04,0
PL0791NG14K,421.00,880.31,3
CN01009NG14K,421.00,880.31,0
CN01010NG14K,444.00,928.40,0
CN00999NG14K,440.00,920.04,3
PL0820NG14K,361.00,754.85,3
CN01015NG14K,366.00,765.31,0
PL0270NG14K,409.00,855.22,3
CN01007NG14K,424.00,886.58,0
AE1869RH+2,31.00,99.14,3
CR902,25.00,79.95,0
CR912,35.00,111.93,3
ALZC8MW,10.00,38.13,3
ALKC5MAB,12.00,45.76,3
ALKC5MBL,12.00,45.76,0
ALKC5MBR,12.00,45.76,0
ALKC5MDG,12.00,45.76,3
ALKC5MDV,12.00,45.76,3
ALKC5MGO,12.00,45.76,3
ALKC5MGR,12.00,45.76,0
ALKC5MH,12.00,45.76,0
ALKC5MLB,12.00,45.76,0
ALKC5MLP,12.00,45.76,0
ALKC5MNB,12.00,45.76,0
ALKC5MO,12.00,45.76,0
ALKC5MP,12.00,45.76,3
ALKC5MR,12.00,45.76,0
ALKC5MS,12.00,45.76,0
ALKC5MY,12.00,45.76,3
ALKC5MLAW,12.00,45.76,3
ALKC5MDT,12.00,45.76,3
ALKC10MDT,22.00,70.36,3
ALKC10MDV,22.00,70.36,0
AE10457,41.00,121.03,0
AE22554,26.00,83.15,3
AE22551,26.00,83.15,3
AE22555,26.00,83.15,3
AP14678,26.00,83.15,3
AP19229,16.00,61.01,0
ME0068,31.00,99.14,3
ME0141-4,28.00,89.54,3
AE7737,41.00,121.03,0
AE10419,26.00,83.15,0
AE7750,41.00,121.03,0
ALKN0014NY+1,58.00,171.22,0
AE14399EY+1,17.00,54.37,3
1EA78956-1,28.00,89.54,0
AE11985,35.00,111.93,3
AE10420,28.00,89.54,0
AP20400,318.00,704.05,3
AP20399,317.00,701.84,3
AP20404,136.00,334.56,3
AP20403,190.00,420.66,3
AP20408,132.00,324.72,3
AP20407,116.00,313.90,3
AP20401,306.00,677.48,0
AP20405,126.00,309.96,0
AP20402,157.00,386.22,0
KP0182-1EG8K,161.00,396.06,0
AP20406,133.00,327.18,3
PL759BG8K+1,131.00,322.26,3
PL0205KPG8K,176.00,389.66,0
PL0205KPG14K,329.00,687.94,0
PL0556KPG14K,191.00,422.87,0
PL0565KPG14K,220.00,487.08,0
PL0565KPG8K,137.00,337.02,0
PL0556KPG8K,130.00,319.80,0
PL0211KPG8K,118.00,319.31,0
PL0211KPG14K,217.00,480.44,0
ALSS0511BS,48.00,141.70,0
AE22797Y-WHITE,41.00,121.03,0
AE22797Y-MIX,41.00,121.03,0
AE22797Y-BLACK,41.00,121.03,0
AE22797Y-AMETHYST,41.00,121.03,3
AE22270,22.00,70.36,3
AE22441,28.00,89.54,3
AE22427RH,18.00,57.56,3
AE21954,22.00,70.36,3
AE21961,40.00,127.92,3
AE22396,17.00,54.37,0
AE22072,28.00,89.54,0
AE22277,28.00,89.54,0
AE22276,25.00,79.95,0
AE22278,28.00,89.54,0
AE22258,29.00,92.74,3
AE21975,44.00,129.89,3
AE22465,38.00,121.52,3
AE22283,25.00,79.95,0
AE22119,25.00,79.95,0
AE22453,22.00,70.36,3
AE22274,18.00,57.56,3
SE05247A,40.00,127.92,3
AE21970,31.00,99.14,3
AE22875,30.00,95.94,0
AE22815RH,42.00,123.98,3
AE22815Y,41.00,121.03,3
AE22866,67.00,197.78,3
AE22864,23.00,73.55,0
AE22811,31.00,99.14,3
AE22806RH-RUBY,34.00,108.73,3
AE22806RH-EMERALD,34.00,108.73,0
AE22234,55.00,162.36,3
AE22806RH-WHITE,35.00,111.93,3
AE22806RH-SAPPHIRE,34.00,108.73,0
AE22232,43.00,126.94,3
AE22233,60.00,177.12,3
AE22802,53.00,156.46,3
AE22865,66.00,194.83,3
AE22867,92.00,248.95,0
AP18818,16.00,61.01,3
AP14697,16.00,61.01,0
AP20340,38.00,121.52,3
AP20342,61.00,180.07,3
AP19837,22.00,70.36,3
AP20345Y,60.00,177.12,0
AP20343,47.00,138.74,0
AP20346Y,43.00,126.94,3
AP20341,43.00,126.94,3
AP19397,41.00,121.03,0
AP20344,38.00,121.52,3
AP20409RH,60.00,177.12,0
AP19441,52.00,153.50,3
ALZC8MWHTF,16.00,61.01,3
ALZC8MKP,29.00,92.74,3
AP19395,44.00,129.89,3
GR-25,187.00,414.02,0
GR-26,196.00,433.94,0
AS7674,64.00,188.93,3
AS7646,62.00,183.02,3
AS7987,49.00,144.65,0
AS406NG8K,257.00,569.00,3
AE938E+PW,52.00,153.50,3
E+PAH2250RH,70.00,206.64,3
AS7865,53.00,156.46,3
AS7670,56.00,165.31,0
AS7664,48.00,141.70,0
AS7682,70.00,206.64,3
AS7644,68.00,200.74,0
AS7632,73.00,215.50,0
CH0127-3,47.00,138.74,0
AS7672,60.00,177.12,0
AS7484,42.00,123.98,3
AS8107,30.00,95.94,0
AS7861,43.00,126.94,0
AS8116,38.00,121.52,0
AS7899,54.00,159.41,0
AS7800,56.00,165.31,3
AS7893,53.00,156.46,0
AS7897,60.00,177.12,0
AS7649,43.00,126.94,3
AS7749,40.00,127.92,3
AS7714,60.00,177.12,3
AS7823,62.00,183.02,3
AE21732-S,58.00,171.22,3
AE21716-S,83.00,224.60,3
AE21719-S,90.00,243.54,3
AE21678-S,113.00,305.78,3
AE21680-S,113.00,305.78,3
AE21671-S,100.00,270.60,3
AE21728-S,70.00,206.64,3
AE21668-S,149.00,366.54,3
AE21726-S,49.00,144.65,3
AE21731-S,61.00,180.07,3
AE21791-S,60.00,177.12,3
AE22437,56.00,165.31,3
AE22425,40.00,127.92,3
AE22296,52.00,153.50,3
AE22297,41.00,121.03,3
AE22435,47.00,138.74,3
AE22063,38.00,121.52,3
ALCYR0840ERH,40.00,127.92,0
AE21773,58.00,171.22,3
AE21772,40.00,127.92,3
AE21770,38.00,121.52,3
AE22868,68.00,200.74,3
AE22475RH,54.00,159.41,3
AE22474,55.00,162.36,3
AS7975,89.00,240.83,3
AS8018,66.00,194.83,0
AS7960,71.00,209.59,0
AS7970SETRH,58.00,171.22,3
AS7966,76.00,224.35,0
AE5412RH,28.00,89.54,0
AE5803RH,23.00,73.55,0
SET-332E,35.00,111.93,0
AS7681,64.00,188.93,0
AS8219,66.00,194.83,3
PL0132BG14K-1,233.00,515.86,3
CRAL0064,26.00,83.15,0
ALKC7MDB,12.00,45.76,0
ALKC8MT,14.00,53.38,0
ALKC6MO,11.00,41.94,3
ALKC6MLAW,11.00,41.94,3
ALKC6MBL,11.00,41.94,0
ALKC6MGR,11.00,41.94,3
ALKC6MBU,11.00,41.94,3
AE22821,41.00,121.03,3
AE22799,30.00,95.94,3
AE22390,18.00,57.56,0
AE22295,50.00,147.60,3
AE22414,53.00,156.46,3
AE22835,28.00,89.54,3
AS7816,49.00,144.65,3
AE22808,41.00,121.03,3
AE22804,29.00,92.74,3
AE22464,20.00,63.96,3
AE22294,26.00,83.15,3
AE22831,49.00,144.65,3
AE22820,54.00,159.41,3
AE22269,34.00,108.73,3
AE22391,25.00,79.95,0
AE22822,30.00,95.94,3
AE22798,29.00,92.74,3
AE22814,25.00,79.95,3
AE22813,34.00,108.73,3
AE22834,26.00,83.15,0
AE22810,37.00,118.33,3
AE22830,28.00,89.54,3
AE22823,26.00,83.15,3
AE22407,35.00,111.93,3
AS8207,29.00,92.74,0
AS8197,41.00,121.03,0
AS8184,29.00,92.74,0
AS8182,37.00,118.33,3
AS8200,20.00,63.96,3
AS8171,38.00,121.52,3
AS8015,64.00,188.93,3
AS7791,66.00,194.83,0
AS7807,66.00,194.83,3
AS8000,53.00,156.46,3
AE22800,23.00,73.55,0
AS8021,61.00,180.07,3
AS8019,47.00,138.74,3
AE22789,38.00,121.52,3
AE22817,34.00,108.73,3
AE22793,37.00,118.33,3
AE14479,34.00,108.73,0
ALCN241G8K,232.00,513.65,0
840BRG14K,363.00,759.03,0
ALCN243G8K,310.00,686.34,3
YL07-17CM,422.00,882.40,3
ALCN238G14K,251.00,555.71,0
AS8100,47.00,138.74,3
AS8024,56.00,165.31,3
AS7810,53.00,156.46,3
AS8044,76.00,224.35,0
AS8027,71.00,209.59,0
AS8030,71.00,209.59,0
AS8033,70.00,206.64,0
CEL351NY,28.00,89.54,3
CEL354NY,42.00,123.98,3
CEL352NY,28.00,89.54,3
CEL353NY,38.00,121.52,3
CEL0911R,25.00,79.95,3
CEL354BY,29.00,92.74,3
ALC139-1BY,20.00,63.96,3
DRQR007,73.00,215.50,0
CEL351BY,23.00,73.55,3
CEL346BY,20.00,63.96,3
CEL347BY,20.00,63.96,3
CEL355BY,26.00,83.15,3
CEL909BY,16.00,61.01,0
CEL911BY,29.00,92.74,3
CEL912BY,20.00,63.96,3
CEL913BRH,24.00,76.75,3
CEL913BRH-1,24.00,76.75,3
CEL356NY,34.00,108.73,3
CEL910BRH,23.00,73.55,3
CEL912BRH,20.00,63.96,3
LRD6MM8K,351.00,733.94,3
"LRD3,5MM8KP",152.00,373.92,0
AE21559,28.00,89.54,0
AE21557,37.00,118.33,3
AE22359RH,61.00,180.07,3
AE16441Y,34.00,108.73,3
AE22833,35.00,111.93,3
AE22117,35.00,111.93,3
CEL908NRH,37.00,118.33,3
CRAL0099RH,55.00,162.36,3
AP21027RH,31.00,99.14,3
AE3950RH-P,10.00,38.13,3
ALCYR0351P,25.00,79.95,3
CR0027PRH,55.00,162.36,3
AP19500,43.00,126.94,0
MN0245,49.00,144.65,3
AH7300,66.00,194.83,3
AH7126BRH+Y,49.00,144.65,0
AP13443RH,41.00,121.03,0
AP13440RH,53.00,156.46,3
AP13397RH,41.00,121.03,0
BEAD085-1,43.00,126.94,3
NEW28-1,42.00,123.98,0
AP13373RH,41.00,121.03,3
ALBEADS0249RH,47.00,138.74,0
AP13481RH,56.00,165.31,3
ALBEAD0160RH,43.00,126.94,0
AP13083RH,41.00,121.03,3
AP13406RH,60.00,177.12,3
ALBEADS0251RH,49.00,144.65,3
AE22553,26.00,83.15,3
AH9313-SZAFIR,255.00,564.57,0
AH013BY,204.00,451.66,3
AH7302,90.00,243.54,3
AH7245,41.00,121.03,0
AH7303,41.00,121.03,3
AH7299,58.00,171.22,0
AH7301,80.00,236.16,3
AH7246,68.00,200.74,0
LU095G8KMINT,55.00,162.36,0
LU095G8KBLACK,53.00,156.46,0
LU095G8KRED,55.00,162.36,0
LU094G8KRED,35.00,111.93,0
LU093G8KMINT,55.00,162.36,0
LU094G8KBLACK,35.00,111.93,0
LU094G8KMINT,53.00,156.46,0
LU092G8KRED,35.00,111.93,3
LU092G8KMINT,55.00,162.36,0
LU093G8KBLACK,70.00,206.64,3
LU093G8KRED,70.00,206.64,3
LU092G8KBLACK,35.00,111.93,0
LU091G8KRED,77.00,227.30,0
LU089G8KMINT,55.00,162.36,0
LU088G8KMINT,35.00,111.93,0
LU090G8KMINT,55.00,162.36,0
LU086RHBLACK,58.00,171.22,3
YL01-17CM,166.67,369.01,0
TGLBE-10448,166.67,369.01,0
AN709BY,24.00,76.75,0
AC130838BY,34.00,108.73,0
AH2549,48.00,141.70,0
H4117 X,47.00,138.74,0
AC130842BY,38.00,121.52,3
AN895NRH,37.00,118.33,0
AC130406NRH,38.00,121.52,0
A001-38003NRH,40.00,127.92,0
A001188NRH,29.00,92.74,0
AC150167NRH,37.00,118.33,0
ALKC9MAB,17.00,54.37,3
ALKC9MBR,17.00,54.37,3
ALKC9MBL,17.00,54.37,0
ALKC9MDB,17.00,54.37,3
ALKC9MDG,17.00,54.37,3
ALKC9MDR,17.00,54.37,3
ALKC9MDT,17.00,54.37,3
ALKC9MDV,17.00,54.37,3
ALKC9MG,17.00,54.37,0
ALKC9MGR,17.00,54.37,3
ALKC9MH,17.00,54.37,0
ALKC9MLB,17.00,54.37,3
ALKC9MLG,17.00,54.37,3
ALKC9MLT,17.00,54.37,0
ALKC9MLV,17.00,54.37,3
ALKC9MMK,17.00,54.37,0
ALKC9MNB,17.00,54.37,3
ALKC9MO,17.00,54.37,3
ALKC9MR,17.00,54.37,3
ALKC9MS,17.00,54.37,3
ALKC9MT,17.00,54.37,0
ALKC9MV,17.00,54.37,3
ALKC9MY,17.00,54.37,3
CEL912BY-2,28.00,89.54,3
CEL914BRH,20.00,63.96,0
CEL280BRH,23.00,73.55,3
CEL351NRH,24.00,76.75,3
AE21717-S,70.00,206.64,3
CEL353NRH,37.00,118.33,3
CEL347BRH,23.00,73.55,3
AP14638,49.00,144.65,3
433P4626,34.00,108.73,3
AP6361-KA,67.00,197.78,0
AP14661,43.00,126.94,0
PK94,28.00,89.54,3
AP13627,36.00,115.13,3
AP14486,35.00,111.93,3
ALKOST0022BS,28.00,89.54,0
ALKOST0023BS,37.00,118.33,0
ALKOST0024BS,37.00,118.33,3
ALKOST0025BS,31.00,99.14,0
ALKOST0026BS,26.00,83.15,0
ALKOST0028BS,34.00,108.73,0
ALKOST0027BS,30.00,95.94,3
ME0228,49.00,144.65,3
LRK4MMYW,18.00,57.56,3
ALBL0003,60.00,177.12,0
ALBL0004,61.00,180.07,0
ALBL0005,62.00,183.02,3
CRAL0252S,6.00,22.88,0
TAGBE-20260,172.36,381.61,0
ALBL0002,34.00,108.73,0
CR450,46.00,135.79,0
AT211,42.00,123.98,3
CRAL0103,28.00,89.54,3
N04072NRH,38.00,121.52,3
TGLBE-20375,166.67,369.01,0
TGLBE-20380,166.67,369.01,0
AP13818-2,43.90,129.59,0
PSE0032G8K+W,274.00,606.64,3
PSE0036G8K+W,278.00,615.49,3
PSZ0036G8K+W,111.00,300.37,0
PZP0681G8K+E,250.00,553.50,0
PAP0400G8K,162.00,398.52,0
KLY2604G8K,140.00,344.40,3
PSZ0060NG8K,365.00,763.21,3
LU087G8KRED,99.00,267.89,0
LU020G8KBLACK-1,61.00,180.07,0
LU096,24.00,76.75,3
LU097,34.00,108.73,3
LU019G8KBLACK-1,97.00,262.48,0
LU023RED,35.00,111.93,3
LU036G8KBLACK,126.00,309.96,0
LU041G8KBLACK,45.00,132.84,0
LRD4MM14KU,455.00,951.40,3
SET-2488E1RHRED,96.75,261.81,0
E-0721KMRH-4,80.49,237.61,0
SET-1897E2,58.00,171.22,3
TGLBE-10025,60.00,177.12,3
ALKM0053SPR,145.00,356.70,0
ALKM0056SPR,145.00,356.70,0
ALKM0059SPR,145.00,356.70,0
ALKM0061SPY,163.00,360.88,3
ALKM0063SPS,145.00,356.70,0
ALKM0057SPR,145.00,356.70,0
ALKM0064SPY,145.00,356.70,0
ALKM0052SPR,168.00,371.95,3
ALKM0054SPR,168.00,371.95,3
ALKM0055SPR,145.00,356.70,0
ALKM0060SPR,163.00,360.88,3
ALKM0051KRR,163.00,360.88,3
ALKM0062SPS,145.00,356.70,0
MT10048KR,14.00,53.38,0
ALCYR0373ERH,16.00,61.01,3
AE22794,38.00,121.52,0
AE22796,41.00,121.03,0
AE22872,31.00,99.14,3
AE22829,40.00,127.92,0
AE22825,31.00,99.14,3
AE22792,31.00,99.14,0
AE22087,26.00,83.15,3
AE22790,28.00,89.54,0
AE22870,35.00,111.93,0
AE22552,24.00,76.75,3
AE222550,25.00,79.95,3
AE22828,37.00,118.33,3
AE22832,24.00,76.75,3
AE22819,40.00,127.92,3
AE22807,34.00,108.73,0
AE22818,40.00,127.92,3
AE22805,34.00,108.73,3
RE0320,26.00,83.15,3
AE22824,28.00,89.54,3
ME03705A,26.00,83.15,3
ME03705A X,26.00,83.15,3
CRAL0234S,26.00,83.15,0
CRAL0235S,55.00,162.36,3
MM2/5,38.00,121.52,0
MMAL0205S,34.00,108.73,0
MMAL0206S,35.00,111.93,3
MMAL0204S,46.00,135.79,3
BREL-6,263.00,582.28,3
BREL-7,348.00,727.67,3
E-0833,40.00,127.92,0
E-0833Y,44.00,129.89,0
E-0819,41.00,121.03,3
E-0819Y,34.00,108.73,3
CEL269ABG8K,130.00,319.80,0
CEL269BBG8K,130.00,319.80,0
M/019G14K,300.00,664.20,3
M/027G14K,372.00,777.85,3
M/028G14K,351.00,733.94,0
M/030G14K,339.00,708.85,0
M/015G14K,193.00,427.30,3
M/026G14K,363.00,759.03,3
Z/002G14K,146.00,359.16,3
CR/006G14K,411.00,859.40,0
CR/002G14K,107.00,289.54,0
CR/003G14K,134.00,329.64,0
CR/004G14K,130.00,319.80,0
M/021G14K,386.00,807.13,3
M/024G14K,338.00,706.76,3
M/025G14K,295.00,653.13,3
M/029G14K,323.00,715.12,0
M/031G14K,707.00,1434.86,0
M/032G14K,806.00,1635.78,0
Z/003G14K,107.00,289.54,3
CR/001G14K,121.00,327.43,0
M/020G14K,288.00,637.63,3
M/022G14K,363.00,759.03,0
M/023G14K,393.00,821.76,0
Z/001G14K,226.00,500.36,0
CR/005G14K,281.00,622.13,0
M/018G14K,380.00,794.58,3
M/018G8K,158.00,388.68,3
CRAL0251S,10.00,38.13,0
AS400EG14K,474.00,991.13,0
AS401EG14K,403.00,842.67,3
AS/001EG14K,119.00,322.01,0
AS/002EG14K,173.00,383.02,0
M/033G14K,255.00,564.57,0
M/035G14K,367.00,767.40,3
M/041G14K,300.00,664.20,3
M/044G14K,272.00,602.21,3
M/045G14K,361.00,754.85,3
M/046G14K,403.00,842.67,0
M/034G14K,171.00,378.59,0
M/036G14K,337.00,704.67,3
M/037G14K,171.00,378.59,3
M/038G14K,253.00,560.14,3
M/042G14K,322.00,712.91,0
M/043G14K,154.00,378.84,0
CR/008G14K,105.00,284.13,0
M/039G14K,155.00,381.30,3
M/040G14K,270.00,597.78,0
CR/007G14K,342.00,715.12,3
E18961+1,60.16,177.59,0
AGV001 14K 20CM,1793.00,3418.35,0
SP13950100001RH+1,2042.00,3893.07,0
AH9512BY 5MM,1588.00,3125.18,0
PL0142BG14K,227.00,502.58,3
AH9516BY 5MM,111.38,301.39,0
AH9508BY 5MM,111.38,301.39,0
AH9833BY 5MM,452.00,945.13,3
AP19988RH,44.00,129.89,0
AP19986RH,68.00,200.74,3
SAFETY CHAIN 31,41.00,121.03,0
SI001,48.00,141.70,3
SI001 LOCK,40.00,127.92,3
AP19598RH,54.00,159.41,0
AP19450RH,55.00,162.36,3
AP19984RH,44.00,129.89,0
AP19451RH,60.00,177.12,3
AP19572RH,47.00,138.74,3
AP19574RH,52.00,153.50,0
AP19610RH,64.00,188.93,0
AP19571RH,70.00,206.64,3
AP19447RH,48.00,141.70,0
AP19960RH,52.00,153.50,0
AP19963RH,48.00,141.70,0
BEAD0258RH,56.00,165.31,0
AH9510BY 5MM,111.38,301.39,0
PL0238NG14K,1330.00,2617.44,0
PL0239NG14K,690.00,1400.35,0
PL0140NG14K,943.00,1913.82,0
PL0241NG14K,1035.00,2036.88,0
PL0242NG14K,1487.00,2926.42,0
PL0243NG14K,1814.00,3458.39,0
AE20184RH-CHAMPAGNE,34.00,108.73,3
AE20184RH-WHITE,30.00,95.94,3
AE20184RH-AMETHYST,30.00,95.94,3
AE20184RH-LAVENDER,30.00,95.94,3
AE20184RH-BLACK,30.00,95.94,3
AE20184RH-GREEN,30.00,95.94,3
AE20167RH,29.00,92.74,3
AE20169RH,29.00,92.74,3
AE22761RH,31.00,99.14,3
AE22775RH,26.00,83.15,3
AE20184RH-PINK,30.00,95.94,3
AE20141RH,24.00,76.75,3
AE20129RH,24.00,76.75,0
AE20197RH,25.00,79.95,3
AE20156RH,23.00,73.55,3
AE20137RH,30.00,95.94,0
AE20127RH,30.00,95.94,3
AE20179RH,28.00,89.54,3
AE20185RH,30.00,95.94,3
AE20139RH,23.00,73.55,3
MMAL0136S,43.00,126.94,0
CAL0011POKS,18.00,57.56,3
ALSS0512ZSS,44.00,129.89,3
ALSS0514ZOKS,18.00,57.56,3
ALSS0513ZOKS,13.00,49.57,3
AE22827,34.00,108.73,0
AE22869,29.00,92.74,0
AE22871,30.00,95.94,0
AE22803,37.00,118.33,3
AE22801,30.00,95.94,3
AE22816,37.00,118.33,3
AE22791,26.00,83.15,3
AE10267Y+B,20.00,63.96,3
ALKJ0036BB,60.00,177.12,0
AN5236BRH,42.00,123.98,3
ALOPB011,160.00,393.60,0
ALOPB014,92.00,248.95,0
MVSP-0025C1RW+1,31.00,99.14,3
AP13803,52.00,153.50,0
AP20718,40.00,127.92,3
AP20717,40.00,127.92,3
AP13880,84.00,227.30,0
AP20720,78.00,230.26,3
AP20719,68.00,200.74,3
AP20716,62.00,183.02,3
AP20721,68.00,200.74,3
LU099BLACK,34.00,108.73,0
LU100BLACK,34.00,108.73,0
LU100RED,37.00,118.33,3
LU098G8KBLACK,55.00,162.36,0
LU099RED,37.00,118.33,3
LU098G8KRED,55.00,162.36,0
NA1712B14K,253.00,560.14,0
NA1713B14K,283.00,626.56,0
NA1714B14K,256.00,566.78,0
AE22582Y,42.00,123.98,3
TGLBE-20102,58.00,171.22,3
TLEBR-00066,61.00,180.07,3
ZRC002WHITE,55.00,162.36,3
YL111BRH-19CM,54.00,159.41,3
YL101BY-19CM,49.00,144.65,3
YL110BRH-19CM,41.00,121.03,3
TAGBE-50040,203.25,450.00,0
TGLBE-20098,44.00,129.89,3
ALMJ0004B,49.00,144.65,3
ALMJ0017B,49.00,144.65,3
CEL402BY,54.00,159.41,3
CEL407NRH,52.00,153.50,0
CEL410NS,52.00,153.50,3
CEL396NY,49.00,144.65,3
PZE2036G14K,314.00,695.20,0
SGE1387EG14K,295.00,653.13,0
PSZ0040PG14K,250.00,553.50,0
A0001EG14K,363.00,759.03,0
ROS0103M45Y,167.00,369.74,0
ROS0104M61Y,346.00,723.49,0
AE7046,68.00,200.74,0
AE3195-N2AMETYST,34.00,108.73,0
AE7700,40.00,127.92,3
AE7720,42.00,123.98,0
AE15735,38.00,121.52,0
AE15738RH,47.00,138.74,0
AE15743,53.00,156.46,3
AE3195-N2RUBY,34.00,108.73,3
AE3195-N2EMERALD,31.00,99.14,0
AE3195-N2AQUA,34.00,108.73,3
AE3195-N2PINK,34.00,108.73,3
AE3195-N2SAPPHIRE,34.00,108.73,0
AE7743,42.00,123.98,0
AE8522,37.00,118.33,0
AE9984,30.00,95.94,0
AE9996,31.00,99.14,0
AE9796,31.00,99.14,0
AE9802,26.00,83.15,0
AE9808,36.00,115.13,0
TE6236,35.00,111.93,0
KM-HSE-0913EWRH,60.00,177.12,3
AE9998,34.00,108.73,0
AE10397,29.00,92.74,3
AE10413,31.00,99.14,0
AE10417,35.00,111.93,0
AE12464,30.00,95.94,0
AE10448,31.00,99.14,0
AE10452,34.00,108.73,0
AE10706,56.00,165.31,0
AE12467,30.00,95.94,0
AE12478,31.00,99.14,0
AE10017,35.00,111.93,0
AE10005,42.00,123.98,3
AE10027,29.00,92.74,3
AE10026,30.00,95.94,0
AE10097,35.00,111.93,0
AE10098,40.00,127.92,3
AE10029,34.00,108.73,0
AE10038,35.00,111.93,0
KUD7.52+2NG14K,223.00,493.72,0
TAGPE-00064,239.84,531.01,0
TGLBE-20127,172.36,381.61,0
TGLBE-20131,821.14,1666.50,0
TAGBE-00040,181.00,400.73,3
ALS-926B,88.00,238.13,0
ALS-927B,52.00,153.50,3
SET-334,35.00,111.93,0
SET-191,73.00,215.50,3
AN5236NRH,53.00,156.46,3
OBNS021R,83.00,224.60,3
HP018NRH,55.00,162.36,0
KCV236NRH,128.00,314.88,3
KCV236NY,126.00,309.96,3
CEL909NY,24.00,76.75,3
CEL912NRH,31.00,99.14,3
CEL914NRH,28.00,89.54,3
CEL915NRH,29.00,92.74,3
CEL912NY,40.00,127.92,3
CEL912NRH-1,41.00,121.03,3
CEL912NY-1,40.00,127.92,3
CEL912NRH-2,48.00,141.70,3
PN0118NRH,107.00,289.54,3
PN0213NRH,44.00,129.89,3
PN0173NRH,37.00,118.33,0
PN0177-1NRH,48.00,141.70,0
PN0131RH,35.00,111.93,0
MT10052N,35.00,111.93,0
KCV245NY,77.00,227.30,3
KCV245NRH,76.00,224.35,3
PN0133RHN,77.00,227.30,0
ALSPIN001NRH,154.00,378.84,0
ALSS0486NY,29.00,92.74,3
ALSS0487NY,31.00,99.14,3
ALSS0488NY,34.00,108.73,0
ALSPIN002NRH,131.00,322.26,3
ALSPIN003NY,127.00,312.42,0
ALSPIN004NY,109.00,294.95,0
ALSPIN006N,82.00,221.89,0
ALSPIN007N,71.00,209.59,0
ALSPIN007NY,78.00,230.26,0
ALSPIN005NY,157.00,386.22,3
ALSPIN006NY,121.00,327.43,3
AA440NRH,56.00,165.31,3
AA440NY,55.00,162.36,3
ALCYR0841N,20.00,63.96,0
ALCYR0842N,20.00,63.96,3
ALCYR0843N,20.00,63.96,0
ALCYR0844N,20.00,63.96,0
ALCYR0841NY,29.00,92.74,0
ALCYR0842NY,29.00,92.74,3
ALCYR0843NY,29.00,92.74,3
ALCYR0844NY,29.00,92.74,3
AA412NY,64.00,188.93,3
AA437NRH,60.00,177.12,3
AA412NRH,66.00,194.83,3
AA419NRH,64.00,188.93,3
AA419NY,61.00,180.07,3
AA421NRH,70.00,206.64,3
AA421NY,68.00,200.74,3
AA437NY,56.00,165.31,3
AA408NRH,62.00,183.02,3
AA408NY,58.00,171.22,3
AA410NRH,64.00,188.93,3
AA410NY,62.00,183.02,3
AH4383NRH,71.00,209.59,3
AH4953NRH,43.00,126.94,3
AH4250NRH,43.00,126.94,3
AH3552NRH,48.00,141.70,3
AH6018NRH,49.00,144.65,0
AH6014NRH,50.00,147.60,3
AH3509NRH,54.00,159.41,0
AH3537NRH,64.00,188.93,0
AH4086NRH,49.00,144.65,0
AH5908NRH,62.00,183.02,3
AH7128NRH+1,68.00,200.74,3
AH3392NRH,55.00,162.36,3
AH3115NRH,54.00,159.41,3
AH2479NRH,56.00,165.31,3
AH2485NRH,54.00,159.41,0
ANN0019NRH,66.00,194.83,3
AN1409NRH,67.00,197.78,3
AN1091NRH,44.00,129.89,0
AN6035NRH,44.00,129.89,0
AN6950NRH,66.00,194.83,3
AN2566NRH,44.00,129.89,0
AN2680NRH,44.00,129.89,0
AN1561NRH,44.00,129.89,0
AN3255NRH,52.00,153.50,3
AN2600NRH,48.00,141.70,3
AN2283NRH,44.00,129.89,3
AN3025NRH,49.00,144.65,0
AN4033NRH,61.00,180.07,3
AN5027NRH,56.00,165.31,0
AN5126NRH,54.00,159.41,0
AN4037NRH,56.00,165.31,0
AN5496NRH,47.00,138.74,0
AN5130NRH,44.00,129.89,0
AN6032NRH,47.00,138.74,3
AN5526NRH,44.00,129.89,0
AN5527NRH,48.00,141.70,0
AN6077NRH,55.00,162.36,3
AN6944NRH,73.00,215.50,3
AN6946NRH+Y,56.00,165.31,0
AN6942NRH+Y,52.00,153.50,0
AN6943NRH+Y,71.00,209.59,3
AN6954NRH+Y,64.00,188.93,0
AN6945NRH+Y,67.00,197.78,0
AN6952NRH,64.00,188.93,3
AN6947NRH,40.00,127.92,3
AN69480NRH,64.00,188.93,3
AN6955NRH,56.00,165.31,3
AN6953NRH+W,52.00,153.50,0
AN6953NRH+P,52.00,153.50,0
AN6953NRH+G,52.00,153.50,0
AN6953NRH+AQ,52.00,153.50,0
AN6953NRH+AM,52.00,153.50,0
AE20391,40.00,127.92,3
TGLBE-30128,256.10,567.01,0
ALS-924SET,14.00,53.38,0
ALS-925SET,17.00,54.37,3
SET0090,53.00,156.46,0
ALCYR0871SETRH,38.00,121.52,3
ALBAG0014SETRH,61.00,180.07,3
SET-115+1,55.00,162.36,3
SET-115+2,53.00,156.46,3
XYS-7,74.00,218.45,3
SET-190,40.00,127.92,3
ALCYR0279RHSET,44.00,129.89,3
SET-320,61.00,180.07,0
KJ0013,55.00,162.36,3
GS083-1(1),66.00,194.83,0
FK509EG14K,297.00,657.56,0
FK483EG14K,1063.00,2091.98,0
FK0481EG14K,584.00,1221.14,3
FK482EG14K,882.00,1790.02,3
FK486EG14K,520.00,1087.32,0
FK549EG14K,784.00,1591.13,0
FK0154EG14K,597.00,1248.33,0
PAP0548PG14,494.00,1032.95,0
FK1156EG14K,597.00,1248.33,3
PAP0545PG14K,486.00,1016.23,0
PAP0635PG14K,418.00,874.04,0
PAP0585PG14,425.00,888.67,0
PK0814PG14K,367.00,767.40,0
PK0136CG14K,172.00,380.81,0
PK0808PG14K,398.00,832.22,3
AZPS96CG14K,352.00,736.03,0
AZP851PG14K,384.00,802.94,3
KCE0016E14K-SMALL,311.00,688.55,0
A001007-E,53.00,156.46,0
AE10040,37.00,118.33,3
AE10035ERH-WHITE,35.00,111.93,0
AE10035ERH-PINK,35.00,111.93,0
AE10100,41.00,121.03,0
AE10036,31.00,99.14,0
AE11989,42.00,123.98,0
AE10399,30.00,95.94,0
AE10178,42.00,123.98,0
AE22348WHITE,31.00,99.14,0
AE7699RH,38.00,121.52,3
AE7716,25.00,79.95,0
AE7740,38.00,121.52,0
AE7741,28.00,89.54,3
AE7744,30.00,95.94,0
AE7680,36.00,115.13,3
AE9799,37.00,118.33,0
AE9815,36.00,115.13,0
AE7751,38.00,121.52,0
AE7755,42.00,123.98,0
AE22513,43.00,126.94,3
SE08618100001,40.00,127.92,0
ALCYR0045ERH,25.00,79.95,3
E-0729KMRH,26.00,83.15,0
MVE-0148KMRH,41.00,121.03,0
HSE-0400ERH,49.00,144.65,0
E-0721KMRH-1W,34.00,108.73,0
AE7048,37.00,118.33,0
AE3196-N,31.00,99.14,0
AE9806,28.00,89.54,0
AN5537NRH,41.00,121.03,0
AE22767RH,25.00,79.95,3
AE22773RH,26.00,83.15,3
AE22514RH,47.00,138.74,3
AE20117RH,35.00,111.93,3
AE20121RH,38.00,121.52,0
AE20131RH,56.00,165.31,3
AE20134RH,24.00,76.75,3
AE14780RH,53.00,156.46,3
AE14753RH,48.00,141.70,3
AE16714RH,44.00,129.89,0
AE15758RH,52.00,153.50,3
AE22763RH,34.00,108.73,0
AE22772RH,28.00,89.54,3
AE13323RH,52.00,153.50,0
AE16712RH,44.00,129.89,3
AE16728RH,54.00,159.41,3
AE16730RH,41.00,121.03,3
AE22770RH,31.00,99.14,3
ALCYR0875ERH,38.00,121.52,0
AE20128RH,41.00,121.03,3
AE16725RH,49.00,144.65,3
AE20119RH,60.00,177.12,3
AE14770RH,34.00,108.73,3
AE14757RH,34.00,108.73,3
AE22776RH,41.00,121.03,3
AE22774RH,35.00,111.93,3
AE22779RH,34.00,108.73,3
AE23052,67.00,197.78,3
AN7822NRH,110.00,297.66,3
AH8515,53.00,156.46,3
AH8513,53.00,156.46,3
AH8514,53.00,156.46,3
AH8512,61.00,180.07,3
AE23558,31.00,99.14,3
AS8025-2-NIEBIESKI,44.00,129.89,0
AE23554,35.00,111.93,0
AE23551+1BLUE,38.00,121.52,0
AE6460-N,35.00,111.93,3
AE23356,64.00,188.93,3
AE23358,66.00,194.83,3
AE23354,58.00,171.22,3
AE23555+2DARK ROSE,35.00,111.93,0
AE23550,38.00,121.52,3
AE23357,66.00,194.83,3
AE20398RH,34.00,108.73,0
AE20941RH,48.00,141.70,3
AE23549,64.00,188.93,3
AE23548,66.00,194.83,3
AE9563RH,95.00,257.07,3
AP20715,41.00,121.03,3
AP20955,55.00,162.36,3
AP20894,88.00,238.13,3
AP20951,48.00,141.70,0
AP20950,52.00,153.50,3
AO20893,53.00,156.46,3
AP20953,41.00,121.03,0
AP20952,44.00,129.89,0
TAGBO-01982,67.00,197.78,3
AE9570RH,70.00,206.64,3
25399BG,71.00,209.59,3
14KGN049CL,513.00,1072.68,0
KJ0017N,61.00,180.07,3
AE21687RH,54.00,159.41,0
AE22647RH,18.00,57.56,0
AE22648RH,24.00,76.75,3
AE22893RH,49.00,144.65,3
AE22493RH,30.00,95.94,3
AE23028RH,43.00,126.94,0
AE23042RH,24.00,76.75,0
AE23032RH,35.00,111.93,3
AE22498RH,41.00,121.03,3
AE22495RH,25.00,79.95,0
AE22503RH,31.00,99.14,0
AE23047RH,48.00,141.70,0
AE22504RH,28.00,89.54,3
AE23029RH,48.00,141.70,3
AE22686RH,18.00,57.56,3
AE22678RH,18.00,57.56,3
837NG8K+1,266.00,588.92,0
AE22677RH,18.00,57.56,3
AE22679RH,18.00,57.56,3
AE22683RH,17.00,54.37,3
AE22687RH,18.00,57.56,3
AE22681RH,14.00,53.38,3
AE22682,18.00,57.56,3
AE22685RH,17.00,54.37,3
AE22680RH,17.00,54.37,3
AE22684RH,17.00,54.37,3
AE22688RH,18.00,57.56,3
AE22054RH,38.00,121.52,3
AE22053RH,29.00,92.74,3
AE22055RH,37.00,118.33,3
AE21688RH,35.00,111.93,3
AE22667RH,18.00,57.56,0
AE22673RH,23.00,73.55,3
AE22663RH,23.00,73.55,3
PBN0255BIAŁY,31.00,99.14,0
PBN0255AQUA,31.00,99.14,0
PBN0255RÓŻOWY,31.00,99.14,0
PBM2363AQUA,47.00,138.74,3
PBM2363BIAŁY,47.00,138.74,3
PBM2363RÓŻOWY,47.00,138.74,3
PBN0018AQUA,31.00,99.14,0
PBN0018BIAŁY,31.00,99.14,0
PBN0018RÓŻOWY,31.00,99.14,0
PBM1026AQUA,61.00,180.07,0
PBM1026BIAŁY,61.00,180.07,0
PBM1026RÓŻOWY,61.00,180.07,0
PBM1884AQUA,44.00,129.89,0
PBM1884BIAŁY,44.00,129.89,0
PBM1884RÓŻOWY,44.00,129.89,3
PBM2328AQUA,43.00,126.94,3
PBM2328BIAŁY,43.00,126.94,3
PBM2328RÓŻOWY,43.00,126.94,3
PBM2404BIAŁY,55.00,162.36,0
PBM2404RÓŻOWY,55.00,162.36,3
PBM2326AQUA,38.00,121.52,3
PBM2326BIAŁY,38.00,121.52,3
PBM2326RÓŻOWY,38.00,121.52,3
PBM0785AQUA,52.00,153.50,3
PBM0785BIAŁY,52.00,153.50,3
PBM0785RÓŻOWY,52.00,153.50,0
PBM2311AQUA,38.00,121.52,3
PBM2311BIAŁY,38.00,121.52,3
PBM2311RÓŻOWY,38.00,121.52,3
PBN0033AQUA,38.00,121.52,0
PBN0033BIAŁY,38.00,121.52,0
PBN0033RÓŻOWY,38.00,121.52,3
PBM2392AQUA,55.00,162.36,3
PBM2392BIAŁY,55.00,162.36,3
PBM2392RÓŻOWY,55.00,162.36,0
PBM2281AQUA,56.00,165.31,3
PBM2281BIAŁY,56.00,165.31,3
PBM2281RÓŻOWY,56.00,165.31,3
PBM2391AQUA,53.00,156.46,3
PBM2391RÓŻOWY,53.00,156.46,3
PBM2259AQUA,43.00,126.94,3
PBM2259BIAŁY,43.00,126.94,3
PBM2259RÓŻOWY,43.00,126.94,3
PBM2391BIAŁY,36.00,115.13,3
PBN0961AQUA,58.00,171.22,3
PBN0961BIAŁY,58.00,171.22,3
PBN0961RÓŻOWY,58.00,171.22,3
PBM2007AQUA,42.00,123.98,0
PBM2007BIAŁYM,42.00,123.98,0
PBM2007RÓŻOWYM,42.00,123.98,0
PBN1121AQUA,31.00,99.14,0
PBN1121BIAŁY,31.00,99.14,0
PBN1121RÓŻOWY,31.00,99.14,0
PBN0766AQUA,42.00,123.98,3
PBN0766BIAŁY,42.00,123.98,3
PBN0766RÓŻOWYM,42.00,123.98,3
PBN0995AQUA,43.00,126.94,3
PBN0995BIAŁY,43.00,126.94,3
PBN0995RÓŻOWY,43.00,126.94,0
PBM0019AQUA,37.00,118.33,0
PBM0019BIAŁY,37.00,118.33,0
PBM0019RÓŻOWY,37.00,118.33,0
PBM2387AQUA,55.00,162.36,3
PBM2387BIAŁY,55.00,162.36,3
PBM2387RÓŻOWY,55.00,162.36,3
PBM2229AQUA,41.00,121.03,0
PBM2229BIAŁY,41.00,121.03,0
PBM2229RÓŻOWY,41.00,121.03,0
PBM2372AQUA,38.00,121.52,3
PBM2372BIAŁY,38.00,121.52,3
PBM2372RÓŻOWY,38.00,121.52,3
PBM2228AQUA,47.00,138.74,0
PBM2228BIAŁY,47.00,138.74,3
PBM2228RÓŻOWY,47.00,138.74,3
PBM2189AQUA,43.00,126.94,3
PBM2189BIAŁY,43.00,126.94,3
PBM2189RÓŻOWY,43.00,126.94,3
BSS043AQUAMARINE,37.00,118.33,0
BSS043BIAŁY,37.00,118.33,0
BSS043RÓŻOWY,37.00,118.33,0
PBN1036AQUA,38.00,121.52,0
PBN1036BIAŁY,38.00,121.52,0
PBN1036RÓŻOWY,38.00,121.52,0
PBM2167AQUA,62.00,183.02,0
PBM2167BIAŁY,62.00,183.02,0
PBM2167RÓŻOWY,62.00,183.02,3
PBM2276AQUA,41.00,121.03,3
PBM2276BIAŁY,41.00,121.03,3
PBM2276RÓŻOWY,41.00,121.03,3
PBM2227AQUA,41.00,121.03,0
PBM2227BIAŁY,41.00,121.03,0
PBM2227RÓŻOWY,41.00,121.03,3
PBM2220AQUA,37.00,118.33,0
PBM2220BIAŁY,37.00,118.33,0
PBM2220RÓŻOWY,37.00,118.33,0
PBM1340AQUA,56.00,165.31,0
PBM1340BIAŁY,56.00,165.31,0
PBM1340RÓŻOWY,56.00,165.31,3
CEL337BG8K+1,206.00,456.08,3
PBN1148-ILRUBIN,29.00,92.74,0
PBN1148-ILRÓŻOWY,38.00,121.52,3
PBN1148-ILSZAFIR,29.00,92.74,0
PBN1148-ILAQUA,38.00,121.52,3
PBN1148-ILBIAŁY,38.00,121.52,3
PBM2157AQUA,38.00,121.52,0
PBM2157BIAŁY,38.00,121.52,0
PBM2157RÓŻOWY,38.00,121.52,0
PBN0758AQUA,31.00,99.14,3
PBN0758BIAŁY,31.00,99.14,3
PBN0758RÓŻOWY,31.00,99.14,3
PBM2184BIAŁY,41.00,121.03,0
PBM2184AQUA,41.00,121.03,0
PBM2184RÓŻOWY,41.00,121.03,0
PBM2107BIAŁY,41.00,121.03,0
PBM2107RÓŻOWY,41.00,121.03,0
PBM2107AQUA,41.00,121.03,0
HE-1893Y,49.59,146.39,0
P19556RH,80.00,236.16,3
A00092RH,64.00,188.93,3
B05899BRH,56.00,165.31,0
B05592RH,163.41,361.79,0
B05585RH,62.00,183.02,3
P19724RH,71.00,209.59,3
P19721RH,25.20,80.59,0
P19727RH,58.00,171.22,3
P19716RH,74.00,218.45,3
ROS0104M19MED,71.00,209.59,3
ROS0103M19MED,46.00,135.79,3
AP19983RH,49.00,144.65,0
AP19981RH,55.00,162.36,0
NEW167,47.00,138.74,0
AP19974RH,74.00,218.45,3
ALBEADS0261RH,60.00,177.12,0
AP20956,42.00,123.98,3
AP19961RH,38.00,121.52,0
FK0624EG14K,375.00,784.12,0
FK485EG14K,297.00,657.56,0
FK541EG14K,470.00,982.77,0
PZE0109EG14K,516.00,1078.96,3
KCE0009EG14K,442.00,924.22,0
FK1592EG14K,696.00,1412.53,3
SGE0525E14K,449.00,938.86,3
SGE0525EWG8K,164.00,363.10,0
A0821E14K+WS,413.00,863.58,3
PAP0632PG14,505.00,1055.95,3
PK0819CG14K,371.00,775.76,0
PAP057-1PG14K,268.00,593.35,0
PUM0036P14K,222.00,491.51,3
PL978B8K,158.00,388.68,3
PL978N8K,215.00,476.01,3
PL976N8K,203.00,449.44,0
PL954N8K,244.00,540.22,0
AP14009RH,97.00,262.48,0
AP14023RH,90.00,243.54,3
LU101BLACK,38.00,121.52,3
LU101RED,38.00,121.52,3
LU102BLACK,26.00,83.15,3
LU102RED,26.00,83.15,0
B05176BRH,62.60,184.80,0
B05184BRH,132.52,326.00,0
B05638BRH,52.85,156.01,0
N05657RH,80.49,237.61,0
N06355NRH,150.41,370.01,0
N05907Y,89.43,242.00,0
P19732RH,39.84,127.41,0
P19737RH,42.28,124.81,0
P19736RH,39.02,124.79,0
ROS0105M19MED,89.00,240.83,0
ROS0106M20MED,112.00,303.07,0
P19739RH,61.00,180.07,3
HSE-1875-1,54.00,159.41,3
HSE-2018Y,54.00,159.41,3
HSB-2018YG,38.00,121.52,3
HP-0190,48.00,141.70,3
AE20390,92.00,248.95,3
AE22660RH,14.00,53.38,3
AE22661RH,13.00,49.57,3
AE22664RH,18.00,57.56,3
AE22659RH,14.00,53.38,3
AE22674RH,14.00,53.38,0
ALCYR0158ERH,16.00,61.01,3
RE0283,24.00,76.75,3
AE22723RH,20.00,63.96,3
AE7353RH,23.00,73.55,3
AE22722RH,43.00,126.94,3
AE21575RH,23.00,73.55,3
ALCYR0156ERH,24.00,76.75,0
AE22899RH,24.00,76.75,3
AE22732RH,34.00,108.73,3
AE21574RH,29.00,92.74,3
AE22754RH,24.00,76.75,3
AE21577RH,23.00,73.55,3
ME0037,18.00,57.56,3
AE21578RH,34.00,108.73,0
AE22741RH,30.00,95.94,3
AE22901RH,40.00,127.92,3
ME0239RH,30.00,95.94,3
ME0236Y,38.00,121.52,3
AE22670RH,25.00,79.95,3
AE22905RH,34.00,108.73,3
AE22384,22.00,70.36,3
AE22100RH,28.00,89.54,3
AE22101RH,25.00,79.95,3
AE22906RH,28.00,89.54,3
AE22511RH,28.00,89.54,3
AE22458RH,42.00,123.98,3
AE22915RH,58.00,171.22,0
AE22873RH,58.00,171.22,3
AE9162,28.00,89.54,0
SET-1480E+1,37.00,118.33,0
ALRZ00022,18.00,57.56,3
ALRZ00020,34.00,108.73,3
ALRZ00021,17.00,54.37,0
ALRZ00024,17.00,54.37,0
ALRZ00023,26.00,83.15,3
ALSW0017PO,18.00,57.56,3
AP20439RH,14.00,53.38,0
AP20327RH,17.00,54.37,3
AP20307RH,17.00,54.37,3
AP20328RH,28.00,89.54,0
AP20289RH,34.00,108.73,0
AP19891RH,29.00,92.74,0
AS6845SETRH,37.00,118.33,0
ALCYR0280RHSET,38.00,121.52,0
LU103G8KRED,55.00,162.36,0
LU103G8KBLACK,55.00,162.36,0
KJ0009RHSET,29.00,92.74,3
ALSD0019SET,55.00,162.36,3
ALCYR0108RHSET,48.00,141.70,3
ALCYR0191SSET,73.00,215.50,0
ALCYR0552SETRH,30.00,95.94,0
ALCYR0188RHSET,62.00,183.02,3
424E6438,28.00,89.54,3
463E4245,38.00,121.52,3
P4234,12.00,45.76,3
P4652,11.00,41.94,3
P6438,14.00,53.38,3
P9456,18.00,57.56,3
P8051,7.00,26.69,0
P6140M,10.00,38.13,3
MVSE-0401RW,53.00,156.46,3
BRO-004,58.00,171.22,0
FE0967W,29.00,92.74,0
E903BLACK,109.00,294.95,0
E903BLUE,71.00,209.59,0
E903RED,71.00,209.59,0
28729BG,197.00,436.16,0
14773BG,223.00,493.72,3
17418BG,242.00,535.79,3
28225BG,290.00,642.06,3
23806BG,265.00,586.71,0
BEAD78,31.00,99.14,3
TAGBE-30197,239.84,531.01,0
BEAD78 LIŚĆ,48.00,141.70,0
29109BG,247.00,546.86,3
ALCYR0909PRH,18.00,57.56,3
ALCYR0877NRH,53.00,156.46,0
AS8017,82.00,221.89,3
CEL337NG8K,268.00,593.35,0
PL0960NG14K,723.00,1467.33,0
PL0919NG14K,606.00,1267.15,3
AS403NG14K,407.00,851.04,0
AS409BG14K,612.00,1279.69,0
PL0955BG14K,455.00,951.40,0
AS404BG14K,364.00,761.12,0
AS406BG14K,411.00,859.40,0
PL954B8K,182.00,402.95,3
TLEBR-00082,422.76,883.99,0
TGLBE-20406,203.25,450.00,0
TAGBE-10276,203.25,450.00,0
TGLBE-20407,313.01,693.00,0
CN091Y,133.33,327.99,0
CN066Y,31.00,99.14,3
CN090Y,64.23,189.61,0
CH009BY,37.00,118.33,3
P12283W,17.00,54.37,3
PZE0760G8K,224.00,495.94,3
CN078BY,47.00,138.74,0
CN070NRH,110.00,297.66,3
CN089RH,105.69,286.00,0
CH002RH,76.42,225.59,0
CN084BR,64.23,189.61,0
CH011BRH,66.67,196.81,0
CH005BRH,26.00,83.15,3
PSE0026PG8K+W,154.00,378.84,0
KP0364EG8K,252.00,557.93,3
A889EG8K,246.00,544.64,3
PSE0026EG8K+W,327.00,683.76,3
SGE0526EWG8K,164.00,363.10,3
SGK0279EG8KW,230.00,509.22,0
ALC0356PG8K,78.00,230.26,0
TAGBE-10281,68.00,200.74,3
AE26452ERH,29.00,92.74,3
AE26450ERH-GREEN,49.00,144.65,3
E17214ERH,30.00,95.94,3
P18199RH,74.00,218.45,3
P17254,96.75,261.81,0
N03176,56.10,165.61,0
B05580YG,79.67,235.19,0
AH5506BRH+1,97.56,264.00,0
AP24458,142.28,350.01,0
AP24461,73.17,216.00,0
ALKN0020K,52.00,153.50,0
AGV001 14K 21CM,1953.00,3723.39,0
LU008,30.00,95.94,3
LU016RED,29.00,92.74,0
LRD3MMG14K,251.00,555.71,3
LRD4MMG14K,295.00,653.13,3
AP21223RH,52.00,153.50,3
AP21224RH,62.00,183.02,3
AP21235RH,53.00,156.46,3
AP21239RH,58.00,171.22,3
AP21222RH,58.00,171.22,3
AP21228RH,53.00,156.46,0
AP21233RH,53.00,156.46,3
AP21245RH,53.00,156.46,0
AP21221RH,54.00,159.41,0
AP21232RH,49.00,144.65,3
AP21226RH,52.00,153.50,3
AP21230RH,53.00,156.46,3
AP21225RH,53.00,156.46,3
AP21227RH,52.00,153.50,3
AP21236RH,53.00,156.46,3
AP21231RH,49.00,144.65,3
AP21234RH,52.00,153.50,3
AP21246RH,66.00,194.83,0
BEAD176+1,53.00,156.46,3
AP21220RH,60.00,177.12,0
AP21237RH,48.00,141.70,3
AP21241RH,31.00,99.14,3
AP21242RH,44.00,129.89,0
AP212434RH,43.00,126.94,3
ALBEADS0114+1,56.00,165.31,3
AP21240RH,43.00,126.94,0
AP21218PRH,41.00,121.03,0
AP21251PRH,38.00,121.52,3
AP21217PRH+G,40.00,127.92,3
AP21219PRH,35.00,111.93,3
AP21249PRH,77.00,227.30,3
AP21215PRH,41.00,121.03,3
AP21248PRH,66.00,194.83,3
AP21247PRH,83.00,224.60,3
AP21250PRH,30.00,95.94,3
AP21216PRH,38.00,121.52,3
ALCYR0818PRH+W,22.00,70.36,3
MN0356NRH,47.00,138.74,0
MN0358NRH,52.00,153.50,3
MN0279NRH,61.00,180.07,0
MN0299NRH,76.00,224.35,3
MN0336NRH,49.00,144.65,0
MN0277NRH,44.00,129.89,0
MN0306NRH,49.00,144.65,0
MN0337NRH,55.00,162.36,3
MN0419NRH,48.00,141.70,0
MN0271NRH,49.00,144.65,3
MN0363NRH,47.00,138.74,0
MN0316NRH,58.00,171.22,3
MN0318NRH,60.00,177.12,3
MN0224NRH,48.00,141.70,3
AH8995BRH-BLUE,58.00,171.22,3
MN0358BRH,34.00,108.73,0
AH8996BRH,41.00,121.03,0
MN0277BRH,30.00,95.94,0
MN0306BRH,35.00,111.93,0
MN0356BRH,31.00,99.14,0
MN0271BRH,35.00,111.93,0
MN0419BRH,31.00,99.14,3
MN0337BRH,40.00,127.92,3
MN0336BRH,34.00,108.73,0
MN0363BRH,31.00,99.14,0
ALKN0048Z+1,77.00,227.30,3
ALKN0050Z+2,91.00,246.25,3
AS8514ERH,91.00,246.25,3
ALKN0037Z+2,44.00,129.89,3
AS8514PRH,44.00,129.89,3
AS405BG14K,359.00,750.67,0
AS407BG14K,358.00,748.58,0
PL0960BG14K,256.00,566.78,0
AS403BG14K,289.00,639.85,0
AS408BG14K,351.00,733.94,3
PL0919BG14K,297.00,657.56,0
AE20841RH,34.00,108.73,3
AE22563RH,29.00,92.74,0
AE24226ERH,41.00,121.03,3
AE24225ERH,31.00,99.14,0
ME0060RH,38.00,121.52,3
AE20820RH,34.00,108.73,3
AE24218ERH,35.00,111.93,3
AE24214ERH,23.00,73.55,3
AE22521RH,28.00,89.54,3
AE22522RH,25.00,79.95,3
ME0241RH,26.00,83.15,0
AE20776RH,28.00,89.54,0
AE20745RH,37.00,118.33,3
AE20760RH,31.00,99.14,3
AE22422RH,41.00,121.03,3
AE21587RH,42.00,123.98,3
AE20870RH,31.00,99.14,3
AE20774RH,28.00,89.54,0
AE20804RH,28.00,89.54,0
AE20775RH,56.00,165.31,0
AE22548RH,25.00,79.95,3
AE22549RH,26.00,83.15,3
AE24229ERH,18.00,57.56,0
AE24231ERH,20.00,63.96,0
AE24230ERH,23.00,73.55,0
AE21586RH,30.00,95.94,0
AE24217ERH,42.00,123.98,0
AE24216ERH,56.00,165.31,3
AE22556RH,48.00,141.70,3
AE24220ERH,44.00,129.89,3
AE22559RH,41.00,121.03,3
AE24213ERH,43.00,126.94,3
AE22434RH,49.00,144.65,3
AE22620RH,58.00,171.22,3
AE22846RH,42.00,123.98,3
AE20838RH,38.00,121.52,3
AE22446RH,54.00,159.41,3
AE22693RH,119.00,322.01,3
AE24223ERH,71.00,209.59,3
AE24221ERH,82.00,221.89,3
AE24224ERH,60.00,177.12,0
AE24232ERH,53.00,156.46,0
AE24222ERH,80.00,236.16,3
AE24227ERH,23.00,73.55,3
AE21584RH,24.00,76.75,3
AE24228ERH,30.00,95.94,3
AE20826RH,25.00,79.95,0
AE22783RH,17.00,54.37,0
AE22564RH,23.00,73.55,3
AE20877RH,23.00,73.55,0
ME0230RH,24.00,76.75,0
AE22919BX39,43.00,126.94,0
AE22919BX13,47.00,138.74,0
AE22919BX23,44.00,129.89,0
AE22919BX20,44.00,129.89,0
AE22919BX40,47.00,138.74,0
AA472BRH,40.00,127.92,3
AA473BRH,66.00,194.83,3
AA482BRH,42.00,123.98,3
AA486BRH,54.00,159.41,3
AA499BRH,54.00,159.41,0
AA505BRH,40.00,127.92,3
AA509BRH,44.00,129.89,3
AA556BRH,48.00,141.70,0
AA475BRH,36.00,115.13,3
AA484BRH,52.00,153.50,0
AA498BRH,48.00,141.70,3
KCV341BRH,78.00,230.26,0
AA524BRH,48.00,141.70,0
AA498BY,47.00,138.74,0
KCV341BY,77.00,227.30,0
AA486BY,49.00,144.65,0
AA499BY,53.00,156.46,3
AA505BY,38.00,121.52,3
AA509BY,43.00,126.94,3
AA472BY,38.00,121.52,3
AA473BY,66.00,194.83,3
AA556BY,44.00,129.89,0
AA484BY,49.00,144.65,3
AA524BY,48.00,141.70,0
AA475BY,35.00,111.93,3
AA482BY,41.00,121.03,3
AA486NRH,62.00,183.02,3
AA498NRH,82.00,221.89,3
KCV341NRH,107.00,289.54,3
AA505NRH,60.00,177.12,3
AA524NRH,74.00,218.45,3
AA556NRH,74.00,218.45,0
KCV330NRH,120.00,324.72,0
AA473NRH,83.00,224.60,3
AA475NRH,61.00,180.07,3
AA484NRH,67.00,197.78,3
AA472NRH,89.00,240.83,0
AA482NRH,77.00,227.30,3
AA509NRH,68.00,200.74,3
KCV319NRH,128.00,314.88,0
AA499NRH,86.00,232.72,0
AA473NY,82.00,221.89,3
AA524NY,73.00,215.50,0
AA556NY,73.00,215.50,0
KCV330NY,118.00,319.31,0
KCV341NY,104.00,281.42,0
AA484NY,66.00,194.83,3
AA486NY,61.00,180.07,3
AA505NY,56.00,165.31,3
KCV319NY,124.00,305.04,3
AA498NY,77.00,227.30,3
AA482NY,74.00,218.45,3
AA509NY,67.00,197.78,3
AA472NY,86.00,232.72,0
AA499NY,76.00,224.35,3
AS425BG8K,238.00,526.93,3
PL103NG8K,251.00,555.71,0
AS412NG8K,297.00,657.56,3
AS423NG8K,233.00,515.86,0
AS411NG8K+3,291.00,644.27,3
AS429NG8K,265.00,586.71,3
AS417NG8K,295.00,653.13,3
AS425NG8K,297.00,657.56,3
AS426NG8K,280.00,619.92,3
AS420NG8K,439.00,917.95,0
AS415NG8K,195.00,431.73,3
AS428NG8K,187.00,414.02,0
AS418NG8K,203.00,449.44,0
AS414NG8K,192.00,425.09,0
AS427NG8K,211.00,467.15,0
AS428BG8K,124.00,305.04,0
AS418BG8K,140.00,344.40,0
AS414BG8K,130.00,319.80,0
AS427BG8K,149.00,366.54,0
AS422NG8K,216.00,478.22,0
AS415BG8K,135.00,332.10,0
AS410NG8K,221.00,489.29,0
AS424NG8K,193.00,427.30,0
AS411NG8K,187.00,414.02,3
AS411BG8K,129.00,317.34,3
AS429BG8K,170.00,376.38,0
AS426BG8K,217.00,480.44,3
AS410BG8K,176.00,389.66,0
AS423BG8K,176.00,389.66,0
AS412BG8K,198.00,438.37,3
AS417BG8K,174.00,385.24,3
AS419NG8K,205.00,453.87,3
AS421NG8K,198.00,438.37,3
AS416NG8K,197.00,436.16,3
AS413BG8K,166.00,367.52,0
AS413NG8K,211.00,467.15,0
AS419BG8K,131.00,322.26,3
AS421BG8K,137.00,337.02,0
AS416BG8K,131.00,322.26,3
ALKC10MBU,22.00,70.36,0
ALKC10MBL,22.00,70.36,0
ALKC8MLAW,14.00,53.38,3
ALKC8MDB,14.00,53.38,0
ALKC7MDT,12.00,45.76,3
ALCYR0461NRH,79.00,233.21,0
ALCYR0462NRH,44.00,129.89,0
ALCYR0463NRH,38.00,121.52,0
AE7438RH,28.00,89.54,3
AE20831RH,20.00,63.96,3
AE20851ERH,18.00,57.56,0
AE20836RH,20.00,63.96,3
AE20868RH,20.00,63.96,3
AE20843RH,38.00,121.52,3
ME0080RH,26.00,83.15,0
AE20846RH,18.00,57.56,3
AE22448RH,34.00,108.73,3
ME0030RH,42.00,123.98,3
AE20848RH,18.00,57.56,3
AE22562RH,23.00,73.55,0
AE22565RH,24.00,76.75,3
ME0256RH,30.00,95.94,3
AE22439,25.00,79.95,3
AE20822RH,29.00,92.74,3
5E25548RH,39.84,127.41,0
5E26645RH,26.00,83.15,3
AP25272,31.00,99.14,0
AP25271,24.00,76.75,3
ALRZ00016BLACK,62.00,183.02,3
GR-27,37.00,118.33,3
BU-3W,37.00,118.33,3
CHRZ022,42.00,123.98,3
ŁYŻ-31,38.00,121.52,3
CHRZ021,35.00,111.93,3
E20645ERH,44.00,129.89,3
E20676ERH,28.00,89.54,3
E20627ERH,38.00,121.52,3
E19762ERH,29.00,92.74,3
E25088RH,47.00,138.74,3
E22830ERH,64.00,188.93,3
E24988ERH,40.00,127.92,3
E23245ERH,30.00,95.94,3
PK53,26.00,83.15,3
AS8514BRH,115.00,311.19,3
LU104G8KBLACK,112.00,303.07,3
LU104G8KRED,112.00,303.07,3
LU105G8KBLACK,126.00,309.96,3
LU105G8KRED,126.00,309.96,3
LU106G8KRED,105.00,284.13,3
LU106G8KBLACK,105.00,284.13,3
E22404ERH,65.85,194.39,0
NZ001G8K,134.00,329.64,0
NZ002G8K,203.00,449.44,3
NZ003G8K,124.00,305.04,0
NZ004G8K,134.00,329.64,0
NZ005G8K,127.00,312.42,0
NZ006G8K,240.00,531.36,3
NZ008G8K,165.00,365.31,3
NZ009G8K,103.00,278.72,0
NZ010G8K,126.00,309.96,0
NZ011G8K,102.00,276.01,3
NZ012G8K,113.00,305.78,3
NZ013G8K,128.00,314.88,0
NK0017EG8K,215.00,476.01,3
NK0019EG8K,180.00,398.52,3
NK0029EG8K,170.00,376.38,3
NK0036EG8K,266.00,588.92,3
NK005EG8K,142.00,349.32,3
NA002EG8K,288.00,637.63,0
NA003EG8K,245.00,542.43,0
NA006EG8K,205.00,453.87,3
NA008EG8K,238.00,526.93,3
NA011EG8K,192.00,425.09,3
NA012EG8K,243.00,538.00,3
NA013EG8K,237.00,524.72,3
NA014EG8K,338.00,706.76,3
NK001EG8K,174.00,385.24,3
NK003EG8K,182.00,402.95,3
NK004EG8K,113.00,305.78,3
NK006EG8K,140.00,344.40,0
NK007EG8K,185.00,409.59,3
NK008EG8K,167.00,369.74,0
NK009EG8K,130.00,319.80,0
NK0010EG8K,166.00,367.52,0
NK0011EG8K,214.00,473.80,3
NK0012EG8K,130.00,319.80,3
NK0013EG8K,206.00,456.08,3
NK0014EG8K,193.00,427.30,0
NK0016EG8K,215.00,476.01,3
NK0018EG8K,164.00,363.10,0
NK0021EG8K,174.00,385.24,3
NK0022EG8K,137.00,337.02,0
NK0023EG8K,143.00,351.78,3
NK0024EG8K,162.00,398.52,3
NK0025EG8K,215.00,476.01,3
NK0026EG8K,163.00,360.88,3
NK0027EG8K,165.00,365.31,3
NK0028EG8K,251.00,555.71,3
NK0030EG8K,204.00,451.66,3
NK0032EG8K,151.00,371.46,3
NK0033EG8K,246.00,544.64,3
NK0034EG8K,268.00,593.35,3
NK0035EG8K,158.00,388.68,0
NK0037EG8K,116.00,313.90,0
NK0038EG8K,164.00,363.10,0
NK0039EG8K,217.00,480.44,0
NK0040EG8K,181.00,400.73,3
A0821E8K+WS,266.00,588.92,3
PZE0109EG8K,177.00,391.88,0
EFE-0040,486.99,1018.30,0
EFE-0056,43.00,126.94,3
EFSE-0016,121.14,327.80,0
NK0042EG8K,126.00,309.96,0
NK0045EG8K,113.00,305.78,3
NK0046EG8K,123.00,302.58,0
NK0051EG8K,140.00,344.40,0
NK0048EG8K,116.00,313.90,0
NK0053EG8K,162.00,398.52,3
NK0054EG8K,116.00,313.90,0
NK0047EG8K,131.00,322.26,0
NK0049EG8K,172.00,380.81,0
NK0050EG8K,131.00,322.26,0
NK0052EG8K,166.00,367.52,3
NK0043EG8K,122.00,300.12,0
NK0044EG8K,243.00,538.00,0
NK0055EG8K,180.00,398.52,3
NZ014G8K,78.00,230.26,3
NZ015G8K,148.00,364.08,3
NZ016G8K,148.00,364.08,3
NZ017G8K,160.00,393.60,3
2E21504,18.00,57.56,3
AE22826ERH,35.00,111.93,0
ME04049A,38.00,121.52,3
RE0552ERH,25.00,79.95,3
RE0704ERH,18.00,57.56,3
RE0574ERH,38.00,121.52,3
RE0260ERH,25.00,79.95,3
RE0703ERH,20.00,63.96,3
RE0719ERH,16.00,61.01,3
RE0702ERH,20.00,63.96,0
1EA70187,24.00,76.75,0
RE0738ERH,18.00,57.56,0
RE0688ERH,23.00,73.55,3
RE0649ERH,29.00,92.74,3
RE0699ERH,23.00,73.55,0
RE0710ERH,16.00,61.01,0
RE0709ERH,17.00,54.37,0
RE0713ERH,24.00,76.75,0
RE0717ERH,26.00,83.15,0
CF004ERH,28.00,89.54,0
RE0737ERH,18.00,57.56,0
RE0540ERH,25.00,79.95,3
RE0728ERH,25.00,79.95,0
RE0731ERH,18.00,57.56,0
RE0097ERH,34.00,108.73,0
RE0725ERH,24.00,76.75,0
RE0739ERH,26.00,83.15,0
RE0340ERH,28.00,89.54,3
RE0410ERH,42.00,123.98,0
AE0531ERH,31.00,99.14,3
RE0177ERH,49.00,144.65,3
RE0477ERH,25.00,79.95,3
RE0502ERH,35.00,111.93,3
RE0506-1ERH,37.00,118.33,3
AE15743+1,44.00,129.89,0
AE15738+1,43.00,126.94,0
AE9987,40.00,127.92,0
AE12065+1,52.00,153.50,3
AE12064+1WHITE,43.00,126.94,3
CP003RY,25.00,79.95,3
CP001Y,26.00,83.15,3
PP0305Y,31.00,99.14,3
MP05133ARH+Y,35.00,111.93,0
CP011Y,30.00,95.94,3
CP011RH,30.00,95.94,0
PP0061RH,29.00,92.74,0
PP0305RH,31.00,99.14,0
CP003RH,25.00,79.95,0
CP001RH,26.00,83.15,0
YL76-19CM,35.00,111.93,3
YL13-19CM,35.00,111.93,3
YL72-19CM,35.00,111.93,3
YL19,28.00,89.54,0
YL32,28.00,89.54,0
YL24-19CM,35.00,111.93,3
YL31-19CM,35.00,111.93,3
YL21-17CM,35.00,111.93,3
YL18-17CM,35.00,111.93,3
YL44-17CM,35.00,111.93,3
YL64,28.00,89.54,0
YL67-19CM,35.00,111.93,3
YL63-17CM,35.00,111.93,3
YL14-19CM,35.00,111.93,3
YL56-17CM,35.00,111.93,3
YL06-17CM,35.00,111.93,3
YL07-19CM,35.00,111.93,3
YL29-17CM,35.00,111.93,3
YL11-17CM,35.00,111.93,3
YL42-17CM,35.00,111.93,3
YL50-17CM,35.00,111.93,3
YL40-17CM,35.00,111.93,3
YL33-19CM,35.00,111.93,3
SM-1,220.00,487.08,0
SV65,8.00,30.50,3
SV66,25.00,79.95,3
AN9490NRH,139.84,344.01,0
TGLBE-20018,36.00,115.13,0
AS7532PRH+Y,44.00,129.89,3
AS7531SETRH+Y,47.00,138.74,3
PE0448EY,31.00,99.14,0
RE0662EY-10MM,37.00,118.33,3
RE0649EY,30.00,95.94,3
RE0605EY,40.00,127.92,0
RE0627EY,29.00,92.74,0
RE0679EY,28.00,89.54,0
RE0422ERH,35.00,111.93,3
RE0422EY,35.00,111.93,3
RE0622EY,31.00,99.14,0
RE0623EY,38.00,121.52,3
RE0679ERH,34.00,108.73,3
RE0662ERH-10MM,37.00,118.33,3
RE0622ERH,31.00,99.14,0
RE0623ERH,38.00,121.52,3
PE0448ERH,31.00,99.14,3
RE0602ERH,35.00,111.93,0
RE0605ERH,37.00,118.33,0
RE0627ERH,29.00,92.74,0
RE0737EY,18.00,57.56,0
RE0713EY,24.00,76.75,0
RE0738EY,18.00,57.56,0
RE0699EY,23.00,73.55,0
RE0710EY,16.00,61.01,0
RE0552EY,25.00,79.95,3
RE0719EY,17.00,54.37,3
RE0704EY,18.00,57.56,3
RE0703EY,17.00,54.37,3
RE0709EY,20.00,63.96,3
RE0688EY,18.00,57.56,0
RE0260EY,25.00,79.95,3
RE0702EY,20.00,63.96,0
RE0717EY,30.00,95.94,3
RE0725EY,24.00,76.75,0
RE0728EY,25.00,79.95,3
RE0739EY,26.00,83.15,0
RE0731EY,18.00,57.56,3
RE0410EY,42.00,123.98,3
CF004EY,26.00,83.15,0
RE0574EY,38.00,121.52,3
RE0177EY,49.00,144.65,0
RE0477EY,25.00,79.95,3
RE0340EY,28.00,89.54,0
RE0506-1EY,37.00,118.33,3
RE0502EY,35.00,111.93,3
AE0531EY,31.00,99.14,3
RE0506-1NY,54.00,159.41,3
PN0222NY,60.00,177.12,3
PN0315NY,56.00,165.31,3
PN0277NY,47.00,138.74,3
PN0310NY,43.00,126.94,3
PN0309NY,40.00,127.92,3
PN0301NY,49.00,144.65,3
PN0320NY,92.00,248.95,3
PN0337NY,42.00,123.98,3
PN0311NY,61.00,180.07,3
PN0303NY,54.00,159.41,3
PN0190-3NY,49.00,144.65,3
PN0346NY,47.00,138.74,3
PN0315NRH,56.00,165.31,3
PN0222NRH,60.00,177.12,3
PN0277NRH,47.00,138.74,3
PN0309NRH,40.00,127.92,3
PN0337NRH,42.00,123.98,0
PN0310NRH,43.00,126.94,3
PN0311NRH,61.00,180.07,3
PN0320NRH,92.00,248.95,3
PN0346NRH,47.00,138.74,3
PN0301NRH,49.00,144.65,0
PN0303NRH,54.00,159.41,3
PN0190-3NRH,49.00,144.65,0
RE0506-1NRH,54.00,159.41,3
A001188+1NRH,53.00,156.46,3
AN1918RH+W,66.00,194.83,3
PN0303BY,38.00,121.52,3
PN0315BY,41.00,121.03,3
PN0309BY,28.00,89.54,3
PN0222BY,41.00,121.03,3
PN0310BY,30.00,95.94,3
PN0277BY,34.00,108.73,3
PN0320BY,49.00,144.65,3
PN0363BY,23.00,73.55,0
PN0190-3BY,37.00,118.33,3
AH014-TBY,52.00,153.50,3
AH011-TBY,50.00,147.60,3
AH014-TBY+1,67.00,197.78,3
RE0506-1BY,31.00,99.14,3
AH008-TBY,49.00,144.65,3
AH008-TBY+1,61.00,180.07,3
AH019-TBY+1,64.00,188.93,0
AH012-TBY+1,70.00,206.64,3
AH012-TBY,53.00,156.46,0
AH016-TBY,62.00,183.02,0
AH010-TBY,47.00,138.74,3
AN464BY,31.00,99.14,0
AH019-TBY,50.00,147.60,0
PN0277BRH,34.00,108.73,3
PN0222BRH,41.00,121.03,3
PN0315BRH,41.00,121.03,3
PN0363BRH,23.00,73.55,0
PN0310BRH,30.00,95.94,0
PN0309BRH,28.00,89.54,3
PN0320BRH,49.00,144.65,0
PN0303BRH,38.00,121.52,3
AH014-TBRH,52.00,153.50,3
AH014-TBRH+1,67.00,197.78,3
AH011-TBRH,50.00,147.60,0
AH012-TBRH,53.00,156.46,0
AH012-TBRH+1,70.00,206.64,3
AH019-TBRH+1,64.00,188.93,3
AH008-TBRH+1,61.00,180.07,3
AH019-TBRH,44.00,129.89,0
AH008-TBRH,42.00,123.98,3
RE0506-1BRH,31.00,99.14,3
PN0190-3BRH,37.00,118.33,0
AH010-TBRH,47.00,138.74,0
AH016-TBRH,62.00,183.02,3
480P2407,60.00,177.12,3
SP03361A,36.00,115.13,3
AP14635,17.00,54.37,3
RE0097EY,31.00,99.14,3
ALP001,884.00,1794.08,0
ALP001 14K,1176.00,2314.37,0
ALP002 14K,1051.00,2068.37,0
ALP006,76.00,224.35,3
ALP007,34.00,108.73,0
ALP009,41.00,121.03,3
ALP010,42.00,123.98,0
ALP012,64.00,188.93,0
ALP015,90.00,243.54,3
ALP018,49.00,144.65,0
ALP022,53.00,156.46,0
ALP023,70.00,206.64,0
ALP028,35.00,111.93,0
ALP017B,133.00,327.18,3
ALP027,52.00,153.50,3
ALP030,52.00,153.50,0
ALP031,67.00,197.78,3
ALP032,80.00,236.16,0
ALP185,77.00,227.30,3
ALP223,54.00,159.41,0
ALP204,56.00,165.31,0
ALP230,83.00,224.60,3
ALP231,48.00,141.70,0
ALP190,62.00,183.02,3
ALP120,28.00,89.54,0
ALP033,86.00,232.72,0
ALP035,52.00,153.50,3
ALP250,56.00,165.31,0
ALP202,67.00,197.78,3
ALP199,54.00,159.41,0
ALP191,67.00,197.78,0
ALP205,62.00,183.02,0
AP14020,82.00,221.89,0
AP14021,89.00,240.83,3
AP14023,82.00,221.89,0
AP14031RH,78.00,230.26,0
AP14026RH,104.00,281.42,3
AP14020RH,92.00,248.95,3
MVSE-0025C1RB,26.00,83.15,3
MVSE-0025C1RW,26.00,83.15,3
MVSE-0401RBO,55.00,162.36,0
MVSE-0401RWO,52.00,153.50,0
MVSP-0025C1RW,23.00,73.55,3
KM-E-0632ERH+1,34.00,108.73,0
MVSP-0497B,54.00,159.41,0
N02516,29.00,92.74,3
AH2311-MRH,120.00,324.72,3
HB-0567B2,86.00,232.72,3
HB-0564B1,78.00,230.26,0
HB-0569B1,73.00,215.50,0
TGLBE-30131,26.00,83.15,3
TGLBE-30140,55.00,162.36,3
CEL352NRH,38.00,121.52,0
CEL394-2BY,43.09,127.20,0
CEL399-3NY,69.92,206.40,0
ALSER0088E,13.00,49.57,0
ALCYR0137ERH,18.00,57.56,3
ALCYR0150ERH,28.00,89.54,3
503SE4000ERH,56.00,165.31,0
503SE4000PRH,37.00,118.33,0
EFSE-0010YG,24.00,76.75,3
AE23771RH,62.60,184.80,0
AE23748RH,95.94,259.61,0
RE0870RH,69.11,204.01,0
ALKJ0049KB,100.00,270.60,3
ALKJ0026KB,100.00,270.60,3
ALKJ0021NR,96.00,259.78,3
ALKJ0036NB,106.00,286.84,0
ALKJ0021NB,134.00,329.64,3
ALKJ0021BB,78.00,230.26,3
ALKJ0026NB,140.00,344.40,3
ALKJ0049NB,162.00,398.52,3
AN813NR,42.00,123.98,3
ALCYR0887K+AANG,73.00,215.50,0
ALCYR0887Z+A,58.00,171.22,0
ALCYR0888Z+A,84.00,227.30,0
ALCYR0889Z+R,67.00,197.78,0
ALCYR0889K+R,84.00,227.30,0
ALCYR0889K+W,84.00,227.30,0
ALCYR0889B+A,182.00,402.95,0
ALCYR0890B+A,136.00,334.56,0
ALCYR0890Z+A,42.00,123.98,0
ALCYR0891Z+R,48.00,141.70,0
ALCYR0892Z+R,60.00,177.12,0
ALCYR0893Z+A,44.00,129.89,0
ALCYR0893K+W,64.00,188.93,0
ALCYR0894K,58.00,171.22,0
ALCYR0894Z,53.00,156.46,0
ALCYR0895K,53.00,156.46,0
ALCYR0895Z+1,58.00,171.22,0
ALCYR0895Z+2,52.00,153.50,0
ALCYR0896ZR,48.00,141.70,0
ALCYR0896KR,70.00,206.64,0
ALCYR0897KW,55.00,162.36,0
ALCYR0897ZW,40.00,127.92,0
ALCYR0898KR,56.00,165.31,0
ALCYR0898ZR,34.00,108.73,0
ALCYR0898KA,56.00,165.31,0
ALCYR0899ZA,40.00,127.92,0
ALCYR0899ZR,40.00,127.92,0
ALCYR0899ZW,40.00,127.92,0
ALCYR0899KR,54.00,159.41,0
ALCYR0899KW,54.00,159.41,0
ALCYR0900KW+2,68.00,200.74,0
ALCYR0900ZW,49.00,144.65,3
ALCYR0901KW,67.00,197.78,0
ALCYR0901ZW,44.00,129.89,0
ALCYR0902BW,194.00,429.52,0
ALCYR0903KW,80.00,236.16,0
ALCYR0903KW,80.00,236.16,0
ALCYR0904KW,64.00,188.93,0
ALCYR0904ZW,76.00,224.35,0
ALCYR0905KW,50.00,147.60,0
ALCYR0905KW,73.00,215.50,0
ALCYR0906ZW,47.00,138.74,0
ALCYR0908ZW,44.00,129.89,0
ALCYR0908ZB,44.00,129.89,0
ALCYR0908KW,84.00,227.30,0
ALCYR0910KP,73.00,215.50,0
ALCYR0910ZW,40.00,127.92,0
ALCYR0910ZP,40.00,127.92,0
ALSS0515K,49.00,144.65,0
ALSS0516K,98.00,265.19,0
ALSS0515Z,28.00,89.54,0
ALCYR0913KWRH,104.00,281.42,0
ALCYR0913KWRH+Y,104.00,281.42,0
ALCYR0913ZWRH,64.00,188.93,0
ALCYR0913ZWRH+Y,64.00,188.93,0
ALCYR0914ZWRH,58.00,171.22,0
ALCYR0914KWRH+Y,83.00,224.60,0
ALCYR0915ZWRH+Y,53.00,156.46,0
ALCYR0916ZWRH+Y,54.00,159.41,0
ALSS0518ZWRH+Y,67.00,197.78,0
ALCYR0917ZWRH,58.00,171.22,0
ALCYR0918ZWRH+Y,55.00,162.36,0
ALCYR0919ZWRH+Y,53.00,156.46,0
ALCYR0919ZWRH+1,53.00,156.46,0
ALCYR0919ZWRH+2,53.00,156.46,0
ALCYR0920KWRH,53.00,156.46,0
ALCYR0920ZWRH,52.00,153.50,0
ALKJ0080KS,89.00,240.83,0
ALKJ0080ZS,52.00,153.50,0
ALKJ0081KS,43.00,126.94,0
ALKJ0081ZS,25.00,79.95,0
ALKJ0081BS,185.00,409.59,0
ALKJ0082KPLOX,40.00,127.92,0
CEL244NG8KWERONICA,230.00,509.22,0
V120BR,56.00,165.31,0
V116BR,390.24,815.99,0
V137BR,369.11,771.81,0
0637FB7823_BRW,437.40,914.60,0
ALZC13MMW+BLUE,30.89,98.79,0
ALZC13MMW+PINK,66.00,194.83,0
ALCYR0914PWRH,43.00,126.94,0
ALZC13MMW+MULTI,486.99,1018.30,0
EFE-0016,56.00,165.31,0
ALKJ0021KB,44.00,129.89,3
524E3027SET,82.00,221.89,3
ALCYR0919KWRH+1,86.00,232.72,0
545E1852SET,58.00,171.22,0
ALCYR0898ZA,34.00,108.73,0
ALCYR0907ZW,31.00,99.14,0
ALCYR0887K+ASZT,73.00,215.50,0
CEL352-1NRH,52.03,153.59,0
ALBEADS0297RH,47.00,138.74,3
ALBEADS0300,52.00,153.50,3
ALBEADS0301,53.00,156.46,0
ALBEADS0302,53.00,156.46,0
ME0340RH,61.00,180.07,3
ALD0130K,10.00,38.13,3
ALD0131K,24.00,76.75,0
ALD0132K,24.00,76.75,0
NO731-5E30145,23.00,73.55,3
LRK4MM-AMETHYST,12.00,45.76,0
LRK8MM-BLACK,24.00,76.75,3
LRK8MM-AMETHYST,24.00,76.75,0
LRK6MM-BLACK,17.00,54.37,0
LRK7MM-BLACK,18.00,57.56,0
LRK5MM-AMETHYST,13.00,49.57,0
LRK6MM-PINK,30.00,95.94,0
ALCYR0921K+C,14.00,53.38,0
ALCYR0922K+W,43.00,126.94,0
ALCYR0922K+R,43.00,126.94,0
ALCYR0923K+A,20.00,63.96,0
ALCYR0924K+W,23.00,73.55,0
ALCYR0925K+S,12.00,45.76,0
SN01554102001,47.00,138.74,3
CEL045NRH-1,53.00,156.46,3
ALKUL0022NRH,60.00,177.12,0
CELK03SR,31.00,99.14,3
CELK06SY,28.00,89.54,0
CELK6SR,28.00,89.54,0
CELK18R,26.00,83.15,3
CELK7SR,20.00,63.96,3
ALCYR0926ZRH,20.00,63.96,0
LRL8X6MM-RED,20.00,63.96,0
LRK8MM-RED,24.00,76.75,3
ALCYR0923K+W,20.00,63.96,0
LRL8X6MM-BLACK,20.00,63.96,0
LRL8X6MM-AMETHYST,20.00,63.96,0
LRK3MM-WHITE,11.00,41.94,0
LRK4MM-WHITE,13.00,49.57,0
LRK5MM-WHITE,13.00,49.57,0
LRK6MM-WHITE,17.00,54.37,3
LRK8MM-WHITE,23.00,73.55,3
LRK7MM-WHITE,18.00,57.56,3
LRL6X4MM-WHITE,12.00,45.76,0
LRL7X5MM-WHITE,17.00,54.37,3
LRL8X6MM-WHITE,18.00,57.56,3
LRK10MM-WHITE,28.00,89.54,3
LRD10MM-AMETHYST,29.00,92.74,0
LRD6MMRH-BLACK,20.00,63.96,3
LRD8MM-AMETHYST,16.00,61.01,0
LRD6MM-BLACK,20.00,63.96,0
LRD6MMA-AMETHYST,25.00,79.95,3
LRD8MM-BLACK,17.00,54.37,0
LRD10MM-BLACK,29.00,92.74,0
LRD8MM-WHITE,37.00,118.33,3
LRD3MM-WHITE,14.00,53.38,3
LRD5MM-WHITE,18.00,57.56,0
LRD4MM-WHITERH,18.00,57.56,3
LRD5MM-CHAMPAGNE,12.00,45.76,3
LRD6MM-WHITE,25.00,79.95,3
LRD10MM-WHITE,56.00,165.31,3
LRD8MM-EMERALD,16.00,61.01,0
LRD8MM-CHAMPAGNE,16.00,61.01,3
LRD8MM-PINK,17.00,54.37,3
LRD6MM-EMERALD,16.00,61.01,3
LRD6MM-CHAMPAGNE,14.00,53.38,3
ALSS0519KRH,62.00,183.02,0
ALD0133K,24.00,76.75,0
ALD0134K,24.00,76.75,0
ALD0135K,24.00,76.75,0
ALD0136K,24.00,76.75,0
ALD0137K,17.00,54.37,0
ALD0138K,17.00,54.37,0
ALD0139K,20.00,63.96,0
ALD0140K,20.00,63.96,0
ALD0141K,20.00,63.96,0
ALD0142K,16.00,61.01,0
ALD0143K,16.00,61.01,0
ALD0144K,16.00,61.01,0
ALKM0073SKSM+P,100.00,270.60,0
ALKM0066SKSM+P,100.00,270.60,0
ALKM0071SKSOX+P,100.00,270.60,0
ALKM0072SKSOX+P,97.00,262.48,0
ALKM0029SKSM+P,95.00,257.07,0
ALKM0065SKSM+P,90.00,243.54,0
ALKM0067SKSM+P,100.00,270.60,3
ALKM0068SKSM+P,100.00,270.60,0
ALKM0069SKSM+P,96.00,259.78,0
ALKM0070SKSM+P,97.00,262.48,3
ALKM0072SMSOX+P,182.00,402.95,3
ALKM0073SMSM+P,149.00,366.54,3
ALKM0066SMSM+P,154.00,378.84,3
ALKM0067SMSM+P,166.00,367.52,3
ALKM0071SMSOX+P,158.00,388.68,0
ALKM0065SMSM+P,176.00,389.66,3
ALKM0068SMSM+P,185.00,409.59,3
ALKM0069SMSM+P,184.00,407.38,3
ALKM0070SMSM+P,148.00,364.08,3
ALKM0029SMSM+P,184.00,407.38,3
E34-741-1EG8K,312.00,690.77,3
E34-832EG8K,319.00,706.27,3
E34-830EG8K-PINK,243.00,538.00,3
E34-830EG8K-WHITE,244.00,540.22,0
E34-830EG14K-WHITE,494.00,1032.95,3
E34-774EG14K,494.00,1032.95,3
CDL0251EG8K,275.00,608.85,3
CDL0234EG8K,377.00,788.31,0
CDL0251EG14K,560.00,1170.96,3
CDL0234EG14K,770.00,1562.71,0
PZE0294EG8K,206.00,456.08,3
PZE0294EG14K,424.00,886.58,3
E34-709EG8K,290.00,642.06,3
E34-709EG14K,585.00,1223.23,3
E34-710EG8K,275.00,608.85,3
E34-710EG14K,563.00,1177.23,0
E34-731-3EG14KBLACK,495.00,1035.05,3
E34-823EG8K,238.00,526.93,0
E34-868EG14K,509.00,1064.32,0
E34-823EG14K,482.00,1007.86,0
E34-868EG8K,250.00,553.50,3
E34-812EG14K,454.00,949.31,3
E34-812EG8K,226.00,500.36,3
E34-836EG8K,288.00,637.63,3
E34-836EG14K,582.00,1216.96,3
CDL0222EG8K,397.00,830.13,3
CDL0222EG14K,812.00,1647.95,3
CDL0221EG14K,789.00,1601.28,3
C1243EG8K,210.00,464.94,0
E34-859EG8K,277.00,613.28,3
E34-859EG14K,486.00,1016.23,3
C1243EG14K,395.00,825.94,0
CDL0227EG8K,281.00,622.13,3
CDL0238EG14K,454.00,949.31,3
CDL0227EG14K,688.00,1396.30,3
CDL0238EG8K,219.00,484.87,3
AZP1108PG8K,194.00,429.52,3
AZP1108PG14K,400.00,836.40,0
PAP0195PG14K,255.00,564.57,3
PAP0543PG8K,128.00,314.88,0
PAP0543PG14K,252.00,557.93,0
AZP1130PG8K,208.00,460.51,3
AZP1054PG14K,383.00,800.85,0
AZP1130PG14K,426.00,890.77,3
AZP1064PG14K,422.00,882.40,3
"CDL001EG14K-0,55",407.00,851.04,0
"CDL002EG14K-0,64",454.00,949.31,3
BRS-14BG14K,317.00,701.84,0
BBL0003BG14K,372.00,777.85,3
KP0115EG14K,325.00,719.55,3
PZE0207EG14K,295.00,653.13,0
PZE0332EG14K,408.00,853.13,3
PZE0449EG14K,428.00,894.95,3
PZE2067EG14K,448.00,936.77,3
KP0095EG14K,256.00,566.78,3
KP0203EG14K,431.00,901.22,3
KP0137EG14K,372.00,777.85,3
KP0104EG14K,289.00,639.85,3
PZE2076EG14K,363.00,759.03,3
KP0113EG14K,325.00,719.55,0
KP0157EG14K,395.00,825.94,0
PZE2087EG14K,215.00,476.01,0
BABYIDS24,13.00,49.57,0
BABYIDS25,14.00,53.38,0
BABYIDS22,14.00,53.38,0
BABYIDS21,18.00,57.56,0
BABYIDS23,17.00,54.37,0
BABYIDRH27,13.00,49.57,0
BABYIDY27,13.00,49.57,0
BABYIDY24,12.00,45.76,0
BABYIDS26,40.00,127.92,0
BABYIDRH26,40.00,127.92,0
PL976N14K,449.00,938.86,3
AS436BG14K,305.00,675.27,0
MMAL0208S,29.00,92.74,3
MMAL0207S,56.00,165.31,0
MMAL0209S,31.00,99.14,0
MMAL0210S,18.00,57.56,0
MMAL0211S,18.00,57.56,0
MMAL0212S,29.00,92.74,0
AS428BG14K,228.00,504.79,0
CEL177BG14K,311.00,688.55,0
CRAL0254S,40.00,127.92,0
CRAL0255S,30.00,95.94,0
CR006S,23.00,73.55,0
CRAL0253S,101.00,273.31,0
ROS0103M19,43.00,126.94,3
ROS0104M19,70.00,206.64,3
LRD6MM-RED,13.00,49.57,0
LRD10MM-RED,29.00,92.74,3
LRD6MM-SAPPHIRE,23.00,73.55,0
LRD8MM-RED,18.00,57.56,3
ALDEM0086KSZTRHB,12.00,45.76,3
AS428NG14K,347.00,725.58,0
AS421NG14K,380.00,794.58,3
HP004+H,18.00,57.56,3
HP004+T,18.00,57.56,0
AS400BG14K,234.00,518.08,0
MM2/3,20.00,63.96,0
M-079S,31.00,99.14,3
MMAL0038S,19.00,60.76,0
MMAL0092S,44.00,129.89,3
MMAL0133S,48.00,141.70,3
AZP1094PG14K,418.00,874.04,0
BRS-04BG14K,530.00,1108.23,0
BRS-08BG14K,595.00,1244.14,3
BRS-16NG14K,820.00,1664.19,0
BRS-02BG14K,560.00,1170.96,0
BRS-10BG14K,580.00,1212.78,0
ALKN0001NY+1,88.00,238.13,3
ALKN0002NY+1,88.00,238.13,3
ALKN0003NY+1,88.00,238.13,3
ALKN0004NY+1,88.00,238.13,0
ALKN0005NY+1,88.00,238.13,0
ALKN0006NY+1,88.00,238.13,3
ALKN0007NY+1,88.00,238.13,3
ALKN0008NY+1,88.00,238.13,3
ALKN0009NY+1,88.00,238.13,0
ALKN0010NY+1,88.00,238.13,3
ALKN0012NY+1,88.00,238.13,3
ALKN0013NY+1,88.00,238.13,0
ALKN0014NY+1,88.00,238.13,3
ALKN0015NY+1,88.00,238.13,3
ALKN0001NY+2,88.00,238.13,3
ALKN0002NY+2,88.00,238.13,0
ALKN0004NY+2,88.00,238.13,3
ALKN0005NY+2,88.00,238.13,3
ALKN0006NY+2,88.00,238.13,3
ALKN0007NY+2,88.00,238.13,0
ALKN0008NY+2,88.00,238.13,0
ALKN0009NY+2,88.00,238.13,3
ALKN0010NY+2,88.00,238.13,0
ALKN0011NY+1,88.00,238.13,3
ALKN0012NY+2,88.00,238.13,0
ALKN0011NY+2,88.00,238.13,0
ALKN0013NY+2,88.00,238.13,3
ALKN0014NY+2,88.00,238.13,3
ALKN0015NY+2,88.00,238.13,0
BRS-09BG14K,468.00,978.59,0
BRS-01BG14K,520.00,1087.32,0
ALRZ00031,60.98,180.01,0
LU046RED,38.00,121.52,3
LU003RED,28.00,89.54,3
LU007BLACK,28.00,89.54,3
LU017BLACK,28.00,89.54,0
LU107BLACK,37.00,118.33,3
ALMS022S,31.00,99.14,3
SE05211A,38.00,121.52,3
HP022,41.00,121.03,0
ALC175G14K,389.00,813.40,3
ALCN220G14K,382.00,798.76,3
CEL187NG8K,151.00,371.46,0
CEL187NG14K,333.00,696.30,3
AS437B14K,270.00,597.78,0
1397BR14K,222.00,491.51,3
AS439B14K,315.00,697.41,3
AS435B14K,311.00,688.55,0
AS442G14K,261.00,577.85,3
AS441K14K,437.00,913.77,0
AS440K14K,398.00,832.22,0
LU108G14KRED,252.00,557.93,3
LU109G14KRED,252.00,557.93,0
LU110G14KRED,252.00,557.93,0
LU111G14KRED,252.00,557.93,3
LU112G14KRED,252.00,557.93,3
LU113G14KRED,252.00,557.93,3
LU114G14KRED,252.00,557.93,3
LU115G14KRED,252.00,557.93,3
LU116G14KRED,252.00,557.93,3
LU117G14KRED,252.00,557.93,0
LU118G14KRED,252.00,557.93,0
LU119G14KRED,252.00,557.93,3
326-SET,64.00,188.93,0
327-SET,58.00,171.22,0
ALKCZ10MRD,18.00,57.56,3
ALKCZ8MRD,16.00,61.01,3
ALKCZ7MRD,13.00,49.57,3
ALKCZ6MRD,12.00,45.76,3
ALKCZ5MRD,12.00,45.76,3
ALKCZ4MRD,10.00,38.13,3
ALKCZ3MRD,10.00,38.13,3
ALKCZ2MRD,8.00,30.50,3
ALKCZ6MRDARE,13.00,49.57,3
ALKCZ6MRDAB,13.00,49.57,3
ALKCZ6MRDS,13.00,49.57,3
ALKCZ2MSR,7.00,26.69,3
ALKCZ6MRDGREEN,13.00,49.57,3
AS432N14K,504.00,1053.86,0
AS438B14K,527.00,1101.96,3
AS434N14K,398.00,832.22,3
AS433N14K,535.00,1118.68,3
E34-731-3EG8KWHITE,246.00,544.64,3
326-E,49.00,144.65,3
AE22812,33.00,105.53,3
ALJĘZ0001CZARNY,5.00,19.07,3
ALJĘZ0001SZAFIR,5.00,19.07,3
ALJĘZ0001TURKUS,5.00,19.07,3
ALJĘZ0001AQUA,5.00,19.07,3
ALJĘZ0001LAWENDA,5.00,19.07,3
ALJĘZ0001NIEBIESKI,5.00,19.07,3
ALJĘZ0001CZERWONY,5.00,19.07,3
ALJĘZ0001LIMONKA,5.00,19.07,3
ALJĘZ0001POMARAŃCZ,5.00,19.07,3
ALJĘZ0001RÓŻOWY,5.00,19.07,3
ALJĘZ0001BIAŁY,5.00,19.07,0
ALJĘZ0001ZŁOTO-AB,5.00,19.07,3
ALJĘZ0001ZŁOTO,5.00,19.07,3
ALJĘZ0001FIOLETOWY,5.00,19.07,0
ALJĘZ0001AB,5.00,19.07,0
ALJĘZ0002,5.00,19.07,3
ALJĘZ0003MULTIKOLOR,3.00,11.44,0
ALJĘZ0003AQUA,3.00,11.44,0
ALJĘZ0003SZAFIR,3.00,11.44,3
ALJĘZ0003FIOLET,3.00,11.44,3
ALJĘZ0003CZERWONY,3.00,11.44,3
ALJĘZ0004AQUA,5.00,19.07,0
ALJĘZ0004LIMONKA,5.00,19.07,3
ALJĘZ0004AB,5.00,19.07,0
ALJĘZ0004SZAFIR,5.00,19.07,3
ALJĘZ0004NIEBIESKI,5.00,19.07,3
ALJĘZ0004FIOLETOWY,5.00,19.07,3
ALJĘZ0004GRAFIT,5.00,19.07,3
ALJĘZ0004CZERWONY,5.00,19.07,3
ALJĘZ0005ZIELONY,5.00,19.07,3
ALJĘZ0005TURKUS,5.00,19.07,3
ALJĘZ0005CZERWONY,5.00,19.07,3
ALJĘZ0005FIOLET,5.00,19.07,3
ALJĘZ0005RÓŻOWY,5.00,19.07,3
ALJĘZ0005ZŁOTO,5.00,19.07,0
ALJĘZ0006FIOLET,5.00,19.07,3
ALJĘZ0006SZAFIR,5.00,19.07,3
ALJĘZ0006NIEBIESKI,5.00,19.07,3
ALJĘZ0006AQUA,5.00,19.07,3
ALJĘZ0006AB,5.00,19.07,3
ALJĘZ0006BIAŁY,5.00,19.07,0
ALJĘZ0006RÓŻOWY,5.00,19.07,3
ALJĘZ0006LIMONKA,5.00,19.07,3
ALJĘZ0007AB,5.00,19.07,3
ALJĘZ0007CZARNY,5.00,19.07,3
ALJĘZ0007ZŁOTY,5.00,19.07,3
ALJĘZ0007NIEBIESKI,5.00,19.07,3
ALJĘZ0007FIOLET,5.00,19.07,3
ALJĘZ0007AQUA,5.00,19.07,3
ALJĘZ0007RÓŻOWY,5.00,19.07,3
ALJĘZ0007CZERWONY,5.00,19.07,3
ALJĘZ0008AB,5.00,19.07,3
ALJĘZ0008BIAŁY,5.00,19.07,3
ALJĘZ0008SZAFIR,5.00,19.07,3
ALJĘZ0008AQUA,5.00,19.07,3
ALJĘZ0008NIEBIESKI,5.00,19.07,3
ALJĘZ0008RÓŻOWY,5.00,19.07,3
ALJĘZ0008CZERWONY,5.00,19.07,3
ALJĘZ0008FIOLET,5.00,19.07,3
ALJĘZ0008CZARNY,5.00,19.07,0
ALJĘZ0009BIAŁY,5.00,19.07,3
ALJĘZ0009SZAFIR,5.00,19.07,3
ALJĘZ0009NIEBIESKI,5.00,19.07,3
ALJĘZ0009CZERWONY,5.00,19.07,3
ALJĘZ0009CZARNY,5.00,19.07,3
ALJĘZ0009FIOLET,5.00,19.07,3
ALBREW0001RÓŻOWY,4.00,15.25,3
ALBREW0002LIMONKA,4.00,15.25,0
ALKC5MNB1/2,11.00,41.94,0
ALKC7MNB1/2,13.00,49.57,3
ALKC8MNB1/2,16.00,61.01,3
ALKC5MDB1/2,11.00,41.94,0
ALKC6MDB1/2,12.00,45.76,0
ALKC7MDB1/2,13.00,49.57,0
ALKC8MDB1/2,16.00,61.01,0
ALKC5MS1/2,11.00,41.94,0
ALKC7MS1/2,13.00,49.57,3
ALKC8MS1/2,16.00,61.01,0
ALKC8MB1/2,16.00,61.01,3
ALKC5MLB1/2,11.00,41.94,0
ALKC6MLB1/2,12.00,45.76,0
ALKC7MLB1/2,13.00,49.57,3
ALKC8MLB1/2,16.00,61.01,3
ALKC5MDG1/2,11.00,41.94,0
ALKC6MLT1/2,12.00,45.76,3
ALKC7MDG1/2,13.00,49.57,3
ALKC7MLT1/2,13.00,49.57,3
ALKC8MDG1/2,16.00,61.01,3
ALKC5MDT1/2,11.00,41.94,3
ALKC6MDT1/2,12.00,45.76,3
ALKC7MDT1/2,13.00,49.57,3
ALKC8MDT1/2,16.00,61.01,3
ALKC5MBL1/2,11.00,41.94,0
ALKC5MLG1/2,11.00,41.94,3
ALKC6MLG1/2,12.00,45.76,3
ALKC6MBL1/2,12.00,45.76,0
ALKC7MBL1/2,13.00,49.57,0
ALKC7MLG1/2,13.00,49.57,0
ALKC8MBL1/2,16.00,61.01,0
ALKC8MLG1/2,16.00,61.01,3
ALKC5MGR1/2,11.00,41.94,3
ALKC6MGR1/2,12.00,45.76,3
ALKC7MGR1/2,13.00,49.57,3
ALKC8MGR1/2,16.00,61.01,0
ALKC6MW1/2,18.00,57.56,3
ALKC8MW1/2,25.00,79.95,3
ALKC5MW1/2,11.00,41.94,3
ALKC7MW1/2,13.00,49.57,3
ALKC5MAB1/2,11.00,41.94,3
ALKC5MO1/2,11.00,41.94,3
ALKC5MBU1/2,11.00,41.94,3
ALKC6MAB1/2,12.00,45.76,3
ALKC6MBU1/2,12.00,45.76,0
ALKC7MAB1/2,13.00,49.57,0
ALKC7MO1/2,13.00,49.57,3
ALKC7MBU1/2,13.00,49.57,3
ALKC8MR1/2,16.00,61.01,3
ALKC8MBU1/2,16.00,61.01,0
ALKC8MAB1/2,16.00,61.01,0
ALKC5MGO1/2,11.00,41.94,3
ALKC6MGO1/2,12.00,45.76,3
ALKC6MBR1/2,12.00,45.76,3
ALKC7MGO1/2,13.00,49.57,3
ALKC7MBR1/2,13.00,49.57,3
ALKC8MGO1/2,16.00,61.01,3
ALKC8MBR1/2,16.00,61.01,3
ALKC5MBR1/2,11.00,41.94,3
ALKC5MY1/2,11.00,41.94,3
ALKC5MF1/2,11.00,41.94,3
ALKC6MY1/2,12.00,45.76,3
ALKC6MF1/2,12.00,45.76,0
ALKC7MF1/2,13.00,49.57,3
ALKC7MY1/2,13.00,49.57,3
ALKC8MY1/2,16.00,61.01,3
ALKC8MF1/2,16.00,61.01,0
ALKC5MP1/2,11.00,41.94,0
ALKC7MP1/2,13.00,49.57,3
ALKC8MP1/2,16.00,61.01,3
ALKC5MLP1/2,11.00,41.94,0
ALKC6MLP1/2,12.00,45.76,3
ALKC7MLP1/2,13.00,49.57,3
ALKC8MLP1/2,16.00,61.01,3
ALKC5MDV1/2,11.00,41.94,3
ALKC6MDV1/2,12.00,45.76,3
ALKC5MLAW1/2,11.00,41.94,3
ALKC6MV1/2,12.00,45.76,3
ALKC7MV1/2,13.00,49.57,3
ALKC7MDV1/2,13.00,49.57,3
ALKC8MV1/2,16.00,61.01,3
ALKC8MDV1/2,16.00,61.01,3
ALKC6MLV1/2,12.00,45.76,3
ALKC7MLV1/2,13.00,49.57,3
ALKC8MLV1/2,16.00,61.01,3
ALKC5MLV1/2,11.00,41.94,3
AP19979RH,62.00,183.02,0
BEAD109SHELL,30.00,95.94,0
BEAD111,25.00,79.95,0
BEAD111 BIRD,37.00,118.33,0
BEAD12,42.00,123.98,0
BEAD117,47.00,138.74,0
BEAD33,55.00,162.36,0
BEAD128,43.00,126.94,3
BEAD175,56.00,165.31,3
BEAD182,61.00,180.07,3
BEAD15,43.00,126.94,3
GS073YG,56.00,165.31,0
ALBEAD0112B,17.00,54.37,3
AP21244RH,60.00,177.12,3
DZ042,35.00,111.93,0
DZ125,67.00,197.78,0
DZ010RH,35.00,111.93,0
NEW91,41.00,121.03,0
NEW199,48.00,141.70,0
NEW210,41.00,121.03,0
NEW172,64.00,188.93,3
PAS209,43.00,126.94,0
QS0728RH-1,25.00,79.95,0
QS0792,37.00,118.33,0
QS0260RHYW,26.00,83.15,0
PAS304,61.00,180.07,0
GS009-1,43.00,126.94,3
GS009-2,42.00,123.98,0
BEAD26,42.00,123.98,0
BEAD90,62.00,183.02,0
BEAD92,47.00,138.74,0
BEAD092,38.00,121.52,0
BEAD140,54.00,159.41,3
BEAD177,47.00,138.74,0
BEAD165,48.00,141.70,0
NEW49,49.00,144.65,0
NEW74,61.00,180.07,0
NEW100,56.00,165.31,0
NEW155,49.00,144.65,3
NEW161,55.00,162.36,0
NEW195,68.00,200.74,0
GS025R,49.00,144.65,0
SY012,44.00,129.89,3
PAS029,70.00,206.64,0
LOCK58,49.00,144.65,0
LOCK49,61.00,180.07,0
SY067,47.00,138.74,0
ALP041,86.00,232.72,3
ALP042,84.00,227.30,3
ALP043,90.00,243.54,3
ALP039,100.00,270.60,3
ALP040,71.00,209.59,3
ALP036,119.00,322.01,3
ALP038,121.00,327.43,0
ALP045,82.00,221.89,0
ALP048,92.00,248.95,3
ALP044,74.00,218.45,3
ALP047,74.00,218.45,3
ALP054,62.00,183.02,3
ALP046,62.00,183.02,3
ALP049,56.00,165.31,3
ALP050,42.00,123.98,3
ALP052,52.00,153.50,3
ALP053,49.00,144.65,0
ALP051,52.00,153.50,3
JE93838EG9K,62.00,183.02,0
JE37674EG9K,80.00,236.16,0
PE0115EG9K,130.00,319.80,3
PE0116EG9K,172.00,380.81,3
PE0117EG9K,282.00,624.35,3
JE91106EG9K,128.00,314.88,0
FE3418EG9K,94.00,254.36,0
JE90176EG9K,110.00,297.66,0
OT4016E9K,115.00,311.19,0
JE36688EG9K,101.00,273.31,0
JP66851C9G9K,71.00,209.59,0
PE0114EG9K,92.00,248.95,0
YL13-17CM,35.00,111.93,0
YL31-17CM,35.00,111.93,0
YL33-17CM,35.00,111.93,0
YL67-17CM,35.00,111.93,3
YL72-17CM,35.00,111.93,0
YL07-17CM,35.00,111.93,3
YL24-17CM,35.00,111.93,0
YL76-17CM,35.00,111.93,3
MMAL0004B,64.00,188.93,3
AP24543RH,43.00,126.94,3
AP21319RH,67.00,197.78,3
AP20892RH,44.00,129.89,3
AP21097RH,44.00,129.89,3
AP20949RH,31.00,99.14,3
AP21019RH,43.00,126.94,3
AP21022RH,30.00,95.94,3
AP21088RH,49.00,144.65,3
AP24541RH,31.00,99.14,0
AP24542RH,43.00,126.94,3
AP21026RH,18.00,57.56,3
AP21027RH,44.00,129.89,0
AP21042RH,42.00,123.98,3
AP21037RH,31.00,99.14,3
AP21104RH,38.00,121.52,0
AP20919RH,38.00,121.52,0
AP20939RH,25.00,79.95,3
AP21021RH,31.00,99.14,0
AP20917RH,30.00,95.94,0
AE25118RH,42.00,123.98,3
AE25120RH-PINK,26.00,83.15,3
AE25121RH,29.00,92.74,0
AE25122Y,31.00,99.14,3
AE25125RH+G,31.00,99.14,3
AE25126RH+Y,31.00,99.14,3
AE25128RH,29.00,92.74,3
AE25131RH,26.00,83.15,3
AP24545RH,38.00,121.52,3
AP20891RH,130.00,319.80,3
AP20934RH,48.00,141.70,0
AP20937RH,28.00,89.54,0
AP21018RH,52.00,153.50,3
AP20899RH,17.00,54.37,3
AP20902RH,19.00,60.76,3
AP20905RH,19.00,60.76,3
AE25123RH,35.00,111.93,3
AE25124RH,25.00,79.95,3
AE25127RH,28.00,89.54,3
AE25130Y,35.00,111.93,3
AP24530RH,43.00,126.94,0
AP24527G,58.00,171.22,3
AP24544RH+Y,44.00,129.89,0
AP24524RH+Y,49.00,144.65,0
AE25129RH,28.00,89.54,0
AP24550Y,74.00,218.45,3
AP24546RH+G,35.00,111.93,3
AP24547RH+Y,28.00,89.54,0
AP24548RH+Y,28.00,89.54,3
AP24549Y+G,35.00,111.93,3
AH9313-BIAŁY,76.00,224.35,3
AH9313-SZAFIR,76.00,224.35,3
AH9313-AMETYST,76.00,224.35,3
AH9313-FUKSJA,76.00,224.35,3
AH9313-CZARNY,76.00,224.35,3
AH9315RH,41.00,121.03,3
PN0346BRH,35.00,111.93,3
PN0346BY,37.00,118.33,3
AH017BRH,62.00,183.02,3
AH017BY,62.00,183.02,3
AH013BY,77.00,227.30,3
AH013BRH,77.00,227.30,0
AH9314-AMETYST,140.00,344.40,3
AH006BRH,66.00,194.83,3
AH006BY,66.00,194.83,3
AH018BRH,60.00,177.12,3
AH018BY,60.00,177.12,3
PN0363NRH,31.00,99.14,0
PN0363NY,35.00,111.93,0
AN8844RH,83.00,224.60,3
PN0330NRH,38.00,121.52,3
PN0330NY,38.00,121.52,3
PN0340NRH,37.00,118.33,3
PN0340NY,40.00,127.92,3
AH9316Y,82.00,221.89,3
AH9317Y,61.00,180.07,3
AH9318Y,133.00,327.18,3
AH9319Y,251.00,555.71,3
AH013NRH,102.00,276.01,0
AH013NY,102.00,276.01,3
YL27-17CM,35.00,111.93,0
YL28-17CM,35.00,111.93,0
YL35-17CM,35.00,111.93,3
YL26-17CM,35.00,111.93,3
YL53,35.00,111.93,3
YL74-17CM,35.00,111.93,3
YL45-17CM,35.00,111.93,0
YL73-17CM,35.00,111.93,3
YL51-17CM,35.00,111.93,3
YL68-17CM,35.00,111.93,3
YL60-17CM,35.00,111.93,0
YL61-17CM,35.00,111.93,0
YL37-17CM,35.00,111.93,3
YL05-17CM,35.00,111.93,3
YL12-17CM,35.00,111.93,0
YL65-17CM,35.00,111.93,3
YL01-17CM,35.00,111.93,3
YL04-17CM,35.00,111.93,0
YL08-17CM,35.00,111.93,3
ALCYR0900KW+1,56.00,165.31,0
AP13818-1,25.00,79.95,0
AP13818-2,25.00,79.95,3
P1772RH,30.00,95.94,3
AP13809-1,25.00,79.95,0
AP13817-1,25.00,79.95,0
AP13817-2,25.00,79.95,3
AP13809-2,25.00,79.95,3
TE6017,42.00,123.98,3
TE6017 X,42.00,123.98,3
AP13971RH,28.00,89.54,0
ALP037,118.00,319.31,0
CR51P,82.00,221.89,3
MMAL0137S,34.00,108.73,3
AE10185RH,38.00,121.52,0
E7697,53.00,156.46,0
E-0668ERH,24.00,76.75,0
AE7709RH,35.00,111.93,3
AE10270ERH-1,28.00,89.54,3
AE24815RH,30.00,95.94,3
AT005,73.00,215.50,3
AT024,36.00,115.13,3
CRAL0232S,29.00,92.74,3
MMAL0165S,31.00,99.14,3
MMAL0083S+1,31.00,99.14,3
MMAL0158S+1,94.00,254.36,3
CR443RH-1,82.00,221.89,3
CR1174+1,28.00,89.54,3
MVSE-0016ERS,48.00,141.70,3
MVSE-0016ERR,53.00,156.46,3
PEARL-6MMRW,18.00,57.56,0
SET-2488E1RH-WHITE,61.00,180.07,3
SET-2488E1RHRED,56.00,165.31,3
YL66-17CM,35.00,111.93,0
E-0721KMRH-2,26.00,83.15,0
E-0721KMRH-3,34.00,108.73,0
E-0721KMRH-4,25.00,79.95,3
E-0721KMRH-7,34.00,108.73,3
SET-1818E,47.00,138.74,3
E-1173,89.00,240.83,0
HP-0098,56.00,165.31,3
SET-1897E2,49.00,144.65,3
HP-0097,56.00,165.31,3
E-0489,91.00,246.25,3
BB-0107,66.00,194.83,3
BB-0106,84.00,227.30,3
HB-0585,29.00,92.74,3
B-0221,26.00,83.15,3
B-0663BS,26.00,83.15,3
B-125S,25.00,79.95,3
B-0120S,26.00,83.15,3
CC-1815BS,26.00,83.15,3
HB-1086BS,25.00,79.95,3
B-0118S,25.00,79.95,3
ALZC10MW2HOLES,7.00,26.69,3
ALZC6MW2HOLES,4.00,15.25,3
ALZC8MW2HOLES,5.00,19.07,3
ALKC6MO1/2,12.00,45.76,3
ALKC9MB,17.00,54.37,3
ALKC9MW+B,17.00,54.37,3
KC0042,17.00,54.37,3
KC0043,17.00,54.37,3
KRC040,43.00,126.94,3
KRC039,43.00,126.94,3
KRC038,43.00,126.94,3
KRC037,43.00,126.94,3
E0909ERH,17.00,54.37,0
AE22795,38.00,121.52,3
ALCYR0060BRH,120.00,324.72,0
ALCYR0626E,31.00,99.14,3
ALCYR0627E,31.00,99.14,3
ALCYR0628E,31.00,99.14,3
ALZC12MR,12.00,45.76,0
ALZC12MM,12.00,45.76,3
ALZC16MMRWHT,24.00,76.75,3
ALZC12MS,12.00,45.76,0
ALZC12MF,12.00,45.76,3
ALZC12MP,12.00,45.76,3
ALZC12MA,12.00,45.76,3
ALZC12MY,12.00,45.76,3
ALZC12MLP,12.00,45.76,3
ALZC12MG,12.00,45.76,3
ALZC12MAB,12.00,45.76,0
ALZC12MO,12.00,45.76,3
ALZC12MB,12.00,45.76,3
RE0337,17.00,54.37,3
ALKC5MLT1/2,11.00,41.94,0
SV64,39.84,127.41,0
SN-4250-BR,41.00,121.03,3
SN-4250Y,61.00,180.07,3
AC130406BRH,25.00,79.95,0
AC130802NRH,35.00,111.93,0
433P3905,41.00,121.03,0
P14767RH,67.00,197.78,3
P14760RH,56.00,165.31,3
ALSER0049ZRH,35.00,111.93,0
AP201RH,26.00,83.15,0
AP1954RH,29.00,92.74,0
SET-2347E,44.00,129.89,3
SET-2347P,56.00,165.31,3
SP03436A,29.00,92.74,3
SP04007A,34.00,108.73,3
AE3959-NRH,31.00,99.14,3
FE0967S,43.00,126.94,3
AE8528,38.00,121.52,3
AE8519,37.00,118.33,3
HP008,25.00,79.95,3
ME0028,29.00,92.74,3
TE6079,17.00,54.37,3
TE6080,14.00,53.38,3
ALCYR0208PRH-WHITE,25.00,79.95,0
E18961+1,54.00,159.41,3
ALCYR0001ZRH+1,24.00,76.75,0
SP13950100001RH+1,40.00,127.92,0
MVSE-0016ERF,41.00,121.03,3
AE25298,28.00,89.54,3
5MM,23.00,73.55,3
5MM EARRING RH,23.00,73.55,3
AH9512BY,62.00,183.02,3
AH9512BY 5MM,62.00,183.02,3
AH9515BY,62.00,183.02,3
AH9515BY 5MM,62.00,183.02,3
AH9516BY,62.00,183.02,3
AH9516BY 5MM,62.00,183.02,3
AH9508BY,62.00,183.02,3
AH9508BY 5MM,62.00,183.02,3
AH9514BY,62.00,183.02,3
AH9514BY 5MM,62.00,183.02,3
AH9517BY,62.00,183.02,3
AH9517BY 5MM,62.00,183.02,3
AH9518BY,62.00,183.02,3
AH9518BY 5MM,62.00,183.02,3
AH9833BY,62.00,183.02,3
AH9833BY 5MM,62.00,183.02,3
AH9513BY,62.00,183.02,3
AH9513BY 4MM,62.00,183.02,3
AH9832BY,62.00,183.02,3
AH9832BY 5MM,62.00,183.02,3
AH9832BY-1,43.00,126.94,0
AH9832BY-1 5MM,62.00,183.02,0
AH9510BY,62.00,183.02,3
AH9510BY 5MM,62.00,183.02,3
AH9519BY,62.00,183.02,3
AH9519BY 6MM,62.00,183.02,3
AH9520BY,43.00,126.94,0
AH9520BY 6MM,62.00,183.02,0
AH9507BY,43.00,126.94,0
AH9507BY 6MM,62.00,183.02,0
AH9511BY,62.00,183.02,3
AH9511BY 6MM,62.00,183.02,3
AH9522BY,62.00,183.02,3
AH9522BY 4MM,62.00,183.02,3
AP24734,49.00,144.65,3
AP24575,61.00,180.07,3
AP24579,86.00,232.72,3
AP24578,74.00,218.45,0
AP24580,67.00,197.78,3
AP24576,71.00,209.59,3
AP24583,78.00,230.26,3
AP24577,84.00,227.30,0
AP24582,66.00,194.83,3
AP24584,76.00,224.35,3
AP24581,78.00,230.26,3
LU074G14KBLACK,136.00,334.56,0
LU074G14KRED,136.00,334.56,0
LU073G14KBLACK,113.00,305.78,0
LU075G14KRED,113.00,305.78,0
AN7127NRH,64.00,188.93,3
CEL902NR,31.00,99.14,3
CEL903NR,31.00,99.14,3
CEL904NR,31.00,99.14,3
CEL916NRH,28.00,89.54,3
AN7006NRH,26.00,83.15,3
CEL905NR,37.00,118.33,3
CEL901NRH,25.00,79.95,3
ALSPIN005N,102.00,276.01,3
CEL901NY,25.00,79.95,3
CEL906NY,37.00,118.33,3
ALSS0478NY,56.00,165.31,3
ALSS0481NY,64.00,188.93,3
CEL907-1BY,25.00,79.95,0
CEL907-2BY,25.00,79.95,3
AH2185,56.00,165.31,0
BRC004,43.00,126.94,3
NRC004,52.00,153.50,3
NRC007,84.00,227.30,3
NRC0040,83.00,224.60,3
ZRC001WHITE,8.00,30.50,3
ZRC001RED,8.00,30.50,3
ZRC002WHITE,10.00,38.13,3
ZRC003WHITE,13.00,49.57,3
ZRC004WHITE,16.00,61.01,3
ZRC003RED,13.00,49.57,3
ZRC004RED,16.00,61.01,3
AH001BR,8.00,30.50,3
AH002BR,8.00,30.50,3
LU120G14KRED,200.00,442.80,3
LU120G14KBLACK,164.00,363.10,0
ALBEAD0164S,17.00,54.37,3
FE0967B,43.00,126.94,3
ALKJ0075B,14.00,53.38,3
ALKJ0077B,26.00,83.15,3
ALKJ0078B,26.00,83.15,3
YL103BRH-19CM,35.00,111.93,0
YL104BRH-19CM,35.00,111.93,0
YL106BRH-19CM,35.00,111.93,3
YL108BRH-20CM,35.00,111.93,0
YL111BRH-19CM,35.00,111.93,0
YL112BRH-18CM,35.00,111.93,0
YL113BRH-18CM,35.00,111.93,0
YL113BY-18CM,35.00,111.93,0
YL114BRH-19CM,35.00,111.93,0
YL100BY-20CM,35.00,111.93,3
YL101BY-19CM,35.00,111.93,0
"YL102BY-18,5CM",35.00,111.93,0
YL103BY-19CM,35.00,111.93,0
YL105BY-19CM,35.00,111.93,0
YL107BY-19CM,35.00,111.93,3
YL109BY-19CM,35.00,111.93,0
YL110BRH-19CM,35.00,111.93,0
YL110BY-19CM,35.00,111.93,0
YL111BY-19CM,35.00,111.93,0
ALMJ0015,54.00,159.41,3
ALMJ0014,12.00,45.76,0
ALMJ0001Z,67.00,197.78,3
ALMJ0001B+1,109.00,294.95,0
ALMJ0001B+2,188.00,416.23,0
ALMJ0004B,155.00,381.30,3
ALMJ0002B,115.00,311.19,3
ALKJ0084K,82.00,221.89,0
ALKJ0085K,78.00,230.26,3
ALMJ0016B,139.00,341.94,0
ALMJ0001B+3,90.00,243.54,0
ALMJ0017B,116.00,313.90,0
ALMJ0001K+1,49.00,144.65,0
ALMJ0002K+1,30.00,95.94,0
ALMJ0017K,68.00,200.74,0
CEL399BY,24.00,76.75,3
CEL401BY,26.00,83.15,3
CEL402BY,25.00,79.95,0
CEL400BY,31.00,99.14,3
CEL403NRH,42.00,123.98,3
CEL404NRH,41.00,121.03,3
CEL405NRH,37.00,118.33,3
CEL406NRH,31.00,99.14,3
CEL407NRH,38.00,121.52,3
SEJ0073A,29.00,92.74,3
CEL408NS,44.00,129.89,3
CEL409NS,44.00,129.89,3
CEL410NS,43.00,126.94,3
E15261,49.00,144.65,3
E15261A,52.00,153.50,3
CEL392NY,44.00,129.89,3
CEL394NY,29.00,92.74,3
CEL395NY,40.00,127.92,3
CEL393NY,42.00,123.98,3
ALC099NY,37.00,118.33,3
CEL396NY,41.00,121.03,3
CEL398NY,31.00,99.14,3
CEL399NY,42.00,123.98,3
ALP055,31.00,99.14,3
PL0214BG14K+1,409.00,855.22,3
CN01662BG14K+1,364.00,761.12,0
ALKP01,48.00,141.70,3
AP24857,70.00,206.64,3
AP24860RH+Y,55.00,162.36,3
AP24858RH+G,38.00,121.52,3
AP24059RH,40.00,127.92,3
AN9111NY,78.00,230.26,3
AN9109NY,60.00,177.12,3
AN9110NRH+Y,74.00,218.45,3
AH9439BY,70.00,206.64,3
AH9439BRH,71.00,209.59,3
AH9505BRH,77.00,227.30,3
AH9505BY,86.00,232.72,3
AE8514RH,88.00,238.13,0
AE25759KRH,28.00,89.54,3
AE25760KRH,26.00,83.15,3
AE25764KRH,43.00,126.94,3
AE25763KRH,28.00,89.54,0
AE25762KRH,41.00,121.03,3
E05086A,40.00,127.92,3
AE25755KRH,43.00,126.94,3
AP25806KRH,78.00,230.26,3
AE25753KY,47.00,138.74,3
AE25601KRH,100.00,270.60,3
AE25754-2KY,30.00,95.94,3
AE25754-1KG,28.00,89.54,3
AE25752KY,34.00,108.73,3
AE25752KY,34.00,108.73,3
AE25600KY,43.00,126.94,3
AE25628,55.00,162.36,3
AE25757KY,53.00,156.46,0
AE25756KG,91.00,246.25,3
AE25626KY,56.00,165.31,3
AE25627,43.00,126.94,3
PL1021NG14K,397.00,830.13,3
PL1021BG14K,262.00,580.07,3
PL1008NG14K,426.00,890.77,3
PL0988BG14K,640.00,1338.24,3
PL0218KKS14K+1,334.00,698.39,0
PL1044EG14K,316.00,699.62,3
PL1008BG14K,252.00,557.93,0
Z/004G14K,101.00,273.31,3
PL0460BG14K,338.00,706.76,0
PAS184-1,38.00,121.52,0
AP9178Y,30.00,95.94,0
1EA78664,28.00,89.54,0
2E12742,29.00,92.74,3
452E5521,30.00,95.94,3
E12247,55.00,162.36,3
NO731-5E26463,20.00,63.96,3
RE0335,20.00,63.96,3
AE3176RH,25.00,79.95,0
AE7374RH,38.00,121.52,3
AE7736RH,37.00,118.33,0
AE24219RH,30.00,95.94,3
LRDB4MMW+1,17.00,54.37,3
AE25758KY,68.00,200.74,3
NCC0093C,56.00,165.31,0
ALC202G14K,358.00,748.58,0
ALC191G14K,382.00,798.76,0
CN1026NG14K,407.00,851.04,3
23936BG,143.00,351.78,0
SMT-1023K,37.00,118.33,0
16123BH+Z,392.00,819.67,0
ALSS0458NRH,53.00,156.46,0
13621BH/Z,348.00,727.67,0
ALSW0055KAB,95.00,257.07,3
FAK018,54.00,159.41,0
FAB018,28.00,89.54,0
FAN050,56.00,165.31,0
AS3096-1,26.00,83.15,3
ALCYR0119RHSET,29.00,92.74,3
SET0061,29.00,92.74,3
AE2808E+P,74.00,218.45,3
E+PAE2204RH,52.00,153.50,0
13497E-20MM,121.00,327.43,3
17973P,58.00,171.22,3
29734E,88.00,238.13,3
14091BH,311.00,688.55,0
17948E,82.00,221.89,3
18912E,76.00,224.35,3
ROS0116M60,202.00,447.23,3
28711BG,190.00,420.66,0
17694B,364.00,761.12,0
23832BG,205.00,453.87,0
18432BG,222.00,491.51,3
27343BG,205.00,453.87,3
26110BG,215.00,476.01,0
17377BG,317.00,701.84,0
28676BG,208.00,460.51,0
29006BG,227.00,502.58,0
23817BG,300.00,664.20,0
28535BG,293.00,648.70,3
23968BG,256.00,566.78,0
28529BG,234.00,518.08,3
19580BG,242.00,535.79,3
25399BG,305.00,675.27,3
KJ0015N,37.00,118.33,3
KJ0016N,37.00,118.33,0
KJ0018N,37.00,118.33,3
KJ0017N,37.00,118.33,3
KJ0020N,37.00,118.33,3
KJ0021N,37.00,118.33,3
KJ0022N,37.00,118.33,3
KJ0015K,37.00,118.33,3
KJ0016K,37.00,118.33,3
KJ0017K,37.00,118.33,3
KJ0018K,37.00,118.33,3
KJ0020K,37.00,118.33,3
KJ0021K,37.00,118.33,3
KJ0022K,37.00,118.33,3
KJ0015B,29.00,92.74,3
KJ0017B,29.00,92.74,3
KJ0018B,29.00,92.74,3
KJ0020B,29.00,92.74,3
KJ0021B,29.00,92.74,3
KJ0022B,29.00,92.74,3
ALSER0089N,37.00,118.33,3
SIL0020N,37.00,118.33,3
SIL0021N,37.00,118.33,3
KJ0023N,37.00,118.33,3
KM0001N,37.00,118.33,3
XAGLO-00003,99.00,267.89,0
XAGLO-00005,99.00,267.89,0
XBRBE-00005,45.00,132.84,0
XBRBE-30004,75.00,221.40,0
XBRBE-40001,75.00,221.40,0
XAGBE-50028,99.00,267.89,0
XAGBE-50030,99.00,267.89,0
XAGBE-50018,99.00,267.89,0
XAGBE-50017,90.00,243.54,0
XAGBE-30012,72.00,212.54,0
XAGBE-20037,99.00,267.89,0
XAGBE-10003,54.00,159.41,0
XAGBE-20035,55.00,162.36,0
XAGBE-20034,55.00,162.36,0
XAGBE-20031,45.00,132.84,3
XAGBE-20030,63.00,185.98,0
XAGBE-40024,81.00,239.11,0
XAGBE-40021,90.00,243.54,0
XAGBE-00001,99.00,267.89,0
XAGBE-50015,90.00,243.54,0
XAGBE-40016,90.00,243.54,0
XAGBE-50012,90.00,243.54,0
XAGBE-40014,90.00,243.54,0
XAGBE-20016,63.00,185.98,0
XAGBE-50006,90.00,243.54,0
XAGBR-00005,72.00,212.54,0
XAGBE-50010,63.00,185.98,0
XAGBE-50014,65.80,194.24,0
XAGBE-40011,90.00,243.54,0
XAGBE-30005,63.00,185.98,0
XAGBE-20020,54.00,159.41,0
XAGBE-40002,90.00,243.54,0
XAGBE-60004,99.00,267.89,0
XAGBE-20029,63.00,185.98,0
XAGBE-40006,94.00,254.36,0
XAGBE-40005,90.00,243.54,0
XAGBE-40008,85.00,230.01,0
XAGBE-40012,81.00,239.11,0
XBRBE-00002,27.00,86.35,0
XAGBE-30008,45.00,132.84,0
XAGBE-40023,54.00,159.41,0
XAGBE-40009,81.00,239.11,0
XAGBE-30002,85.00,230.01,0
XAGBE-20033,54.00,159.41,0
XAGBE-40038,81.00,239.11,0
XAGBE-30011,63.00,185.98,0
XAGBE-40007,81.00,239.11,0
XAGBE-60003,72.00,212.54,0
XAGBE-20041,40.00,127.92,0
XAGBE-30032,55.00,162.36,0
XAGBE-30033,55.00,162.36,0
XAGBE-20005,47.00,138.74,0
XAGBE-40003,75.00,221.40,0
XAGBE-40004,94.00,254.36,0
XAGBE-30028,54.00,159.41,0
XAGBE-30027,54.00,159.41,0
XBRBE-10009,36.00,115.13,0
XBRBE-10008,36.00,115.13,0
XRUBE-00025,3.00,11.44,3
XAGBE-50044,75.00,221.40,0
XAGBE-70001,92.00,248.95,0
XAGBE-20028,56.50,166.79,0
XAGBE-50045,75.00,221.40,0
XAGBE-70002,90.00,243.54,0
XAGBE-40040,63.00,185.98,0
XAGBE60006,81.00,239.11,0
XAGPE-0003,312.00,690.77,0
XCONE-00006,50.00,147.60,0
XCONE-00010,50.00,147.60,0
XCONE-00007,50.00,147.60,0
XCONE-00016,38.00,121.52,0
XBRBE-00006,47.00,138.74,0
XAGBR-00003,103.50,280.07,0
XAGLO-00002,99.00,267.89,0
XAGBE-30001,81.00,239.11,0
XAGBE-60005,85.00,230.01,0
XAGBE-50003,63.00,185.98,0
XAGBE-50002,63.00,185.98,0
XAGBE-50001,63.00,185.98,0
XAGBE-20011,54.00,159.41,0
XAGBE-50033,99.00,267.89,0
XAGBE-50022,99.00,267.89,0
XAGBE-20012,56.50,166.79,0
XAGBE-20019,50.00,147.60,0
XAGBE-50041,99.00,267.89,0
XRUBO-00020,135.00,332.10,0
XRUBO-00022,135.00,332.10,0
XRUBE-00001,3.00,11.44,3
XRUBE-00002,3.00,11.44,3
XRUBE-00003,3.00,11.44,3
XRUBE-00004,3.00,11.44,3
XRUBE-00005,3.00,11.44,3
XRUBE-00006,3.00,11.44,3
XRUBE-00007,3.00,11.44,3
XRUBE-00008,3.00,11.44,3
XRUBE-00009,3.00,11.44,3
XRUBE-00010,3.00,11.44,3
XRUBE-00012,3.00,11.44,3
XRUBE-00011,3.00,11.44,3
XRUBE-00013,3.00,11.44,3
XRUBE-00014,3.00,11.44,3
XRUBE-00020,3.00,11.44,3
XRUBE-00022,3.00,11.44,3
XRUBE-00021,3.00,11.44,3
XRUBE-00024,3.00,11.44,3
XRUBE-00023,3.00,11.44,3
XRUBE-00026,3.00,11.44,3
XRUBE-00015,3.00,11.44,3
XRUBE-00016,3.00,11.44,3
XRUBE-00017,3.00,11.44,3
XRUBE-00018,3.00,11.44,3
XRUBE-00019,3.00,11.44,3
KN008,29.00,92.74,0
KN009,29.00,92.74,0
KJ0019N,37.00,118.33,3
KJ0019K,37.00,118.33,3
KJ0019B,29.00,92.74,3
CC-1874+HP-007RH+Y,26.00,83.15,0
CAM022B,156.00,383.76,3
ALMJ0018B,143.00,351.78,3
CC-1874+HP-007RH+1,26.00,83.15,3
ALCYR0517PRH,17.00,54.37,0
AP25090RH+Y,41.00,121.03,3
AP25091RH,49.00,144.65,0
CAM021,62.00,183.02,3
A001229-P,35.00,111.93,3
A001229-P X,35.00,111.93,3
AH10145RH,55.00,162.36,3
AH10144RH,77.00,227.30,3
CN093NRH,55.00,162.36,3
CN093NY,55.00,162.36,3
CN087BRH,34.00,108.73,3
CN087BY,34.00,108.73,3
CN086BRH,34.00,108.73,3
CH004BRH,43.00,126.94,3
CH004BY,43.00,126.94,0
CN061NRH,73.00,215.50,3
CN061NY,73.00,215.50,3
CN063NRH,58.00,171.22,3
CH006BRH,37.00,118.33,3
CH006BY,37.00,118.33,3
CN063NY,58.00,171.22,3
CN064NRH,47.00,138.74,3
CN064NY,47.00,138.74,3
CH007BRH,52.00,153.50,3
CH007BY,52.00,153.50,3
ROS0103M65+8,126.00,309.96,0
ROS0103M64,109.00,294.95,3
ROS0103M64+1,116.00,313.90,3
SE00080100001,18.00,57.56,3
AE5533Y,20.00,63.96,0
SETEW003RH,26.00,83.15,0
OM14S-34MM,92.00,248.95,3
OM14Y-34MM,107.00,289.54,3
OM193Y-34MM,88.00,238.13,3
OM193S-34MM,76.00,224.35,3
OM14S-24MM,66.00,194.83,3
OM14Y-24MM,76.00,224.35,3
ON3P6S-34MM,139.00,341.94,3
ON3P6Y-34MM,160.00,393.60,3
OM44S-23MM,82.00,221.89,3
OM44Y-23MM,95.00,257.07,3
OM154S-22MM,77.00,227.30,3
OM154Y-22MM,89.00,240.83,3
OM55S-25MM,89.00,240.83,3
OM55Y-25MM,104.00,281.42,3
OM14S-18X27MM,85.00,230.01,3
OM14Y-18X27MM,98.00,265.19,0
OT13S-17X32MM,74.00,218.45,3
OT13Y-17X32MM,85.00,230.01,3
OT13S-20X41MM,90.00,243.54,3
OT13Y-20X41MM,101.00,273.31,3
CEL045NY-1,52.00,153.50,3
ALC011NY,34.00,108.73,3
ALC135BY,37.00,118.33,3
CEL055NY,37.00,118.33,3
CEL100NY,28.00,89.54,0
CEL108NY,37.00,118.33,3
CEL910NY,28.00,89.54,3
ALC081-1NY,25.00,79.95,0
AA475NY,60.00,177.12,3
AN781NY,31.00,99.14,3
ALKN0016K,40.00,127.92,0
ON105S-15MM,52.00,153.50,0
ON34S-18MM,40.00,127.92,3
ON34S-23MM,53.00,156.46,3
OM3P4S-15MM,38.00,121.52,0
OM3P4S-20MM,49.00,144.65,3
OM3P4S-23MM,58.00,171.22,0
ON105S-20MM,67.00,197.78,0
ON105S-25MM,74.00,218.45,0
ON104S-19MM,47.00,138.74,0
ON104S-23MM,58.00,171.22,0
OM14S-20MM,53.00,156.46,3
OM13S-20MM,47.00,138.74,3
OM13S-25MM,56.00,165.31,0
ON13S-20MM,47.00,138.74,0
ON13S-24MM,56.00,165.31,3
ON13Y-20MM,54.00,159.41,3
ON13Y-24MM,66.00,194.83,3
ON34Y-18MM,47.00,138.74,3
OM3P4Y-15MM,43.00,126.94,0
OM3P4Y-20MM,56.00,165.31,3
ON105Y-15MM,58.00,171.22,3
ON105Y-20MM,78.00,230.26,3
ON105Y-25MM,88.00,238.13,3
ON34Y-23MM,61.00,180.07,3
OM13Y-20MM,53.00,156.46,3
OM13Y-25MM,66.00,194.83,3
OM3P4Y-23MM,68.00,200.74,3
ON104Y-19MM,54.00,159.41,3
ON104Y-23MM,67.00,197.78,3
OM14Y-20MM,61.00,180.07,0
LRD3MM-WHITERH,16.00,61.01,0
LRD8MM-WHITERH,44.00,129.89,3
LRD5MM-WHITERH,23.00,73.55,0
ALRZ00028,26.00,83.15,0
ALRZ00030,35.00,111.93,3
ALRZ00025,26.00,83.15,3
ALZC14MB,14.00,53.38,3
ALZC14MY,14.00,53.38,3
ALZC14MO,14.00,53.38,3
ALZC14MF,14.00,53.38,3
ALZC14MA,14.00,53.38,3
ALZC10MO,11.00,41.94,3
ALZC10MB,11.00,41.94,3
P-1288Y,48.00,141.70,3
P-0813CRH,38.00,121.52,0
HE-1540Y,71.00,209.59,0
HE-1894Y,80.00,236.16,0
HE-1896RH,86.00,232.72,0
HE-1892RH,86.00,232.72,0
HE-1893Y,62.00,183.02,3
P19558RH,31.00,99.14,3
P19556RH,25.00,79.95,3
P19557RH,40.00,127.92,3
A00092RH,17.00,54.37,3
E24578ERH,35.00,111.93,3
B05899BRH,100.00,270.60,0
E24478ERH,38.00,121.52,3
B05592RH,103.00,278.72,3
B05586RH,103.00,278.72,3
B05585RH,90.00,243.54,3
P19718RH,16.00,61.01,3
P19724RH,16.00,61.01,3
P19722RH,17.00,54.37,3
P19721RH,17.00,54.37,3
P19726RH,16.00,61.01,3
P19727RH,18.00,57.56,3
P19717RH,17.00,54.37,3
P19716RH,17.00,54.37,3
P19723RH,18.00,57.56,3
P19719RH,17.00,54.37,3
P19720RH,18.00,57.56,3
P19725RH,16.00,61.01,3
P20223PRH,17.00,54.37,3
P20207PRH,18.00,57.56,0
P20204PRH,25.00,79.95,3
P19605RH,13.00,49.57,3
P20132PRH,16.00,61.01,0
P19554PRH,31.00,99.14,3
P20226,20.00,63.96,3
P18449PRH,34.00,108.73,3
P18457PRH,22.00,70.36,0
P18464PRH,22.00,70.36,0
P16820PRH,22.00,70.36,0
P18444PRH,24.00,76.75,0
P18465PRH,20.00,63.96,0
E24860ERH,78.00,230.26,3
E04705ERH,44.00,129.89,3
E22382ERH,52.00,153.50,3
E22397EY,55.00,162.36,3
E22387EY,52.00,153.50,3
E22388EY,61.00,180.07,3
E22402ERH,42.00,123.98,3
E24477ERH,28.00,89.54,3
E24479ERH,28.00,89.54,3
E22381ERH,37.00,118.33,3
E22396EY,47.00,138.74,3
E22403ERH,53.00,156.46,0
E22405ERH,52.00,153.50,3
E17077ERH,62.00,183.02,3
E18007ERH,76.00,224.35,3
E13784ERH,66.00,194.83,3
E23694ERH,71.00,209.59,0
E23695EY,68.00,200.74,3
B05176BRH,34.00,108.73,3
B05178NRH,40.00,127.92,3
B05184BRH,38.00,121.52,3
N05660NRH,83.00,224.60,3
B05638BRH,53.00,156.46,0
B05183BRH,34.00,108.73,3
AN7594,60.00,177.12,3
AN7595,52.00,153.50,3
N06444NRH,67.00,197.78,3
N05655NY,52.00,153.50,3
N05657RH,44.00,129.89,3
N05658RH,50.00,147.60,3
N06355NRH,49.00,144.65,3
N06711NRH,95.00,257.07,3
N05907Y,56.00,165.31,3
P19732RH,25.00,79.95,3
P19742RH,25.00,79.95,3
P19737RH,24.00,76.75,3
P19740RH,26.00,83.15,3
P19736RH,26.00,83.15,3
P19741RH,25.00,79.95,3
P19735RH,25.00,79.95,3
P19733RH,25.00,79.95,3
P19739RH,25.00,79.95,3
P19734RH,26.00,83.15,3
P19738RH,24.00,76.75,3
P19731RH,24.00,76.75,3
HE-1185,60.00,177.12,3
HSE-1875-1,42.00,123.98,3
ME-114BR,67.00,197.78,3
SET-946E-CBLACK-DUŻE,77.00,227.30,0
ME-116BR,48.00,141.70,3
SET-946E-CRED,64.00,188.93,3
HSE-2018Y,52.00,153.50,3
HSE-2012RH,49.00,144.65,3
HSE-2011RH,54.00,159.41,3
HSB-2011RH,62.00,183.02,3
HSB-2018YG,55.00,162.36,3
HSB-2012RH,62.00,183.02,3
P17353PRH,26.00,83.15,3
P16874PRH,31.00,99.14,3
P16875PRH,40.00,127.92,3
HP-0190,68.00,200.74,0
HSP-1075RH,40.00,127.92,3
SET-1934P,16.00,61.01,0
HSP-2018YG,41.00,121.03,3
HSP-2012RH,44.00,129.89,3
HP-0625Y,34.00,108.73,3
HSP-2011RH,52.00,153.50,3
E21649ERH,37.00,118.33,3
E20538ERH,34.00,108.73,3
E20549ERH,35.00,111.93,3
HE-1007,64.00,188.93,3
E21097ERH,26.00,83.15,3
E18125ERH,43.00,126.94,3
E24462ERH,24.00,76.75,3
SET-830E,55.00,162.36,3
E25997ERH,54.00,159.41,3
E22642ERH,48.00,141.70,3
HSP-1075K1,60.00,177.12,0
AS443G14K,210.00,464.94,3
AS444G14K,418.00,874.04,3
AS445G14K,629.00,1315.24,3
AS446G14K,803.00,1629.69,3
AS447G14K,1084.00,2133.31,3
SET-2515ERH,79.00,233.21,3
SET-2514ERH,76.00,224.35,3
SET-2517ERH,84.00,227.30,3
SET-2516ERH,74.00,218.45,3
5E25813RH,25.00,79.95,3
AS458B14K,536.00,1120.78,0
AH10265BRH,205.00,453.87,0
SET-2515B1RH,95.00,257.07,3
SET-2517B1RH,106.00,286.84,3
SET-2516B1RH,96.00,259.78,3
SET-2514B1RH,101.00,273.31,3
SET-2516BRH,130.00,319.80,3
SET-2514BRH,118.00,319.31,3
SET-2515BRH,127.00,312.42,3
SET-2517BRH,128.00,314.88,3
SET-2517NRH,250.00,553.50,3
SET-2515NRH,242.00,535.79,3
SET-2514NRH,233.00,515.86,3
SET-2516NRH,246.00,544.64,3
N07463NRH,92.00,248.95,3
P14926RH+G,43.00,126.94,3
AP25203PRH,121.00,327.43,3
AP25205PRH,149.00,366.54,3
AP25204PRH,114.00,308.48,3
AP25206PRH,199.00,440.59,3
AS447N14K,431.00,901.22,3
AS448N14K,530.00,1108.23,3
AS445N14K,424.00,886.58,0
AS443N14K,374.00,782.03,3
AS449N14K,471.00,984.86,0
AS450N14K,494.00,1032.95,0
AS454N14K,520.00,1087.32,3
AS453N14K,458.00,957.68,0
AS457N14K,495.00,1035.05,3
AS455N14K,463.00,968.13,0
AS461N14K,399.00,834.31,3
AS455B14K,333.00,696.30,0
AS454B14K,399.00,834.31,3
AS448B14K,387.00,809.22,3
AS446B14K,334.00,698.39,3
AS444B14K,334.00,698.39,3
AS445B14K,277.00,613.28,0
AS461B14K,243.00,538.00,0
AS450B14K,361.00,754.85,0
AS449B14K,340.00,710.94,0
AS447B14K,278.00,615.49,0
AS453B14K,334.00,698.39,0
E606,24.00,76.75,3
AS459E14K,413.00,863.58,3
AS460E14K,348.00,727.67,3
AS444N14K,458.00,957.68,3
AP25186Y,80.00,236.16,3
AP25107Y,62.00,183.02,0
AP25187Y,68.00,200.74,3
AP25183Y,56.00,165.31,3
AP25226Y,64.00,188.93,3
AS446NG14K,494.00,1032.95,3
AP25223RH+Y,62.00,183.02,3
AP25180RH+Y,74.00,218.45,3
AP25108RH+Y,64.00,188.93,3
AP25228RH+Y,67.00,197.78,0
AP25222RH+Y,60.00,177.12,3
AP25164RH+Y,78.00,230.26,3
AP25173RH+Y,55.00,162.36,3
AP25154RH+YG,64.00,188.93,3
AP25174RH+Y+G,61.00,180.07,3
AP25227RH+YG,67.00,197.78,3
AP25217RH+Y,52.00,153.50,3
AP25189RH+YG,61.00,180.07,3
AP25165RH+YG,66.00,194.83,3
AP25168RH+Y,74.00,218.45,3
AP25229Y,60.00,177.12,3
AP25198RH,61.00,180.07,3
AP25201RH,78.00,230.26,3
AP25224RH,54.00,159.41,3
AP25162RH,77.00,227.30,0
AP25195RH,54.00,159.41,3
AP25RH,78.00,230.26,3
AP25105RH,68.00,200.74,3
AP25197RH,65.00,191.88,3
AP25219RH,53.00,156.46,3
AP25218RH,64.00,188.93,3
AP25221RH,56.00,165.31,3
AP25182RH,64.00,188.93,3
AP25103RH,66.00,194.83,3
AP25181RH,48.00,141.70,3
AP25225RH,62.00,183.02,3
AP25167RH,49.00,144.65,3
AP25170RH,53.00,156.46,3
AP25184RH,64.00,188.93,3
AP25106RH,68.00,200.74,3
AP25192RH,60.00,177.12,3
AP25216RH,44.00,129.89,3
SI002,43.00,126.94,3
SI002 LOCK,43.00,126.94,3
AP25202RH,66.00,194.83,3
AP25172RH,55.00,162.36,3
AP25185RH,58.00,171.22,3
AP25188RH,61.00,180.07,3
AP25200RH,55.00,162.36,3
AP25196RH,68.00,200.74,3
AP25166RH,70.00,206.64,3
AP25171RH,66.00,194.83,3
AP25199RH,66.00,194.83,0
AP25163RH,68.00,200.74,3
AP25104RH,86.00,232.72,3
AP25169RH,82.00,221.89,3
AP25191RH,64.00,188.93,3
AP25178RH,54.00,159.41,0
AP25174RH,80.00,236.16,3
AP25177RH,67.00,197.78,3
AP25220RH,76.00,224.35,3
AP25215RH,70.00,206.64,0
AP25179RH,60.00,177.12,3
AP25161RH,103.00,278.72,3
AP25190RH,66.00,194.83,3
CN089Y,42.00,123.98,3
CN079Y,49.00,144.65,3
CN058Y,54.00,159.41,3
CN091Y,70.00,206.64,3
CN077Y,52.00,153.50,3
CN081Y,56.00,165.31,3
CN070NY,35.00,111.93,0
CN057Y,82.00,221.89,3
CN066Y,48.00,141.70,3
CN067Y,60.00,177.12,3
CN075NY,64.00,188.93,3
CN069NY,62.00,183.02,3
CN090Y,40.00,127.92,3
CN076BY,37.00,118.33,3
CN101BY,40.00,127.92,0
CN102BY,40.00,127.92,3
CN098Y,35.00,111.93,3
CH009BY,37.00,118.33,3
CN094BY,40.00,127.92,0
CN099BY,40.00,127.92,3
CN100BY,31.00,99.14,3
CN086BY,31.00,99.14,3
CN084BY,37.00,118.33,3
CN074BY,41.00,121.03,0
CH011BY,38.00,121.52,3
CN082BY,41.00,121.03,3
CN088Y,30.00,95.94,0
CN080BY,37.00,118.33,0
CH008BY,31.00,99.14,3
CH001Y,38.00,121.52,0
CN096BY,38.00,121.52,3
CH005BY,40.00,127.92,3
CN078BY,38.00,121.52,3
CH003BY,47.00,138.74,3
CN097BY,40.00,127.92,3
CN092BY,37.00,118.33,3
CN072BY,43.00,126.94,3
CH012BY,37.00,118.33,0
CN057RH,82.00,221.89,3
CN058RH,54.00,159.41,0
CN079RH,49.00,144.65,3
CN070NRH,35.00,111.93,0
CN069NRH,62.00,183.02,3
CN091RH,70.00,206.64,3
CN077RH,52.00,153.50,3
CN067RH,62.00,183.02,3
CN089RH,42.00,123.98,3
CN066RH,48.00,141.70,3
CN081RH,56.00,165.31,3
CN075NRH,64.00,188.93,3
CN094BR,40.00,127.92,3
CN099BRH,40.00,127.92,3
CH002RH,40.00,127.92,0
CN082BRH,41.00,121.03,3
CN100BRH,31.00,99.14,3
CH003BRH,47.00,138.74,3
CN090RH,40.00,127.92,3
CN102BRH,40.00,127.92,3
CN084BR,37.00,118.33,3
CN101BRH,40.00,127.92,3
CN076BRH,37.00,118.33,3
CH001RH,38.00,121.52,0
CN078BR,38.00,121.52,3
CH011BRH,38.00,121.52,3
CN098RH,35.00,111.93,3
CH008BRH,31.00,99.14,0
CH009BRH,37.00,118.33,0
CN096BR,38.00,121.52,3
CN097BRH,40.00,127.92,3
CN088RH,30.00,95.94,3
CN092BRH,37.00,118.33,0
CH005BRH,40.00,127.92,3
CN074BRH,41.00,121.03,0
CN080BRH,37.00,118.33,0
CN072BRH,43.00,126.94,0
CH012BRH,37.00,118.33,0
14KND005,98.00,265.19,3
BLY007-14K-4MMX6MM,457.00,955.59,3
BLY008-14K-4MMX6MM,294.00,650.92,0
BLY009-14K,348.00,727.67,3
"14KND001-1,5MM",121.00,327.43,0
"14KND001-1,8MM",184.00,407.38,0
BLY008-14K-4MMX4MM,270.00,597.78,3
"14KNS057-1,5MM",58.00,171.22,3
"14KNS057-1,8MM",58.00,171.22,3
"14KNS057-2,0MM",61.00,180.07,3
"14KNR012-12X0,8MM",149.00,366.54,0
"14KNR012-10X1,0MM",150.00,369.00,0
"14KNS033-1,5MMX6MM",50.00,147.60,0
"14KNS033-2,0MMX6M",74.00,218.45,3
14KNS023-2MM,145.00,356.70,3
"14KNR012-10X0,8MM",130.00,319.80,0
BAN932-14K-3MMX3MM,218.00,482.65,3
BAN932-14K-4MMX4MM,315.00,697.41,3
CH002Y,40.00,127.92,0
LRD6MMERH+BX22,35.00,111.93,0
LRD6MMERH+BX14,35.00,111.93,0
LRD6MMERH+BX97,35.00,111.93,3
SI001 LOCK-1,48.00,141.70,3
AE26452ERH,37.00,118.33,3
LRD6MMERH+BX40,35.00,111.93,3
LRD6MMERH+BX20,37.00,118.33,3
LRD6MMERH+BX35,35.00,111.93,3
E25338ERH,49.00,144.65,0
AE26450ERH-BLACK,116.00,313.90,3
AE26450ERH-GREEN,115.00,311.19,3
E17403EYG,29.00,92.74,3
E26377EYG,30.00,95.94,0
E22210ERH,42.00,123.98,0
E16816,35.00,111.93,0
AE23555+1LIGHT,37.00,118.33,3
AE23555+1LIGHT ROSE,37.00,118.33,3
E17329ERH,109.00,294.95,3
MVSE-0401YWO,54.00,159.41,0
E17775ERH,78.00,230.26,3
E22154EYG,43.00,126.94,0
E17214ERH,40.00,127.92,3
E11823-4,71.00,209.59,0
ALOPS015K,52.00,153.50,3
E17166ERH,60.00,177.12,3
P20512RH,16.00,61.01,3
P18199RH,26.00,83.15,0
P21003Y,25.00,79.95,3
P21199YG,20.00,63.96,3
LRD8MMPRH+BX20,37.00,118.33,3
LRD8MMPRH+BX40,37.00,118.33,3
LRD8MMPRH+BX39,37.00,118.33,3
P17254,25.00,79.95,3
P21383,37.00,118.33,3
P17256RH,55.00,162.36,3
MVSP-0401YWO,30.00,95.94,3
MVSP-0401RBO,30.00,95.94,3
HP099,77.00,227.30,3
P17165RH,40.00,127.92,3
641-ZB,89.00,240.83,0
639-ZB,97.00,262.48,0
781-ZB,30.00,95.94,0
640-ZB,102.00,276.01,0
N05609RH,40.00,127.92,3
P20359,43.00,126.94,3
N03176,42.00,123.98,0
N03454Y,40.00,127.92,3
N05572YG,52.00,153.50,0
N05573Y,71.00,209.59,3
B05754YG,38.00,121.52,3
B05237Y,34.00,108.73,3
B05580YG,37.00,118.33,0
B04655BRH,37.00,118.33,3
AH8995BRH-ROSE,54.00,159.41,3
AH8995BRH-WHITE,54.00,159.41,3
AH5506BRH+1,95.00,257.07,3
AP25280,95.00,257.07,0
AP24454,52.00,153.50,3
AP25276,84.00,227.30,0
AP24451,77.00,227.30,3
AP24460,48.00,141.70,3
AP24456,58.00,171.22,0
AP24459-1,56.00,165.31,0
AP24458,70.00,206.64,0
AP24462,47.00,138.74,0
AP24453-1,71.00,209.59,0
AP25278RH,83.00,224.60,3
AP24455-1,90.00,243.54,0
AP24461,61.00,180.07,0
AE7376RH,37.00,118.33,0
AE7376RH+1,37.00,118.33,0
ALKN0018K,40.00,127.92,0
ALKN0019K,40.00,127.92,3
ALKN0022K,40.00,127.92,0
ALKJ0087K,40.00,127.92,3
ALKN0020K,40.00,127.92,0
ALKN0021K,40.00,127.92,0
ALKJ0086K,40.00,127.92,0
ALKN0017K+1,31.00,99.14,3
ALKN0025K+1,31.00,99.14,0
ALKN0020K+1,31.00,99.14,0
ALKN0021K+1,31.00,99.14,0
ALKJ0087K+1,31.00,99.14,3
ALKN0023K+1,31.00,99.14,3
ALKN0022K+1,31.00,99.14,0
ALKN0019K+1,31.00,99.14,3
ALKN0024K+1,31.00,99.14,0
ALKJ0086K+1,31.00,99.14,3
ALKN0018K+1,31.00,99.14,0
ALKN0017K+2,41.00,121.03,0
ALKN0020K+2,41.00,121.03,0
ALKJ0087K+2,41.00,121.03,0
ALKJ0086K+2,41.00,121.03,0
ALKN0023K+2,41.00,121.03,0
ALKN0022K+2,41.00,121.03,0
ALKN0021K+2,41.00,121.03,0
ALKN0025K+2,41.00,121.03,0
ALKN0019K+2,41.00,121.03,0
ALKN0018K+2,41.00,121.03,0
ALKN0024K+2,41.00,121.03,0
ALKJ0086B+1,133.00,327.18,3
ALKJ0087B+1,133.00,327.18,3
ALKN0020B+1,133.00,327.18,3
ALKN0016B+1,133.00,327.18,3
ALKN0017B+1,133.00,327.18,3
ALKN0018B+1,133.00,327.18,3
ALKN0021B+1,133.00,327.18,3
ALKN0022B+1,133.00,327.18,0
ALKN0024B+1,133.00,327.18,3
ALKN0025B+1,133.00,327.18,3
ALKN0026B+1,133.00,327.18,3
ALKN0027K+1,66.00,194.83,0
ALKN0028K+1,66.00,194.83,0
ALKN0029K+1,66.00,194.83,0
ALKN0033K+1,66.00,194.83,0
ALKN0032K+1,66.00,194.83,0
ALKN0031K+1,66.00,194.83,0
ALKN0034K+1,66.00,194.83,0
ALKN0030K+1,66.00,194.83,0
ALKN0035K+1,66.00,194.83,0
ALKN0036K+1,66.00,194.83,0
ALKN0037K+1,66.00,194.83,0
ALKN0038K+1,66.00,194.83,0
ALKN0039K+1,66.00,194.83,0
ALKN0040K+1,66.00,194.83,0
ALKN0041K+1,66.00,194.83,0
ALKN0042K+1,66.00,194.83,0
ALKN0043K+1,66.00,194.83,0
ALKN0032Z+1,41.00,121.03,3
ALKN0042Z+1,41.00,121.03,3
ALKN0042Z+2,43.00,126.94,3
ALKN0033Z+1,41.00,121.03,0
ALKN0033Z+2,43.00,126.94,3
ALKN0025Z+1,41.00,121.03,3
ALKN0025Z+2,43.00,126.94,3
ALKN0035Z+2,43.00,126.94,3
ALKN0035Z+1,41.00,121.03,3
ALKN0038Z+1,41.00,121.03,3
ALKN0038Z+2,43.00,126.94,3
ALKN0018Z+1,41.00,121.03,3
ALKN0018Z+2,43.00,126.94,3
ALKN0044Z+1,41.00,121.03,3
ALKN0044Z+2,43.00,126.94,3
ALKN0045Z+1,41.00,121.03,3
ALKN0045Z+2,43.00,126.94,3
ALKN0046Z+1,41.00,121.03,3
ALKN0046Z+2,43.00,126.94,3
ALKN0047Z+1,41.00,121.03,3
ALKN0047Z+2,43.00,126.94,3
ALKN0048Z+1,41.00,121.03,3
ALKN0048Z+2,43.00,126.94,3
ALKN0049Z+1,41.00,121.03,3
ALKN0049Z+2,43.00,126.94,3
ALKN0050Z+1,41.00,121.03,3
ALKN0050Z+2,43.00,126.94,3
ALKN0037Z+1,41.00,121.03,0
ALKN0037Z+2,43.00,126.94,3
ALKN0023Z+3,29.00,92.74,0
ALKN0023Z+4,31.00,99.14,3
ALKN0042Z+3,29.00,92.74,0
ALKN0042Z+4,31.00,99.14,0
ALKN0037Z+3,29.00,92.74,0
ALKN0037Z+4,31.00,99.14,3
ALKN0021Z+3,29.00,92.74,0
ALKN0021Z+4,31.00,99.14,3
ALKN0036Z+3,29.00,92.74,0
ALKN0036Z+4,31.00,99.14,3
ALKN0034Z+3,29.00,92.74,3
ALKN0034Z+4,31.00,99.14,3
ALKN0043Z+3,29.00,92.74,3
ALKN0043Z+4,31.00,99.14,3
ALKN0041Z+3,29.00,92.74,0
ALKN0041Z+4,31.00,99.14,0
AP25193RH,65.00,191.88,3
ALKN0032Z+2,43.00,126.94,3
ALKN0025Z+3,29.00,92.74,0
ALKN0025Z+4,31.00,99.14,0
ALKN0039Z+3,29.00,92.74,3
ALKN0039Z+4,31.00,99.14,3
ALKN0027Z+3,29.00,92.74,0
ALKN0027Z+4,31.00,99.14,3
ALKN0035Z+3,29.00,92.74,3
ALKN0035Z+4,31.00,99.14,3
ALKN0031Z+3,29.00,92.74,3
ALKN0031Z+4,31.00,99.14,3
ALKN0033Z+3,29.00,92.74,0
ALKN0033Z+4,31.00,99.14,3
ALKN0038Z+3,29.00,92.74,0
ALKN0038Z+4,31.00,99.14,3
ALKN0040Z+3,29.00,92.74,0
ALKN0040Z+4,31.00,99.14,0
ALKN0032Z+3,29.00,92.74,0
ALKN0032Z+4,31.00,99.14,3
5E2555YG,23.00,73.55,3
7E32331YG,35.00,111.93,3
7E32241YG,34.00,108.73,3
2E17457YG,30.00,95.94,3
5E30132YG,35.00,111.93,0
5E27226YG,18.00,57.56,3
5E25999YG,31.00,99.14,3
5E30134YG,24.00,76.75,3
7E32250YG,28.00,89.54,3
EA00095YG,28.00,89.54,3
7E32121YG,29.00,92.74,3
7E31810YG,38.00,121.52,3
7E31866YG,35.00,111.93,3
5E30130YG,25.00,79.95,3
EA00022YG,38.00,121.52,3
7E31856YG,37.00,118.33,0
7E31856RH,37.00,118.33,0
EA00022RH,38.00,121.52,0
7E32121RH,29.00,92.74,0
7E31866RH,35.00,111.93,3
EA00095RH,28.00,89.54,3
2E17457RH,30.00,95.94,3
5E27226RH,18.00,57.56,0
7E32241RH,34.00,108.73,3
5E30130RH,25.00,79.95,3
7E32331RH,35.00,111.93,3
5E2555RH,23.00,73.55,3
5E25999RH,31.00,99.14,3
7E32250RH,28.00,89.54,0
5E30134RH,24.00,76.75,3
7E31810RH,38.00,121.52,0
5E30132RH,35.00,111.93,0
7E32398RH,31.00,99.14,3
7E32398YG,31.00,99.14,3
7E32410YG,18.00,57.56,0
7E32396YG,28.00,89.54,0
7E32281YG,23.00,73.55,3
5E25297YG,24.00,76.75,3
ALRZ0015/5MM,38.00,121.52,3
ALRZ0013/5MM,38.00,121.52,3
ALRZ0014/5MM,38.00,121.52,3
7E32366YG,17.00,54.37,3
7E32348YG,18.00,57.56,3
7E31832YG,25.00,79.95,0
7E32327YG,23.00,73.55,3
5E27209YG,26.00,83.15,3
5E27216YG,25.00,79.95,3
6EA00210YG,23.00,73.55,3
5E27873YG,24.00,76.75,3
5E30139YG,24.00,76.75,3
5EA63014YG,31.00,99.14,0
5E30139RH,24.00,76.75,3
7E32348RH,18.00,57.56,3
5E27262RH,35.00,111.93,3
7E32410RH,20.00,63.96,0
7E31832RH,25.00,79.95,0
7E32327RH,23.00,73.55,3
7E32396RH,38.00,121.52,0
7E32366RH,17.00,54.37,3
5EA63014RH,31.00,99.14,0
5E27216RH,25.00,79.95,3
7E32281RH,23.00,73.55,3
5E25297RH,24.00,76.75,3
6EA00210RH,23.00,73.55,3
5E27209RH,26.00,83.15,0
5E27873RH,24.00,76.75,3
7E32352RH,25.00,79.95,3
5E27262YG,35.00,111.93,3
7E32383YG,23.00,73.55,3
7E32299YG,25.00,79.95,3
5E30819YG,18.00,57.56,3
8EA0442YG,52.00,153.50,3
2E32837YG,35.00,111.93,3
5E26604YG,31.00,99.14,3
5E26642YG,20.00,63.96,3
5E27814YG,20.00,63.96,3
7D15475YG,20.00,63.96,3
5E26645YG,20.00,63.96,3
5E25813YG,25.00,79.95,3
5E25910YG,25.00,79.95,3
5E27812YG,20.00,63.96,3
5E25810YG,28.00,89.54,3
5E25930YG,26.00,83.15,0
5E25548YG,12.00,45.76,0
2E32824YG,23.00,73.55,3
5E27277YG,26.00,83.15,0
7E32260YG,18.00,57.56,3
5E25457YG,17.00,54.37,3
5E25861YG,24.00,76.75,3
NO731-5E26308YG,24.00,76.75,3
5E26390YG,26.00,83.15,3
8EA0299YG,18.00,57.56,3
5E26350YG,25.00,79.95,3
5E26407YG,23.00,73.55,3
5E28531YG,25.00,79.95,3
5E27857YG,30.00,95.94,3
5E27233YG,23.00,73.55,3
5E27233RH,23.00,73.55,3
5E27857RH,30.00,95.94,3
8EA0442RH,52.00,153.50,3
5E26604RH,31.00,99.14,0
7E32260RH,18.00,57.56,0
8EA0299RH,18.00,57.56,3
7D15475RH,20.00,63.96,3
5E30819RH,18.00,57.56,3
5E25810RH,28.00,89.54,3
2E32837RH,35.00,111.93,3
5E25930RH,26.00,83.15,0
5E25861RH,24.00,76.75,3
5E25457RH,17.00,54.37,0
5E26413RH,20.00,63.96,3
5E26413YG,20.00,63.96,3
5E27843RH,18.00,57.56,3
5E27843YG,18.00,57.56,3
5E27812RH,20.00,63.96,3
7E32299RH,25.00,79.95,3
EA00074RH,23.00,73.55,3
EA00074YG,23.00,73.55,3
5E26506RH,16.00,61.01,0
5E26506YG,16.00,61.01,3
7E32383RH,23.00,73.55,3
5E25824RH,20.00,63.96,3
5E25824YG,20.00,63.96,3
7E32301RH,30.00,95.94,3
5E26642RH,20.00,63.96,3
7E32301YG,30.00,95.94,3
2E32824RH,23.00,73.55,0
5E26390RH,26.00,83.15,3
5E25548RH,12.00,45.76,3
5E27277RH,26.00,83.15,0
5E25910RH,25.00,79.95,0
5E28531RH,25.00,79.95,3
5E26407RH,23.00,73.55,3
5E26350RH,25.00,79.95,3
5E26645RH,20.00,63.96,3
AP25283,104.00,281.42,3
AP25274,97.00,262.48,3
AP25277,96.00,259.78,0
AP25272,113.00,305.78,3
AP25279,103.00,278.72,3
AP24450-1,106.00,286.84,3
AP25273,127.00,312.42,3
AP24452-1,118.00,319.31,0
AP25271,110.00,297.66,3
AP25282,109.00,294.95,3
AP25281,119.00,322.01,3
M/047G14K,386.00,807.13,0
M/048G14K,261.00,577.85,0
M/049G14K,367.00,767.40,0
M/050G14K,270.00,597.78,3
SM-25,146.00,359.16,3
SM-24,142.00,349.32,3
SM-23,258.00,571.21,0
SM-22,277.00,613.28,3
SM-26,250.00,553.50,0
GR-27,266.00,588.92,0
GR-28,224.00,495.94,0
GR-29,187.00,414.02,3
GR-30,152.00,373.92,3
BU-1W,187.00,414.02,3
BU-3W,360.00,752.76,3
BU-5W,131.00,322.26,0
ŁYŻ-26,172.00,380.81,3
ŁYŻ-32,186.00,411.80,3
ŁYŻ-38,204.00,451.66,3
CHRZ022,186.00,411.80,3
ŁYŻ-27,181.00,400.73,0
ŁYŻ-28,161.00,396.06,0
ŁYŻ-29,133.00,327.18,0
ŁYŻ-30,168.00,371.95,0
ŁYŻ-31,155.00,381.30,0
ŁYŻ-33,150.00,369.00,0
ŁYŻ-35,131.00,322.26,3
ŁYŻ-36,209.00,462.73,0
ŁYŻ-37,253.00,560.14,3
CHRZ021,164.00,363.10,0
ŁYŻ-34,166.00,367.52,0
CHRZ012D,208.00,460.51,3
E20645ERH,25.00,79.95,3
E20664ERH,24.00,76.75,3
E20722ERH,28.00,89.54,3
E20723ERH,25.00,79.95,3
E20641ERH,23.00,73.55,3
E20668ERH,25.00,79.95,3
E20676ERH,29.00,92.74,3
E22672ERH,23.00,73.55,0
E19301ERH,20.00,63.96,3
E24779ERH,24.00,76.75,3
E20726ERH,28.00,89.54,3
E20627ERH,29.00,92.74,0
E24684ERH,23.00,73.55,3
E24693ERH,17.00,54.37,3
E17250ERH,13.00,49.57,0
E22724ERH,20.00,63.96,3
E14748RH,12.00,45.76,3
E19762ERH,25.00,79.95,3
E19628ERH,24.00,76.75,0
AE26598,16.00,61.01,0
ŁYŻ-18,203.00,449.44,0
CHRZ012C,208.00,460.51,0
E25088RH,23.00,73.55,3
E20661ERH,31.00,99.14,3
AE26458ERH,23.00,73.55,0
AC130526BORH,26.00,83.15,3
E17259ERH,34.00,108.73,0
E22830ERH,34.00,108.73,3
E26028ERH,37.00,118.33,0
E19370ERH,24.00,76.75,3
E19751ERH,24.00,76.75,3
E26022RH,40.00,127.92,0
E24988ERH,29.00,92.74,3
E24463ERH,18.00,57.56,0
AE26453ERH,31.00,99.14,3
E18915ERH,23.00,73.55,3
E24962ERH,31.00,99.14,3
E23245ERH,17.00,54.37,3
MT10060KR,29.00,92.74,3
AE26469ERH,24.00,76.75,3
E24695-1ERH,20.00,63.96,0
E24695-3ERH,23.00,73.55,0
E24695-4ERH,20.00,63.96,0
E20867ERH,18.00,57.56,3
E24695-2ERH,20.00,63.96,0
ALCYR0089RHE-EMERALD,31.00,99.14,3
ALCYR0210ERH,26.00,83.15,0
E24358ERH,29.00,92.74,0
E24986ERH,34.00,108.73,3
E22383ERH,30.00,95.94,3
E22404ERH,30.00,95.94,0
E22407ERH,42.00,123.98,3
AE26468ERH,30.00,95.94,3
E26029RH,31.00,99.14,0
E22389EY,40.00,127.92,3
E22398EY,35.00,111.93,3
AE2610Y,43.00,126.94,3
E22778EY,30.00,95.94,3
AE26470EY,24.00,76.75,3
E24452EY,24.00,76.75,0
E24984EYG,29.00,92.74,3
E25369EYG,61.00,180.07,3
AE26599ERY,17.00,54.37,3
AE26467EY+RH,31.00,99.14,0
E19675+2ERH,26.00,83.15,3
E19675+3ERH,26.00,83.15,3
E19675+4ERH,26.00,83.15,3
E19675+1ERH,26.00,83.15,3
E19675+5ERH,26.00,83.15,3
E26318EYG,29.00,92.74,0
E22591ERH,47.00,138.74,3
E21324ERH,28.00,89.54,3
E23117ERH,41.00,121.03,3
AE26595,53.00,156.46,3
E22307ERH,28.00,89.54,3
E22306ERH,31.00,99.14,3
AE23551+2WHITE,38.00,121.52,0
E22310ERH,31.00,99.14,3
E17219ERH,42.00,123.98,0
E17215ERH,35.00,111.93,3
E22897ERH,30.00,95.94,3
E22311ERH,30.00,95.94,0
E22308ERH,41.00,121.03,3
E-0640C2,52.00,153.50,0
E-0528C2,61.00,180.07,3
E-0528C1,58.00,171.22,3
E-0526C1,38.00,121.52,3
E-0526C2,38.00,121.52,3
E-0637C1,29.00,92.74,3
ALKJ0078BK-NOGA,30.00,95.94,3
12912B,394.00,823.85,3
12914B,305.00,675.27,3
13288B,294.00,650.92,3
13741B,305.00,675.27,3
13883B,317.00,701.84,3
13884B,305.00,675.27,3
13911B,305.00,675.27,0
19522E,143.00,351.78,3
23143E,106.00,286.84,0
23525E,116.00,313.90,3
24542E-30MM,119.00,322.01,0
24618E,113.00,305.78,0
27453E-35MM,150.00,369.00,0
EFE-0039,160.00,393.60,0
EFE-0040,167.00,369.74,0
EFE-0043,106.00,286.84,3
EFE-0048,284.00,628.78,3
EFE-0042,101.00,273.31,0
EFE-0047,107.00,289.54,0
EFE-0056,100.00,270.60,0
EFE-0050C2,102.00,276.01,0
EFSR-0016,113.00,305.78,0
EFSR-0018,134.00,329.64,0
EFSE-0016,79.00,233.21,0
EFSE-0018,78.00,230.26,0
EFSE-0019,91.00,246.25,0
EFSP-0016,67.00,197.78,0
EFSP-0018,52.00,153.50,0
EFSP-0019,61.00,180.07,0
EFB-0004,557.00,1164.69,0
AMJ-046,62.00,183.02,3
HE-1682,28.00,89.54,3
SET-959ERH,25.00,79.95,3
E-1172RH,37.00,118.33,3
AP25275,106.00,286.84,3
AS8021-1,62.00,183.02,3
ALKCZ7MRD-ROSE,14.00,53.38,3
ALCYR0930SETRH,136.00,334.56,3
ALKCZ9MR-ROSE,16.00,61.01,0
ALKCZ9MR-RED,16.00,61.01,0
ALKCZ9MR-CLARET,16.00,61.01,0
ALKCZ9MR-BLACK,16.00,61.01,0
AE26596RH,74.00,218.45,3
AE26596RH,74.00,218.45,3
E21498ERH,38.00,121.52,3
E21505,44.00,129.89,0
E21506ERH,53.00,156.46,0
AE26597,28.00,89.54,0
AE22348AMETHYST,38.00,121.52,0
AE26454ERH,124.00,305.04,3
KM-E-0632ERH+2,38.00,121.52,3
AE26600ERH-BLACK,41.00,121.03,0
E21133ERH,42.00,123.98,0
AE26465ERH,48.00,141.70,3
AE26461ERH,67.00,197.78,0
AE1553BLACK,82.00,221.89,3
AE26463ERH,119.00,322.01,3
E05453EYG,54.00,159.41,3
E21365EYG,41.00,121.03,3
E24530EYGWHITE,49.00,144.65,0
E24530EYG,49.00,144.65,0
E25233EYG,37.00,118.33,3
E25233-1EYG,37.00,118.33,3
E25233-2EYG,37.00,118.33,3
415E8625SET,49.00,144.65,3
SP03605A,24.00,76.75,0
ALCYR0235RHE,62.00,183.02,3
AE26457ERH,38.00,121.52,3
AE22426,44.00,129.89,3
AE26464ERH,23.00,73.55,3
AE26451ERH,26.00,83.15,3
AE26466EY,30.00,95.94,3
P14926BLACK,90.00,243.54,3
AE25805KG,31.00,99.14,3
E-0789ERH,41.00,121.03,3
AE26460ERH,43.00,126.94,3
PBM2370AQUA,38.00,121.52,3
PBM2370BIAŁY,38.00,121.52,3
PBM2370RÓŻOWY,38.00,121.52,3
AE26456ERH,60.00,177.12,3
AE26455ERH,52.00,153.50,0
AE26462ERH,80.00,236.16,0
XBRBO-00236,100.00,270.60,0
XBRBO-00216,94.00,254.36,0
XBRBO-00090,127.00,312.42,0
XBRBO-00001,127.00,312.42,0
ALBL0006,62.00,183.02,0
KN010,29.00,92.74,0
AE26459ERH,37.00,118.33,3
EFE-0036,119.00,322.01,0
EFE-0050,102.00,276.01,0
EFE-0050C1,96.00,259.78,0
M/051G14K,361.00,754.85,0
31132P,50.00,147.60,0
30990E,110.00,297.66,3
EFSE-0030,88.00,238.13,0
EFSE-0018YG,60.00,177.12,0
KRC040-1,43.00,126.94,3
KRC039-1,43.00,126.94,3
E26239EY,34.00,108.73,0
E23669EY,66.00,194.83,3
E23451EY,44.00,129.89,0
E23665EY,68.00,200.74,3
E23679EY,67.00,197.78,3
E23680EY,66.00,194.83,3
E23690ERH,47.00,138.74,3
E16554ERH,56.00,165.31,0
E23454ERH,48.00,141.70,0
E16559ERH,83.00,224.60,3
E23684ERH,70.00,206.64,0
E23455ERH,52.00,153.50,3
AS7257BLACK,58.00,171.22,3
N02607,31.00,99.14,0
AN8846NRH,119.00,322.01,3
AN9586NRH,47.00,138.74,3
AH10235BRH,47.00,138.74,0
AN9490NRH,73.00,215.50,3
AH10236BRH,38.00,121.52,3
AN9493NRH+YG,84.00,227.30,3
AN9587NRH,55.00,162.36,3
AN9491NRH,58.00,171.22,0
SET-185P,23.00,73.55,3
SET-185E,28.00,89.54,0
SAFETY CHAIN 29,58.00,171.22,0
SAFETY CHAIN 16,97.00,262.48,3
SAFETY CHAIN 17,73.00,215.50,0
ALBAG0011RHSET,97.00,262.48,3
ALCYR0159ERH+W,17.00,54.37,0
ALCYR0159ERH+WP,17.00,54.37,0
ALCYR0159ERH+WS,17.00,54.37,0
13907B,275.00,608.85,3
GDPL080C,2542.00,4846.32,3
KRR30N,690.00,1400.35,3
SPKKS25B,458.00,957.68,3
SNAKE,705.00,1430.80,3
KFR50,1720.00,3279.18,3
KGDOC80N,4886.00,9014.67,3
KGDA40,893.00,1812.34,3
BIS30,1538.00,3026.78,3
AS8790SETRH,136.00,334.56,3
13777B,317.00,701.84,3
ALZC12MGO,12.00,45.76,3
ALZC12MBU,12.00,45.76,0
ALZC18MLA,18.00,57.56,3
ALZC18MDT,18.00,57.56,3
ALZC18MDG,18.00,57.56,3
ALZC18MLB,18.00,57.56,3
ALZC16MDT,16.00,61.01,3
ALZC16MLA,16.00,61.01,3
ALZC16MLB,16.00,61.01,3
ALZC16MO,16.00,61.01,3
ALZC16MF,16.00,61.01,3
ALZC14MDG,14.00,53.38,3
ALZC14MDV,14.00,53.38,3
ALZC14MLA,14.00,53.38,3
AR18211PRH,66.00,194.83,3
AT008RH,38.00,121.52,3
CR84,49.00,144.65,3
CELSS014-1NRH,44.00,129.89,0
CEL909-1NRH,41.00,121.03,0
CELSS014-2NRH,43.00,126.94,0
CEL355-2NRH,29.00,92.74,0
CEL352NRH,29.00,92.74,3
CEL909-2NRH,52.00,153.50,0
CEL355-1BRH,25.00,79.95,3
CEL352-2BRH,29.00,92.74,3
CEL394-1BY,24.00,76.75,0
CEL394-2BY,28.00,89.54,0
CEL352BY,24.00,76.75,3
CEL157BY,25.00,79.95,3
CEL395-1BY,24.00,76.75,0
CEL399-1NY,43.00,126.94,0
CEL399-2NY,47.00,138.74,0
CEL399-3NY,35.00,111.93,3
CEL394-1NY,34.00,108.73,0
CEL352-1NY,29.00,92.74,3
CEL913-1NY,40.00,127.92,3
CEL0911NY,30.00,95.94,0
CEL133NY,26.00,83.15,3
CEL149NY,28.00,89.54,3
CEL121NY,26.00,83.15,3
CEL268NY,26.00,83.15,3
CEL134NY,26.00,83.15,3
CEL153NY,28.00,89.54,3
CEL136NY,26.00,83.15,0
CEL267NY,26.00,83.15,3
CEL207BRH,28.00,89.54,0
CEL205NRH,28.00,89.54,3
E25215EY,35.00,111.93,3
E23697EY,90.00,243.54,3
KRR30B,287.00,635.42,3
ALCYR0167RHSET,31.00,99.14,0
M/017G14K,386.00,807.13,3
EFSE-0034-1,128.00,314.88,3
EFE-0029+EYG,206.00,456.08,3
EFSE-0010YG,139.00,341.94,3
EFSE-0015C1YG,80.00,236.16,3
AE23784RH,29.00,92.74,3
AE23761RH,23.00,73.55,3
AE23771RH,34.00,108.73,3
AE23745RH,25.00,79.95,3
AE23765RH,20.00,63.96,3
AE23775Y,25.00,79.95,3
AE23733RH,23.00,73.55,0
AE23781RH,37.00,118.33,3
AE23780RH,31.00,99.14,3
AE23748RH,22.00,70.36,0
EFE-0086,144.00,354.24,0
EFE-0068,218.00,482.65,0
AE23727RH,41.00,121.03,3
RE0844RH,55.00,162.36,3
RE0870RH,41.00,121.03,0
RE0882RH,30.00,95.94,0
RE0897RH,40.00,127.92,3
EFE-0003C1,289.00,639.85,3
EFE-0063C1,211.00,467.15,3
EFE-0030PYG,53.00,156.46,3
EFE-0028PYG,66.00,194.83,3
EFB-0002,523.00,1093.59,3
RE0862RH,38.00,121.52,3
PP0574RH,44.00,129.89,3
RE0861RH,35.00,111.93,0
PP0580RH+Y,28.00,89.54,0
PP0587RH,34.00,108.73,0
PP0582RH,28.00,89.54,3
PP0578RH,28.00,89.54,0
PP0586RH,38.00,121.52,3
PS0394RH,44.00,129.89,0
PN0390NRH,43.00,126.94,0
PN0390BRH,34.00,108.73,0
PN0402RH,40.00,127.92,0
MA0017-1RH,24.00,76.75,0
ME0380-3RH,48.00,141.70,3
ME0399-3RH,44.00,129.89,3
ME0258RH,28.00,89.54,3
ME0176RH,84.00,227.30,3
ME0333RH,24.00,76.75,3
ME0398RH,42.00,123.98,3
ME0365-3RH,25.00,79.95,3
ME0157RH,54.00,159.41,3
ME0366RH,28.00,89.54,3
ME0265RH,43.00,126.94,3
ZR016Y\RH,52.00,153.50,0
ME0325RH,29.00,92.74,3
ZD030RH,49.00,144.65,3
ZR065RH,66.00,194.83,3
ZR141RH,84.00,227.30,0
ZX017RH,54.00,159.41,3
ZR145RH,49.00,144.65,3
AE25883RH,44.00,129.89,0
AE25883Y,44.00,129.89,0
AE26303RH,49.00,144.65,0
AE26303Y,49.00,144.65,0
AN9885NRH+WHITE,55.00,162.36,3
AE26627,64.00,188.93,3
AN9884NRH+BLUE,55.00,162.36,0
AE25191Y,29.00,92.74,3
EFE-0009+PYG,278.00,615.49,3
1816,7.00,26.69,3
BABYIDY3SS,38.00,121.52,0
BABYIDY2SS,35.00,111.93,0
BABYIDY9SS,44.00,129.89,3
BABYIDY5SS,47.00,138.74,0
AH8516,48.00,141.70,3
AH8511,48.00,141.70,3
V061BR,204.00,451.66,3
V067BR,241.00,533.57,3
V116BR,287.00,635.42,3
V118BR,180.00,398.52,3
V120BR,251.00,555.71,3
V121BR,164.00,363.10,3
V122BR,229.00,507.01,3
V125BR,252.00,557.93,3
V137BR,175.00,387.45,3
V141BR,224.00,495.94,0
0637FB7597_BRW,215.00,476.01,0
0637FB7826_BRW,238.00,526.93,0
0637FB7823_BRW,156.00,383.76,0
0637FB7824_BRW,254.00,562.36,0
0637FB7825_BRW,271.00,599.99,0
0637FB7827_BRW,143.00,351.78,0
ALZC13MMWHITE,17.00,54.37,0
ALZC13MMW+BLUE,17.00,54.37,0
ALZC13MMW+BLACK,17.00,54.37,3
ALZC13MMW+PINK,17.00,54.37,3
ALZC13MMW+AQUA,14.00,53.38,3
ALZC13MMW+PURPLE,17.00,54.37,3
ALZC13MMW+RED,17.00,54.37,3
ALZC13MMW+MULTI,17.00,54.37,0
EFE-0048YG,289.00,639.85,3
EFE-0016,161.00,396.06,3
EFE-0016PYG,109.00,294.95,0
EFE-0086YG,144.00,354.24,0
EFE-0061,124.00,305.04,0
EFE-0076YG,144.00,354.24,3
EFE-0056YG,90.00,243.54,0
EFE-0016YG,168.00,371.95,3
EFE-0068YG,202.00,447.23,3
AE23551+3GREEN,37.00,118.33,0
AE12064+1BLUE,43.00,126.94,3
HE-1228+1,114.00,308.48,0
HE-1228,114.00,308.48,3
LU121BLACK,30.00,95.94,3
LU121RED,30.00,95.94,0
LU121YELLOW,30.00,95.94,3
LU122BLACK,30.00,95.94,3
LU122RED,30.00,95.94,3
LU122YELLOW,30.00,95.94,3
LU122GRAY,30.00,95.94,3
LU122SAPPHIRE,30.00,95.94,3
LU122BEIGE,30.00,95.94,3
LU123BLACK,30.00,95.94,3
LU123SAPPHIRE,30.00,95.94,3
LU124BLACK,30.00,95.94,3
LU124RED,30.00,95.94,3
LU124SAPPHIRE,30.00,95.94,3
LU125BLACK,30.00,95.94,3
LU125RED,30.00,95.94,0
LU125BEIGE,30.00,95.94,3
LU125GRAY,30.00,95.94,3
LU010BEIGE+1,30.00,95.94,3
CEL394-3NY,30.00,95.94,3
CEL352-1NRH,29.00,92.74,3
LU030RED,40.00,127.92,3
PN0404RH,37.00,118.33,3
PP0479RH,43.00,126.94,0
CS-581ZBR,41.00,121.03,3
ME0381-3RH,25.00,79.95,0
ME0383-3RH,26.00,83.15,3
ME0387-3RH,38.00,121.52,0
ME0340RH,24.00,76.75,0
SEJ0075A,20.00,63.96,3
ALCYR0079ERH,20.00,63.96,3
ME0108RH,37.00,118.33,3
ME0150RH,20.00,63.96,0
AE4274RH,14.00,53.38,3
1EA76645RH,20.00,63.96,3
ALCYR0535ERH,17.00,54.37,0
MIM006P,4.00,15.25,3
MIM007P,4.00,15.25,3
MIM009P,7.00,26.69,3
MIM008P,5.00,19.07,3
PN0404NRH,67.00,197.78,0
PN1764NRH,100.00,270.60,0
PN1764BRH,40.00,127.92,0
MA0021-3BY,64.00,188.93,0
MA0022-3BY,47.00,138.74,0
ME0354RH,28.00,89.54,0
ZR147RH,52.00,153.50,0
ME0399-1RH,48.00,141.70,0
ME0267RYG,41.00,121.03,0
ME0381-3Y,24.00,76.75,3
ME0385-3Y,26.00,83.15,3
ME0098YG,25.00,79.95,0
ME0365-3Y,22.00,70.36,0
ME0333Y,26.00,83.15,0
AE25194Y,24.00,76.75,0
RE0660Y,44.00,129.89,3
ME0209RH+1,42.00,123.98,0
ME0035RH+1,24.00,76.75,0
CR0020+RH,66.00,194.83,0
MMAL0192+1RH,47.00,138.74,0
ROS0103M60+1,114.00,308.48,3
ROS0104M64,210.00,464.94,3
ROS0104M64+1,211.00,467.15,3
PK0827PG14K,410.00,857.31,3
ALCYR0359PG14K,168.00,371.95,3
NK0050EG14K,358.00,748.58,3
PZE2008EG14K,428.00,894.95,3
SGE0980EG14K,348.00,727.67,3
PZE0898G14K,336.00,702.58,3
SGE0688EG14K,437.00,913.77,3
NK0042EG14K,336.00,702.58,3
ALCYR0214RHBSZ,30.00,95.94,3
ALCYR0218RHBSZ,29.00,92.74,3
ALCYR0198RHBSZ,44.00,129.89,3
ALCYR0289RHBSZ,28.00,89.54,3
ALCYR0295RHBSZ,24.00,76.75,3
ALCYR0297RHBSZ,23.00,73.55,3
ALCYR0312RHBSZ,26.00,83.15,3
ALCYR0325RHBSZ,23.00,73.55,3
ALCYR0335RHBSZ,23.00,73.55,3
ALCYR0341RHBSZ,23.00,73.55,3
MMAL0001S,31.00,99.14,0
ALCYR0379PP,8.00,30.50,0
ROS0103M60,104.00,281.42,3
ROS0103M60+9,168.00,371.95,3
MMAL0001+1RH,36.00,115.13,0
CRAL0142+1RH,73.00,215.50,3
CR1174+1RH,31.00,99.14,0
MMAL0213RH,47.00,138.74,0
MMAL0214RH,40.00,127.92,0
ALKM0058SPR,145.00,356.70,0
CR819W+RH,48.00,141.70,0
CRAL0074+RH,77.00,227.30,0
CRAL0256RH,48.00,141.70,0
CRAL0257RH,49.00,144.65,3
MMAL0215RH,55.00,162.36,0
MMAL0216RH,44.00,129.89,0
ALKM0060KRR,163.00,360.88,3
ALKM0049KRR,163.00,360.88,3
MP0026PG14K,285.00,630.99,3
K3409PG14K,486.00,1016.23,3
MP0024PG14K,220.00,487.08,3
ONK0071PG14K,228.00,504.79,3
ONK0069PG14K,222.00,491.51,3
PAP0518G14K+1,515.00,1076.87,3
K3376PG14K,442.00,924.22,3
AZP1057PG14K,447.00,934.68,3
ONK0041PG14K,256.00,566.78,3
ONK0017PG14K,255.00,564.57,3
ALC0356PG14K+1,194.00,429.52,3
NZ0614PG14K,452.00,945.13,3
K3339PG14K,422.00,882.40,3
K1425PG14K,318.00,704.05,3
K3540PG14K,347.00,725.58,3
ONK0038PG14K,403.00,842.67,3
ONK0020PG14K,303.00,670.84,3
E10-347EG14K,872.00,1769.72,3
E10-375EG14K,826.00,1676.37,3
MP0025PG14K,249.00,551.29,3
MP0027PG14K,395.00,825.94,3
MP0029PG14K,244.00,540.22,3
MP0030PG14K,174.00,385.24,3
AZM2004-EG14K,462.00,966.04,3
AZM2004-PG14K,165.00,365.31,3
G-02SETG14K,943.00,1913.82,3
CR/009G14K,371.00,775.76,3
MP0028PG14K,198.00,438.37,3
E25946ERH,29.00,92.74,0
E28885ERH,26.00,83.15,3
E28887ERH,26.00,83.15,3
E28892ERH,35.00,111.93,0
E28890ERH,34.00,108.73,3
E28883ERH,26.00,83.15,0
E27522ERH,40.00,127.92,0
N08602NRH,53.00,156.46,0
N08599NRH,48.00,141.70,0
N08600NRH,47.00,138.74,3
N08604NRH,52.00,153.50,3
N08609NRH,52.00,153.50,3
N08607NRH,52.00,153.50,3
N07926NRH,64.00,188.93,3
P22275NRH,56.00,165.31,3
B06163BRH,41.00,121.03,0
B06165BRH,41.00,121.03,3
B06170BRH,41.00,121.03,0
B04620BRH,35.00,111.93,0
B06161BRH,34.00,108.73,3
B06168BRH,38.00,121.52,3
B05579BRH,35.00,111.93,0
B05578BRH,71.00,209.59,0
B06252BRH,47.00,138.74,3
RE0339,31.00,99.14,3
5E27814RH,20.00,63.96,3
CC-1874+HP-007Y+1,26.00,83.15,3
AP26553YG,53.00,156.46,3
AP26550RH,48.00,141.70,3
AP26551RH,55.00,162.36,0
AP26551Y,55.00,162.36,0
AP26555Y,47.00,138.74,3
AP26555RH,47.00,138.74,3
AP26546RH,54.00,159.41,0
AP26546Y,54.00,159.41,0
AP26549RH-DUŻE,34.00,108.73,0
AP26547RH,30.00,95.94,3
P-4RH,26.00,83.15,3
AP21208PG,37.00,118.33,3
CEL399-4BY,25.00,79.95,0
ALKCZ6MRDPINK,12.00,45.76,3
ALKCZ6MRDAQUA,12.00,45.76,3
ALKCZ6MSR,12.00,45.76,3
ALKCZ4MSR,8.00,30.50,0
ALKCZ3MSR,7.00,26.69,0
ALKCZ10MSR,13.00,49.57,0
ALKCZ9MSR,16.00,61.01,3
ALKCZ8MSR,14.00,53.38,3
ALKCZ7MSR,11.00,41.94,0
ALKC8MW,20.00,63.96,3
ALKC9MW,23.00,73.55,3
ALKC10MW,26.00,83.15,0
ALKC6MW,17.00,54.37,3
ALKC7MW,18.00,57.56,3
ALKC5MW,14.00,53.38,3
ALKC12MW,30.00,95.94,0
P17905,40.00,127.92,0
AH2385NRH,53.00,156.46,3
ALKM0051SPR,163.00,360.88,3
AP26718,56.00,165.31,0
AP26717,68.00,200.74,0
AP26707,68.00,200.74,3
AP26708,64.00,188.93,3
AP26719,67.00,197.78,3
AP26703,76.00,224.35,3
AP26716,44.00,129.89,3
AP26715,54.00,159.41,3
AP26714,47.00,138.74,0
AP26713,74.00,218.45,3
AP26704,70.00,206.64,3
AP26705,76.00,224.35,3
AP26706,67.00,197.78,3
AP26720,73.00,215.50,3
AP26722,65.00,191.88,3
AP26721,70.00,206.64,3
AP26709,79.00,233.21,3
AP26712,50.00,147.60,3
AE27667RH,43.00,126.94,3
AE27666,47.00,138.74,0
AE27669,40.00,127.92,3
AE27668,43.00,126.94,3
AE22809,31.00,99.14,3
AE27588,48.00,141.70,0
AE27586,58.00,171.22,0
AE27587,90.00,243.54,3
AE27664,44.00,129.89,0
AE27665,43.00,126.94,3
AP26641,56.00,165.31,3
AP26637,58.00,171.22,3
AP26639,60.00,177.12,3
AP26638,82.00,221.89,3
AP26640,60.00,177.12,3
AP26688,38.00,121.52,3
AP26692RH,37.00,118.33,3
AP26689RH,41.00,121.03,0
AP26690,20.00,63.96,0
AP26691,23.00,73.55,3
AP26642RH,61.00,180.07,3
AP26643,60.00,177.12,3
AP26644,54.00,159.41,3
AP26693,28.00,89.54,0
AP26694RH,24.00,76.75,0
AP26636RH,60.00,177.12,3
AP26710,71.00,209.59,3
SET-946E-P-MAŁA,12.00,45.76,3
E25338PRH\n,24.00,76.75,0
AP26646,49.00,144.65,3
AP26647,38.00,121.52,3
AP26645,78.00,230.26,3
SET-946B,40.00,127.92,0
E25338BRH-ANKIER,40.00,127.92,0
ALRZ00018,30.00,95.94,3
ALRZ00019,52.00,153.50,3
ALRZ00031,35.00,111.93,3
ALRZ00029,37.00,118.33,3
ALRZ00026,26.00,83.15,3
ALRZ00027,26.00,83.15,3
ALRZ00032,37.00,118.33,3
ALRZ0022/5MM,38.00,121.52,0
ALCYR0198RHB,44.00,129.89,3
ALCYR0312RHB,36.00,115.13,3
ALCYR0340RHB,31.00,99.14,0
ROS0104M61,238.00,526.93,0
AP26711,54.00,159.41,0
HP007-OPAL,134.00,329.64,3
PBM2404AQUA,55.00,162.36,3
AS8881,89.00,240.83,3
AE2460RHSET,38.00,121.52,3
AE5647YSETR,61.00,180.07,3
AS2705,71.00,209.59,0
AS3678RH,54.00,159.41,3
AS3694RH,43.00,126.94,3
AS2286SETRH,37.00,118.33,3
AS8192,37.00,118.33,3
ALCYR0211RHSET,41.00,121.03,3
ALCYR0882SETRH,60.00,177.12,3
AS8882,119.00,322.01,3
AE10461RH,42.00,123.98,0
AE10473ERH,30.00,95.94,0
AE10004,38.00,121.52,0
AE7681,35.00,111.93,0
AE7704,41.00,121.03,0
AE7708,31.00,99.14,0
AE27676B,73.00,215.50,3
AE27675B,66.00,194.83,3
AE25119RH,30.00,95.94,3
AE25120RH-WHITE,31.00,99.14,0
AE27663,42.00,123.98,3
AE27658,40.00,127.92,3
AE27662,43.00,126.94,3
AE27659,41.00,121.03,3
AE27661,54.00,159.41,3
AE27660,44.00,129.89,3
ALCYR0948ERHB+B,16.00,61.01,3
AE27889,103.00,278.72,3
AE27877,48.00,141.70,3
AE27876,41.00,121.03,3
AE27890,66.00,194.83,3
AE27888,54.00,159.41,3
AE27867,44.00,129.89,3
AE27878,42.00,123.98,3
AE27880,53.00,156.46,3
AP26797RH,43.00,126.94,0
AP26797YG,43.00,126.94,0
AP26753YG,30.00,95.94,3
AP26753RH,30.00,95.94,3
AP26751RH,20.00,63.96,3
AP26751YG,20.00,63.96,3
AP26754YG,13.00,49.57,3
AP26754RH,13.00,49.57,3
AP26759RH,29.00,92.74,0
AP26759YG,29.00,92.74,3
AP26758YG,35.00,111.93,3
AP26758RH,35.00,111.93,0
AP26752YG,23.00,73.55,3
AP26752RH,23.00,73.55,3
AP26750YG,24.00,76.75,3
AP26750RH,24.00,76.75,0
AP26757RH,23.00,73.55,3
AP26757YG,23.00,73.55,3
AP26755YG,16.00,61.01,3
AP26755RH,16.00,61.01,0
AP26771RH,29.00,92.74,0
AP26771YG,29.00,92.74,0
AP26746YG,29.00,92.74,3
AP26746RH,29.00,92.74,0
AP26749YG,31.00,99.14,0
AP26749RH,31.00,99.14,0
AP26748YG,23.00,73.55,3
AP26748RH,23.00,73.55,3
AP26747RH,29.00,92.74,0
AP26747YG,29.00,92.74,0
AP26763YG,28.00,89.54,3
AP26763RH,28.00,89.54,3
AP26766YG,24.00,76.75,3
AP26766RH,24.00,76.75,3
AP26764YG,20.00,63.96,0
AP26764RH,20.00,63.96,3
AP26765RH,18.00,57.56,3
AP26765YG,18.00,57.56,3
AP26760RH,20.00,63.96,3
AP26760YG,20.00,63.96,3
AP26761RH,23.00,73.55,0
AP26761YG,23.00,73.55,3
AP26767YG,20.00,63.96,0
AP26767RH,23.00,73.55,0
AP26768YG,37.00,118.33,3
AP26762YG,31.00,99.14,3
AP26762RH,31.00,99.14,3
HE-0126PR,13.00,49.57,0
AE27862RH,113.00,305.78,3
AE27862YG,113.00,305.78,3
AE27865YG,104.00,281.42,3
AE27865RH,104.00,281.42,3
AE27866RH,131.00,322.26,3
AE27866YG,131.00,322.26,3
AE27864RH,128.00,314.88,3
AE27864YG,128.00,314.88,3
AP26783RH,80.00,236.16,3
AP26783YG,80.00,236.16,3
AP26773RH,47.00,138.74,3
AP26773YG,47.00,138.74,3
AP26801RH,47.00,138.74,3
AP26801YG,47.00,138.74,0
AP26802RH,76.00,224.35,3
AP26802YG,60.00,177.12,3
AP26796RH,20.00,63.96,3
AP26796YG,20.00,63.96,3
AP26786RH,56.00,165.31,3
AP26786YG,58.00,171.22,3
AP26791RH,52.00,153.50,3
AP26791YG,49.00,144.65,3
AP26790RH,43.00,126.94,3
AP26790YG,43.00,126.94,3
AP26795RH,42.00,123.98,3
AP26795YG,42.00,123.98,3
AP26794RH,37.00,118.33,3
AP26794YG,37.00,118.33,3
AP26772RH,25.00,79.95,3
AP26772YG,25.00,79.95,3
AP26807RH,71.00,209.59,3
AP26807YG,71.00,209.59,3
AP26787RH,35.00,111.93,3
AP26787YG,35.00,111.93,3
AP26547YG,30.00,95.94,3
AP26775RH,23.00,73.55,0
AP26775YG,23.00,73.55,0
AP26781RH,23.00,73.55,3
AP26781YG,23.00,73.55,3
AP26774RH,48.00,141.70,3
AP26774YG,48.00,141.70,3
AP26788RH,30.00,95.94,3
AP26776RH,31.00,99.14,0
AP26776YG,31.00,99.14,3
AP26793RH,25.00,79.95,3
AP26793YG,25.00,79.95,3
AP26784RH,47.00,138.74,3
AP26809RH,47.00,138.74,3
AP26809YG,47.00,138.74,3
AP26784YG,47.00,138.74,3
AP26778RH,49.00,144.65,3
AP26792RH,66.00,194.83,3
AP26792YG,66.00,194.83,3
AP26778YG,49.00,144.65,3
AP26789YG,38.00,121.52,3
AP26789RH,38.00,121.52,3
AP26788YG,30.00,95.94,3
AP26803RH,84.00,227.30,3
AP26803YG,86.00,232.72,0
AP26806RH,73.00,215.50,3
AP26806YG,60.00,177.12,3
AP26805YG,83.00,224.60,3
AP26805RH,83.00,224.60,0
AP26804YG,52.00,153.50,3
AP26804RH,52.00,153.50,0
AP26808RH,70.00,206.64,3
AP26808YG,70.00,206.64,3
AP26550YG,48.00,141.70,3
AP26800YG,43.00,126.94,3
AP26800RH,43.00,126.94,3
AP26798RH,47.00,138.74,3
AP26798YG,47.00,138.74,3
AP26782RH,54.00,159.41,3
AP26782YG,54.00,159.41,3
AP26785RH,43.00,126.94,3
AP26785YG,43.00,126.94,3
ALKM0061KRY,163.00,360.88,0
ALKM0043KRY,168.00,371.95,0
ALKM0052KRR,168.00,371.95,3
ALKM0054KRR,168.00,371.95,3
28859BG,299.00,661.99,3
AE20394ERH,23.00,73.55,0
E17128,37.00,118.33,3
AE26737,67.00,197.78,3
AP26744,66.00,194.83,3
AP26814,60.00,177.12,3
AP26735,66.00,194.83,3
AP26740,53.00,156.46,3
AP26817,67.00,197.78,3
AP26739,67.00,197.78,3
AP26812RH+YG,64.00,188.93,3
AP26741RH,68.00,200.74,3
AP26815,82.00,221.89,3
AP26742,71.00,209.59,3
AP26743,53.00,156.46,0
AP26811,67.00,197.78,3
AP26745,58.00,171.22,3
AP26733,68.00,200.74,3
AP26736,67.00,197.78,3
AP26813,76.00,224.35,3
AP26734,68.00,200.74,3
AP26819,68.00,200.74,3
AP26816,68.00,200.74,0
AP26818,56.00,165.31,3
AP26738,49.00,144.65,3
AP26810,74.00,218.45,3
AE27886,47.00,138.74,3
AE27879,49.00,144.65,3
AE27874,56.00,165.31,3
AE27883,43.00,126.94,3
AE27881,47.00,138.74,3
AE27887,43.00,126.94,3
AE27861,58.00,171.22,3
AE27873,42.00,123.98,3
AE27882,44.00,129.89,3
AE27868,30.00,95.94,3
AE27869,29.00,92.74,0
AE10179,35.00,111.93,3
AE27885,44.00,129.89,3
AE27871,54.00,159.41,3
AE27890-1,44.00,129.89,3
AE27863RH,43.00,126.94,3
AE27863YG,43.00,126.94,3
AP26552YG,24.00,76.75,3
AP26552RH,24.00,76.75,3
AP27173RH,29.00,92.74,3
AP27173YG,29.00,92.74,3
AP26559YG,29.00,92.74,3
AP26559RH,29.00,92.74,3
AP26558YG,30.00,95.94,3
AP26558RH,30.00,95.94,3
AP27174YG,64.00,188.93,3
AP27177RH,25.00,79.95,3
AP27177YG,25.00,79.95,3
AP26549YG-DUŻE,35.00,111.93,0
AP26556RH,34.00,108.73,0
AP26556YG,37.00,118.33,3
AP26554YG,47.00,138.74,3
AP26554RH,44.00,129.89,3
AP26548YG,76.00,224.35,3
AP26553RH,55.00,162.36,3
AP27175RH,20.00,63.96,3
AP27175YG,23.00,73.55,3
AP27178YG,28.00,89.54,3
AP27178RH,25.00,79.95,3
31101E,106.00,286.84,3
29464E-22MM,145.00,356.70,3
AP27226RH,62.00,183.02,3
AP27228RH,44.00,129.89,0
AP27227RH,38.00,121.52,3
AP27233RH,41.00,121.03,3
AP27229YG,68.00,200.74,3
AP27234RH,62.00,183.02,0
AP27230RH,62.00,183.02,0
AP27170RH,61.00,180.07,3
AP27169RH,56.00,165.31,3
AP27167RH,58.00,171.22,3
AP27239RH,80.00,236.16,3
AP27183RH,48.00,141.70,3
AS8980-PRH,40.00,127.92,3
AP27237RH,34.00,108.73,3
AP27196RH,84.00,227.30,0
AP27201RH,92.00,248.95,3
AP27243RH,90.00,243.54,3
AP27202RH,34.00,108.73,3
AP27171RH,41.00,121.03,3
AP27190RH,100.00,270.60,3
AP27235RH,48.00,141.70,3
AP27212RH,104.00,281.42,3
AP27244RH+YG,35.00,111.93,3
AS8982-PRH+YG,25.00,79.95,3
AP27238RH,83.00,224.60,3
AP27236RH,34.00,108.73,0
AP27172RH,15.00,57.20,0
AP27172RH,23.00,73.55,0
AP27195RH+YG,91.00,246.25,3
AP27168RH,55.00,162.36,3
AP27211RH,55.00,162.36,3
AP27192RH,95.00,257.07,3
AP27199RH,88.00,238.13,3
AP27200RH,88.00,238.13,3
AP27194RH,90.00,243.54,3
AP27193RH,80.00,236.16,3
AP27231RH,52.00,153.50,0
AP27232RH,34.00,108.73,3
CR/010G14K,124.00,305.04,0
CR/011G14K,151.00,371.46,3
CR/012G14K,180.00,398.52,0
CR/016G14K,281.00,622.13,0
CR/013G14K,416.00,869.86,3
CR/014G14K,413.00,863.58,3
CR/015G14K,433.00,905.40,3
M/052G14K,428.00,894.95,3
Z/005G14K,355.00,742.30,3
Z/006G14K,391.00,817.58,3
14KES001-2MMBLACK,173.00,383.02,3
14KES001-3MMBLACK,184.00,407.38,3
14KES001-4MMBLACK,194.00,429.52,3
14KES001-5MMBLACK,205.00,453.87,3
14KES001-2MMWHITE,173.00,383.02,3
14KES001-3MMWHITE,184.00,407.38,3
14KES001-4MMWHITE,194.00,429.52,3
14KES001-5MMWHITE,205.00,453.87,3
AP27198RH,131.00,322.26,3
AP27191RH,95.00,257.07,3
AP27240RH+YG,120.00,324.72,3
AP27241RH,110.00,297.66,3
20839E,110.00,297.66,3
31091E,162.00,398.52,3
17315BH,206.00,456.08,3
AH10819BYG,130.00,319.80,3
AH10817BRH,172.00,380.81,3
AH10818BRH,182.00,402.95,0
AH10816BRH,114.00,308.48,3
AH10824BRH,42.00,123.98,0
AH10822BRH,35.00,111.93,0
AP27203BRH,44.00,129.89,3
AH10820BRH,28.00,89.54,3
AH10825BRH,49.00,144.65,3
AH10789BRH,61.00,180.07,3
AH10821BRH,86.00,232.72,3
AH10823BRH+YG,54.00,159.41,3
ALDEM0027BL,42.00,123.98,3
ALDEM0028BL,42.00,123.98,3
ALDEM0029BL,42.00,123.98,3
ALDEM0030BL,42.00,123.98,3
LRK10MM-AMETHYST,29.00,92.74,3
LRK10MM-BLACK,29.00,92.74,3
LRK10MM-RED,29.00,92.74,3
ME0392-3RH,28.00,89.54,3
AE27872,60.00,177.12,3
ME0360-2RH,35.00,111.93,0
AN10384NRH,66.00,194.83,3
AN10383NRH,66.00,194.83,3
AN10385NRH,54.00,159.41,3
AN10523NRH,52.00,153.50,0
AN10522NRH,42.00,123.98,3
AN10417NRH,56.00,165.31,3
AN10524NRH,55.00,162.36,3
AN10386RH,126.00,309.96,3
AN10525NRH,67.00,197.78,3
AN10382NRH,83.00,224.60,3
AN9901NRH,102.00,276.01,3
PH2034,116.00,313.90,3
AH259,104.00,281.42,0
AE28160YG,84.00,227.30,3
AE28161RH,86.00,232.72,3
AE28162RH,86.00,232.72,3
AE27966RH,35.00,111.93,3
AE27966RH,35.00,111.93,3
AE28048RH,38.00,121.52,3
AE28158RH,47.00,138.74,3
AE28157RH,61.00,180.07,3
AE28269RH,56.00,165.31,3
AE25154RH,41.00,121.03,3
AE28165YG,44.00,129.89,3
AE27503,44.00,129.89,3
AE28267RH,35.00,111.93,3
AP27203ERH,31.00,99.14,3
AP27203EYG,31.00,99.14,3
AE27956RH,38.00,121.52,3
AE27965,38.00,121.52,0
AE28147RH,41.00,121.03,0
AE27964RH,67.00,197.78,3
AE28039ERH,38.00,121.52,3
AE27962RH,40.00,127.92,0
AE28164RH,55.00,162.36,0
AE28155RH,56.00,165.31,3
AE28151RH,53.00,156.46,0
AE28268RH,73.00,215.50,3
AE28065RH,70.00,206.64,3
AE27958RH,80.00,236.16,3
AE28021RH,80.00,236.16,3
AE28025RH,76.00,224.35,3
AE27959RH,78.00,230.26,3
AE28024RH,76.00,224.35,3
AE28023RH,70.00,206.64,3
AE27952RH,76.00,224.35,3
AE28159YG,56.00,165.31,3
632-KSB,47.00,138.74,3
629-KSB,58.00,171.22,0
630-KSB+1,84.00,227.30,0
630-KSB+2,83.00,224.60,0
0167-MVSE,71.00,209.59,0
ALDEM0118KRH,16.00,61.01,3
ALDEM0090KSZTRHG,16.00,61.01,3
E-0479RH-BIAŁY,23.00,73.55,0
E-0479RH-FUKSJA,23.00,73.55,0
E-0479RH-SZAFIR,23.00,73.55,0
LRDB5MMW,12.00,45.76,3
AE14393,47.00,138.74,3
CRAL0259,47.00,138.74,3
CRAL0260,38.00,121.52,3
CRAL0261,46.00,135.79,3
CRAL0262,55.00,162.36,3
CRAL0263,61.00,180.07,3
AE28061RH,83.00,224.60,3
AE28146RH,37.00,118.33,3
AS8980-ERH,84.00,227.30,3
AE28062RH,70.00,206.64,3
AE28149RH,68.00,200.74,3
AE28038RH,30.00,95.94,3
AE28036RH,30.00,95.94,3
AE28037RH,44.00,129.89,3
AE28124RH,44.00,129.89,3
AE28156RH,58.00,171.22,3
AE28047RH,38.00,121.52,3
AE28046RH,37.00,118.33,3
AE27238RH,31.00,99.14,3
AE28152RH,40.00,127.92,3
AS9000RH,35.00,111.93,3
AS8999RH,52.00,153.50,0
AS9902RH,60.00,177.12,3
AS3290-SETRH,76.00,224.35,0
AS1775-SETRH,77.00,227.30,0
AS2135-SETRH,83.00,224.60,0
AS1779-SETRH,90.00,243.54,0
AE27932RH,64.00,188.93,3
AE28163RH,61.00,180.07,3
AE28144RH,47.00,138.74,0
AE28167RH,54.00,159.41,3
AE28049RH,56.00,165.31,3
AE23690ERH,28.00,89.54,3
AE23690ERH,28.00,89.54,3
AE27960RH,48.00,141.70,3
AE27963RH,37.00,118.33,0
AE8982-ERH+YG,52.00,153.50,3
AE28682,73.00,215.50,3
AE28297,77.00,227.30,3
AE28690,60.00,177.12,3
AE28685,61.00,180.07,3
AE28299,73.00,215.50,3
AE28686,66.00,194.83,3
AE28301,66.00,194.83,0
AE20513RH,48.00,141.70,0
AE28145RH,82.00,221.89,0
AH10884,25.00,79.95,3
AH10858,40.00,127.92,0
AH10882,49.00,144.65,0
AP26799-BRH,49.00,144.65,3
AP26554-HRH,43.00,126.94,3
AP26553-HRH,49.00,144.65,3
AP27181-HRH,68.00,200.74,3
AP27174-HRH,41.00,121.03,3
AP27182-HRH,41.00,121.03,3
AP27175-HRH,41.00,121.03,3
AP26552-HRH,38.00,121.52,3
AP27178-HRH,53.00,156.46,3
AP27178-HYG,53.00,156.46,3
AP27175-HYG,41.00,121.03,3
AP26554-HYG,43.00,126.94,3
AP27182-HYG,41.00,121.03,3
AP27174-HYG,41.00,121.03,3
AP26553-HYG,49.00,144.65,3
AP26552-HYG,38.00,121.52,3
AP27181-HYG,68.00,200.74,3
AP26799-BYG,49.00,144.65,3
AH10859,43.00,126.94,3
AH10881,31.00,99.14,3
AE28687,68.00,200.74,3
ALSS0519KRH-1,62.00,183.02,3
AE28674,62.00,183.02,3
AE28300,60.00,177.12,3
AE28689,77.00,227.30,3
AE28303,41.00,121.03,3
AE28679,80.00,236.16,3
AE28302,49.00,144.65,3
AE28298,44.00,129.89,3
AE27955RH,40.00,127.92,0
AE28673,61.00,180.07,3
AP26799-ERH,42.00,123.98,3
AP26799-EYG,42.00,123.98,3
AP26554-EYG,28.00,89.54,3
AP26554-ERH,28.00,89.54,3
AP26552-EYG,30.00,95.94,3
AP26552-ERH,30.00,95.94,3
AP27182-EYG,30.00,95.94,3
AP27182-ERH,30.00,95.94,3
AP27175-EYG,29.00,92.74,3
AP27175-ERH,29.00,92.74,0
AP27174-ERH,29.00,92.74,3
AP27174-EYG,29.00,92.74,3
AP27181-EYG,42.00,123.98,3
AP27181-ERH,42.00,123.98,3
AP27178-ERH,38.00,121.52,3
AP27178-EYG,38.00,121.52,3
AP26553-EYG,37.00,118.33,3
AE28153RH,62.00,183.02,3
AE28150RH,55.00,162.36,3
AP26553-ERH,37.00,118.33,3
AE28064ERH,41.00,121.03,0
AE28022RH,70.00,206.64,3
AE14282,44.00,129.89,3
AE28042RH,83.00,224.60,0
AE14306RH,56.00,165.31,3
AE14309RH,55.00,162.36,3
AE20161RH,26.00,83.15,3
AE20115,37.00,118.33,3
AE23489RH,52.00,153.50,3
AE23493RH,70.00,206.64,3
AE20113RH,40.00,127.92,3
AE14368RH,54.00,159.41,0
AE20164RH,47.00,138.74,3
AE28148RH,41.00,121.03,3
AE20160RH,38.00,121.52,0
AE20157RH,47.00,138.74,3
AE20146RH,44.00,129.89,3
AE28040ERH,48.00,141.70,3
AE28041ERH,43.00,126.94,0
AE27957RH,48.00,141.70,3
AE20516RH,42.00,123.98,0
AE28043ERH,44.00,129.89,3
AE16724RH,44.00,129.89,3
AE16433RH+YG,43.00,126.94,3
PVK0041YG,34.00,108.73,3
AP27207YG,97.00,262.48,3
AP27207RH,97.00,262.48,3
AP27206RH,82.00,221.89,3
AP27206YG,84.00,227.30,3
AP27285,53.00,156.46,3
AP27292,47.00,138.74,3
AP27286,20.00,63.96,3
AP27288,37.00,118.33,3
AP26820,77.00,227.30,3
AP27290,71.00,209.59,3
AP27287,74.00,218.45,3
AP27289,74.00,218.45,3
AE28688,40.00,127.92,3
AE28304,48.00,141.70,3
AE28683,54.00,159.41,3
AE28305,28.00,89.54,3
AE28693,34.00,108.73,0
AE28684,64.00,188.93,3
AE28695,34.00,108.73,0
AE28691,34.00,108.73,3
AE28694,37.00,118.33,0
AN839NR,37.00,118.33,0
AN839BR,28.00,89.54,3
SN01554102002,58.00,171.22,0
AS8024-1,42.00,123.98,0
AS8025-1SETRH,47.00,138.74,0
AS9912,83.00,224.60,3
AN10590,38.00,121.52,3
AN10583,61.00,180.07,0
AN10534,49.00,144.65,3
AN10533,53.00,156.46,3
AN10587RH,71.00,209.59,3
AN10584RH,74.00,218.45,3
AN10584YG,74.00,218.45,3
AN10588,43.00,126.94,3
AN10578,52.00,153.50,3
AN10589,55.00,162.36,3
AN10587YG,73.00,215.50,3
AN10585RH,48.00,141.70,3
AN10585YG,49.00,144.65,3
AN10586RH,52.00,153.50,3
AN10586YG,52.00,153.50,3
AE27471-6YG,60.00,177.12,3
AE27471-4YG,34.00,108.73,3
AE27471-5YG,42.00,123.98,3
AE27471-1YG,16.00,61.01,0
AE27471-2YG,17.00,54.37,3
AE27471-3YG,24.00,76.75,3
AE27471-6RH,60.00,177.12,3
AE27471-2RH,17.00,54.37,3
AE27471-3RH,24.00,76.75,3
AE27471-4RH,34.00,108.73,3
AE27471-5RH,42.00,123.98,3
AE27471-1RH,16.00,61.01,0
SV64,31.00,99.14,3
MMAL0217S,25.00,79.95,3
MMAL0218S,30.00,95.94,0
MMAL0219S,46.00,135.79,3
CRAL0264,8.00,30.50,3
SV67,11.00,41.94,3
SV68,11.00,41.94,0
SV69,8.00,30.50,3
KV01,8.00,30.50,3
KV02,13.00,49.57,3
ALSS0521K,44.00,129.89,0
ALSS0522K,76.00,224.35,3
ALSS0523K,54.00,159.41,0
LU059G8K+1BLACK,72.00,212.54,3
LU059G8K+1RED,72.00,212.54,3
LU126G8KBLACK,101.00,273.31,3
LU126G8KRED,101.00,273.31,3
KK3MM,17.00,54.37,3
KK4MM,18.00,57.56,3
KK5MM,26.00,83.15,3
KK6MM,30.00,95.94,3
KK7MM,37.00,118.33,3
KK8MM,48.00,141.70,3
KK9MM,62.00,183.02,3
KK10MM,73.00,215.50,3
AP2680RH,31.00,99.14,3
AS9923,92.00,248.95,3
KB-638TURKUS,77.00,227.30,0
KB-638KORAL,77.00,227.30,3
YL77-17CM,35.00,111.93,3
YL78-17CM,35.00,111.93,3
HE-0126ER,40.00,127.92,0
AE1869RH,38.00,121.52,3
AE28743,66.00,194.83,3
AE28744,35.00,111.93,3
NO731-5E29619,25.00,79.95,3
AE28420,29.00,92.74,3
MVSE-0401RF,38.00,121.52,3
AE28419,38.00,121.52,3
AE26467EY,30.00,95.94,3
E26029RH+W,31.00,99.14,3
AP27314,67.00,197.78,3
AP27313,82.00,221.89,3
AP27312,44.00,129.89,3
AP27320,48.00,141.70,3
AP27327,55.00,162.36,3
AP27317,67.00,197.78,3
AP27319,54.00,159.41,3
AP27316,113.00,305.78,3
AP27315,77.00,227.30,3
AP27311,49.00,144.65,3
AP27321,55.00,162.36,0
AP27322,44.00,129.89,3
AP21229RH,56.00,165.31,3
QS0965W,35.00,111.93,3
ALBEADS0047,24.00,76.75,3
QS0155RH,70.00,206.64,3
QS0136,25.00,79.95,3
GS226,77.00,227.30,3
AP21238RH,58.00,171.22,3
DZ081,38.00,121.52,3
DZ093,29.00,92.74,3
BEAD103BIRET,29.00,92.74,3
BEAD123,31.00,99.14,3
BEAD123 MUCHOMOR,31.00,99.14,3
BEAD102,31.00,99.14,0
BEAD102 KEY,31.00,99.14,0
BEAD106,31.00,99.14,3
BEAD106 MOTYL,31.00,99.14,3
BEAD107,23.58,75.41,0
BEAD107 BIRD,35.00,111.93,0
BEAD149,29.00,92.74,3
BEAD149 DOM,29.00,92.74,3
AP27333,42.00,123.98,3
AP27325,40.00,127.92,0
AP27323,47.00,138.74,3
AP27334,58.00,171.22,3
AP27310,54.00,159.41,3
BEAD143BOW,37.00,118.33,3
AP27324,37.00,118.33,3
AP27326,49.00,144.65,3
AP27332,48.00,141.70,0
PAS388,53.00,156.46,3
NEW200,71.00,209.59,3
AP27331,43.00,126.94,0
NEW58,48.00,141.70,3
AP27330,42.00,123.98,3
AP27329,43.00,126.94,3
AP27328,52.00,153.50,3
AP27298,24.00,76.75,3
AP13625,23.00,73.55,3
AP19913,37.00,118.33,3
CR006S-1,44.00,129.89,0
CR004,56.00,165.31,3
CR001,90.00,243.54,3
CR003,52.00,153.50,0
BREL-8,168.00,371.95,3
BREL-4,334.00,698.39,0
RYN01,102.00,276.01,3
BREL-9,156.00,383.76,0
BREL-10,227.00,502.58,0
BREL-11,293.00,648.70,3
BREL-12,227.00,502.58,3
ALKN0042K+1Y,31.00,99.14,3
ALKN0017K+1Y,31.00,99.14,3
ALKN0018K+1Y,31.00,99.14,0
ALKN0019K+1Y,31.00,99.14,3
ALKN0020K+1Y,31.00,99.14,3
ALKN0023K+1Y,31.00,99.14,0
ALKN0024K+1Y,31.00,99.14,3
ALKN0025K+1Y,31.00,99.14,3
ALKN0021K+1Y,31.00,99.14,3
ALKN0022K+2Y,41.00,121.03,3
ALKN0017K+2Y,41.00,121.03,3
ALKN0018K+2Y,41.00,121.03,3
ALKN0024K+2Y,41.00,121.03,3
ALKJ0086K+1Y,31.00,99.14,3
ALKJ0087K+2Y,41.00,121.03,3
LRD6MMERH+BX13,35.00,111.93,3
AE7904,30.00,95.94,3
LU104G14KBLACK,118.00,319.31,3
LU104G14KRED,157.00,386.22,3
LU105G14KBLACK,167.00,369.74,3
LU105G14KRED,167.00,369.74,3
LU106G14KBLACK,157.00,386.22,3
LU106G14KRED,157.00,386.22,3
AP27318,54.00,159.41,3
AP27203BYG,44.00,129.89,3
AP27284,30.00,95.94,3
HP007+H11MM,18.00,57.56,3
AN784NR,43.00,126.94,3
ALZC12MDR,12.00,45.76,3
CRAL0255S+1,24.00,76.75,3
DPSP-0137Y,150.00,369.00,0
DPSE-0137Y,106.00,286.84,3
DPSP-0155C1,58.00,171.22,3
DPSE-0155C1,67.00,197.78,3
CRAL0253S+1,62.00,183.02,3
CRAL0255S+2,36.00,115.13,3
CRAL0255S+3,47.00,138.74,3
CRAL0256S+1,29.00,92.74,3
CRAL0256S+2,47.00,138.74,3
CRAL0256S+3,55.00,162.36,3
DPCF-0030,175.00,387.45,3
DPBRO-0008,133.00,327.18,3
DPSP-0138Y,155.00,381.30,0
DPSP-0148Y,88.00,238.13,0
DPSP-0144,82.00,221.89,0
DPBRO-0004,158.00,388.68,3
DPBRO-0006,158.00,388.68,3
DPSBRO-0001,128.00,314.88,3
DPSP-0151,84.00,227.30,3
DPSE-0113Y,168.00,371.95,3
DPSE-0138Y,115.00,311.19,3
DPSE-0148Y,109.00,294.95,0
DPSE-0151,106.00,286.84,3
DPSE-0144,86.00,232.72,3
DPE-0068Y,96.00,259.78,3
DPE-0083,58.00,171.22,0
DPB-0021-1E-Y,132.00,324.72,0
DPSE-0033Y,106.00,286.84,0
ALZAW0001S,60.00,177.12,3
ALZAW0002S,85.00,230.01,3
ALZAW0001Y,66.00,194.83,3
ALZAW0002Y,92.00,248.95,3
CRAL0076,72.00,212.54,0
EFSP-0051,97.00,262.48,3
DPSE-0149,97.00,262.48,3
DPSE-0150,104.00,281.42,3
DPSE-0123Y,124.00,305.04,0
DPSP-0149,82.00,221.89,0
DPSP-0150,90.00,243.54,3
EFSE-0051,133.00,327.18,3
LU098G8K-1RED,64.00,188.93,3
LU094G8K-1RED,66.00,194.83,3
LU095G8K-1RED,87.00,235.42,3
EFM-18MM,91.00,246.25,3
EFA-18MM,83.00,224.60,3
EFK-18MM,83.00,224.60,3
LU092G8K-1RED,58.00,171.22,3
CEL127NY,26.00,83.15,3
ALRZ0025,24.00,76.75,3
ALRZ0029,53.00,156.46,3
E-0721KMRH-6,25.00,79.95,0
AE26594,66.00,194.83,3
E-1642,42.00,123.98,3
ALRZ0030,53.00,156.46,3
ALRZ00036BR+1,38.00,121.52,3
ALRZ00036BR+2,64.00,188.93,3
ALKN0018K+3,80.00,236.16,3
ALKJ0087+3,80.00,236.16,3
ALKN0051K+3,80.00,236.16,3
ALRZ0019,24.00,76.75,3
ALRZ0027,24.00,76.75,3
ALRZ0028,47.00,138.74,3
ALRZ00034,20.00,63.96,3
ALRZ00039BR+1,67.00,197.78,3
ALRZ00027BR+2,38.00,121.52,3
ALCYR0949SET,80.00,236.16,3
ALCYR0950SET,120.00,324.72,3
FAK024,20.00,63.96,3
ALCR0005SETW,150.00,369.00,3
ALCR0005SETY,150.00,369.00,3
HSP-0200NY,54.00,159.41,3
HSB-0200BY,47.00,138.74,3
ALSS0460B,126.00,309.96,0
ALSS0461B,136.00,334.56,0
ALSS0462B,131.00,322.26,0
ALSS0463B,106.00,286.84,0
ALCYR0077ERH,20.00,63.96,3
ALCYR0104ERH,20.00,63.96,3
HE-1279,30.00,95.94,3
7E32352YG,25.00,79.95,3
TE5812,26.00,83.15,3
TE5812 X+YG,26.00,83.15,3
KGDOC60N,2620.00,4995.03,3
KGDOC70N,3594.00,6851.96,3
KGD80N,4605.00,8496.22,3
MS0038G8K,1402.00,2759.14,3
492-B,160.00,393.60,0
492-ZB,78.00,230.26,3
501-B,182.00,402.95,0
501-ZB,31.00,99.14,0
ALRZ0018,24.00,76.75,3
ALRZ0020,24.00,76.75,3
ALRZ00038BR+1,24.00,76.75,3
ALRZ0020/5MM,35.00,111.93,3
ALRZ00037BR+1,24.00,76.75,3
ALRZ0003BR,23.00,73.55,3
ALRZ0026,24.00,76.75,3
ALRZ00040BR+1,29.00,92.74,3
ALRZ00040BR+2,31.00,99.14,3
ALRZ00033,29.00,92.74,3
ALRZ00035,24.00,76.75,3
ALRZ00037BR+2,47.00,138.74,3
ALRZ0004WR+2,31.00,99.14,3
ALRZ0013BR+2/5MM,70.00,206.64,3
ALRZ0012BR+2,42.00,123.98,3
ALRZ00017NAVY+1,62.00,183.02,3
ALRZ00038BR+2,47.00,138.74,3
ALRZ00017NAVY+2,49.00,144.65,3
CL100K,73.00,215.50,0
CL100Z,35.00,111.93,3
CL101K,73.00,215.50,3
CL101Z,35.00,111.93,3
CL99K,66.00,194.83,3
ALZC16MW+1,17.00,54.37,3
ALZC14MW+1,14.00,53.38,3
CL91SET,25.00,79.95,3
CL92SET,25.00,79.95,3
CL93SET,23.00,73.55,3
CL100SET,64.00,188.93,3
CL102SET,64.00,188.93,3
CL90SET,23.00,73.55,3
CL95SET,23.00,73.55,3
CL97SET,23.00,73.55,3
CL14E,100.00,270.60,0
ALCYR0218RHBSZ2,29.00,92.74,0
ALCYR0329RHBSZ2,26.00,83.15,0
ALCYR0336RHBSZ2,29.00,92.74,0
463E4234,26.00,83.15,3
ALSS0124E,38.00,121.52,3
AE149RP,28.00,89.54,3
AE909,17.00,54.37,3
AE14761RH,52.00,153.50,3
AE5801RH,41.00,121.03,0
AE5802RH,37.00,118.33,0
LRDB4MMG,14.00,53.38,3
MT10052KRB,26.00,83.15,0
SEJ0049A,31.00,99.14,3
SET-1485E,42.00,123.98,3
B-413,259.00,573.43,0
B-402,218.00,482.65,3
B-238,239.00,529.15,3
B-398,325.00,719.55,3
B-372,116.00,313.90,3
B-430,203.00,449.44,3
ZB-238,73.00,215.50,3
ZB-372,44.00,129.89,0
ZB-398,62.00,183.02,0
ZB-413,102.00,276.01,3
ZB-430,73.00,215.50,0
ZB-402,37.00,118.33,3
AN10381NRH,76.00,224.35,3
ZB-465,73.00,215.50,0
ZB-503,41.00,121.03,0
ZB-531,64.00,188.93,3
ZB-378,58.00,171.22,3
ZB-421,29.00,92.74,0
ZB-368,37.00,118.33,0
AP27519,62.00,183.02,3
AP27513,58.00,171.22,3
QS0041Y,48.00,141.70,0
AP27491,47.00,138.74,3
AP27498,66.00,194.83,3
AP27497,68.00,200.74,3
AP27502,64.00,188.93,3
AP27520,78.00,230.26,3
AP27525,64.00,188.93,3
AP27523,54.00,159.41,3
AP27486,54.00,159.41,3
AP27484,60.00,177.12,3
AP27494,70.00,206.64,3
QS0318RHWP,67.00,197.78,3
AP27499,61.00,180.07,3
AP27505,62.00,183.02,3
QS0462RHAQUA,44.00,129.89,3
AP27483,55.00,162.36,3
AP27480,54.00,159.41,3
AP27481,76.00,224.35,3
AP27517,64.00,188.93,3
AP27506,48.00,141.70,3
ALBEADS0274RH,31.00,99.14,0
QS0731RH+Y,16.00,61.01,0
AP27493,70.00,206.64,3
NEW190,54.00,159.41,3
AP27527,54.00,159.41,3
AP27507,48.00,141.70,3
AP27485,60.00,177.12,3
GS143,40.00,127.92,0
AP27495,38.00,121.52,0
AP27496,38.00,121.52,3
AP27501,49.00,144.65,3
AP27504,61.00,180.07,3
AP27503,61.00,180.07,3
AP27515,52.00,153.50,3
AP27521,55.00,162.36,3
AP27522,62.00,183.02,3
NEW132,47.00,138.74,3
AP27512,47.00,138.74,3
AP27516,66.00,194.83,3
AP27488,53.00,156.46,3
AP27526,54.00,159.41,3
AP27492,80.00,236.16,3
AP27514,48.00,141.70,3
AP27518,60.00,177.12,3
AP27500,73.00,215.50,3
AP27530,67.00,197.78,3
AP27000,53.00,156.46,3
AP27509,53.00,156.46,3
NEW171,66.00,194.83,3
AP27487,42.00,123.98,3
AP27508,42.00,123.98,3
BEAD116-1,58.00,171.22,3
AP27511,53.00,156.46,3
AP27490,52.00,153.50,3
E16816+1,34.00,108.73,3
N03176+1,42.00,123.98,0
AE10270EY,28.00,89.54,3
AE10270ERH-1OP\n,30.00,95.94,3
AE10270EY-1OP,30.00,95.94,3
E16816OP74+1,35.00,111.93,3
OBES009ROP74,38.00,121.52,3
E-0637C1OP74,31.00,99.14,3
E-0528C2OP74+1,67.00,197.78,3
AP20953-OP74,44.00,129.89,3
AP27203RH,50.00,147.60,3
AP27203YG,50.00,147.60,3
AP26549RH-MAŁE,26.00,83.15,0
AP26549YG-MAŁE,26.00,83.15,3
N10398Y,92.00,248.95,3
E25998RH,53.00,156.46,3
E29833RH,37.00,118.33,3
B06121RHY,182.00,402.95,3
E34462RH,102.00,276.01,3
E33118RH,29.00,92.74,3
E31472RH,71.00,209.59,3
B06674RHBLACK,54.00,159.41,3
N07884RH,115.00,311.19,3
N07666Y,66.00,194.83,3
E34308Y,49.00,144.65,3
SE30477YB,41.00,121.03,3
E22337RH,44.00,129.89,3
B06757RH,76.00,224.35,3
N07475RH,70.00,206.64,3
E33119Y,37.00,118.33,3
B05994Y,44.00,129.89,3
B07227RH,43.00,126.94,3
E01945RH,76.00,224.35,3
3577,62.00,183.02,3
SE30477YGREEN,38.00,121.52,3
P21362RH,25.00,79.95,3
E31702RH,35.00,111.93,3
B06457RHB,48.00,141.70,3
E26608Y,31.00,99.14,3
E26614RH,34.00,108.73,3
B06485Y,49.00,144.65,3
N09204RH,55.00,162.36,3
N09196RH,61.00,180.07,3
N08932Y,80.00,236.16,3
N08762RH,83.00,224.60,3
E34314Y,71.00,209.59,3
E32698Y,28.00,89.54,3
E22336RH,44.00,129.89,3
N08929RH,154.00,378.84,3
E27788RH,100.00,270.60,3
N09053RH,61.00,180.07,3
B05921Y,42.00,123.98,3
SB06449W007,62.00,183.02,3
E26609RH,40.00,127.92,3
B07054RH,103.00,278.72,3
SP21367W002,23.00,73.55,3
E27723RH,76.00,224.35,3
N07486RH,67.00,197.78,3
SN07481Y802,71.00,209.59,3
B05993RH,48.00,141.70,3
SET-946E-CBLACK-MAŁE,26.00,83.15,3
SET-946E-P-DUŻA,20.00,63.96,0
E35879RG,36.00,115.13,3
E24427RH,64.00,188.93,3
B06727RHBLACK,73.00,215.50,3
SE26607W003,40.00,127.92,3
B06051Y,48.00,141.70,3
E34194RH,49.00,144.65,3
E34194Y,50.00,147.60,3
SE33091W001,23.00,73.55,3
E33625RH,80.00,236.16,3
E30476YAGAT,35.00,111.93,3
E31564RH,52.00,153.50,3
N09012YGREEN,65.00,191.88,3
E30455RH,78.00,230.26,3
E26835,80.00,236.16,3
N08932RH,80.00,236.16,3
B06290RH,74.00,218.45,3
SB06993W001,185.00,409.59,3
B06485RH,48.00,141.70,3
E33068RH,22.00,70.36,3
E34302Y,64.00,188.93,3
N09206RH,90.00,243.54,3
SN10049W001,383.00,800.85,3
N07667RH,60.00,177.12,3
B07353RH,67.00,197.78,3
E28150RH,66.00,194.83,3
N09011YW,64.00,188.93,3
B06674YNAVY,48.00,141.70,3
B06674YGREEN,49.00,144.65,3
B06000RH,43.00,126.94,3
E33858Y,29.00,92.74,3
SE33118W002,28.00,89.54,3
E30477RHBLACK,38.00,121.52,3
E27844RH,41.00,121.03,3
E26603RH,31.00,99.14,3
N07480Y,65.00,191.88,3
E33108RH,14.00,53.38,3
N10175RH,62.00,183.02,3
N08763RH,79.00,233.21,3
B05995Y,48.00,141.70,3
N07479RH,70.00,206.64,3
B05989RH,47.00,138.74,3
B07341RH,49.00,144.65,3
B06483RH,101.00,273.31,3
E29290RH,56.00,165.31,3
N09012YGRANATOWY,66.00,194.83,3
P22059RH,29.00,92.74,3
N04891RH,43.00,126.94,3
E33105RH,31.00,99.14,3
N08764RH,83.00,224.60,3
SB06050RH,47.00,138.74,3
B06727RHWHITE,73.00,215.50,3
N09011YGREEN,61.00,180.07,3
N09012RHTURKUS,65.00,191.88,3
B07793Y,47.00,138.74,3
E30476YOPAL,38.00,121.52,3
E30477RHTURKUS,38.00,121.52,3
E28107RH,61.00,180.07,3
AP27765,71.00,209.59,3
AP27550,48.00,141.70,3
AP27653,50.00,147.60,3
AP27655,67.00,197.78,3
AP27721,78.00,230.26,3
AP27725,54.00,159.41,3
AP27724,53.00,156.46,3
AP27657,50.00,147.60,3
AP27700,54.00,159.41,3
AP27661,58.00,171.22,3
AP27670,58.00,171.22,3
AP27723,78.00,230.26,3
AP27686,55.00,162.36,3
AP27728,70.00,206.64,3
AP27659,48.00,141.70,3
AP27685,66.00,194.83,3
AP27549,58.00,171.22,0
AP27652,55.00,162.36,3
AP27696,62.00,183.02,3
AP27656,42.00,123.98,3
AP27667,61.00,180.07,3
AP27544,77.00,227.30,3
AP27671,61.00,180.07,3
AP27543,56.00,165.31,3
AP27539,62.00,183.02,3
AP27654,47.00,138.74,0
AP27684,62.00,183.02,3
AP27545,61.00,180.07,3
AP27662,42.00,123.98,3
AP27660,55.00,162.36,3
AP27541,66.00,194.83,3
AP27705,60.00,177.12,3
AP27704,60.00,177.12,3
AP27547,62.00,183.02,3
AP27489,62.00,183.02,3
AP27524,61.00,180.07,3
EFE-0162GA,110.00,297.66,3
EFE-0213,64.00,188.93,0
EFE-0106GA,174.00,385.24,3
EFE-0189,54.00,159.41,0
EFE-0075,113.00,305.78,3
ALSD0035SETRH,52.00,153.50,3
HB-0749BY,55.00,162.36,3
HB-0750BY,56.00,165.31,3
B-0445BRH,107.00,289.54,3
DPSE-0130Y-S,180.00,398.52,3
EFSE-0053RH,106.00,286.84,3
EFSP-0053RH,100.00,270.60,0
DPCF-0037,157.00,386.22,3
DPCF-0035,156.00,383.76,3
DPCF-0036,166.00,367.52,3
HOSE-0003RH,212.00,469.37,3
DPE-0146,107.00,289.54,3
HOSE-0012RH,253.00,560.14,3
EFE-0169GA,65.00,191.88,3
XAGBE-50013,81.00,239.11,0
ALKCZ8MRD-BLACK,16.00,61.01,3
N10583RH,53.00,156.46,3
B06674RHBLUE,49.00,144.65,3
CEL1000BR,38.00,121.52,3
CEL1000NR,44.00,129.89,3
CEL1000BY,38.00,121.52,3
CEL1000NY,44.00,129.89,3
CEL1001BR,38.00,121.52,3
CEL1001BY,38.00,121.52,3
CEL1001NR,44.00,129.89,3
CEL1001NY,44.00,129.89,3
CEL1002BR,38.00,121.52,3
CEL1002BY,38.00,121.52,3
CEL1002NR,44.00,129.89,3
CEL1002NY,44.00,129.89,3
CEL1003BR,38.00,121.52,3
CEL1003BY,38.00,121.52,3
CEL1003NR,44.00,129.89,3
CEL1003NY,44.00,129.89,3
CEL1004BR,38.00,121.52,3
CEL1004BY,38.00,121.52,3
CEL1004NR,44.00,129.89,3
CEL1004NY,44.00,129.89,3
CEL1005BR,38.00,121.52,3
CEL1005BY,38.00,121.52,3
CEL1005NR,44.00,129.89,3
CEL1005NY,44.00,129.89,3
CEL1006BR,38.00,121.52,3
CEL1006BY,38.00,121.52,3
CEL1006NR,44.00,129.89,3
CEL1006NY,44.00,129.89,3
KC0014,17.00,54.37,3
KC0015,17.00,54.37,3
KC0016,17.00,54.37,3
KC0017,17.00,54.37,3
KC0020,17.00,54.37,3
KC0021,17.00,54.37,3
KC0022,14.00,53.38,3
KC0023,17.00,54.37,3
KC0024,17.00,54.37,3
KC0025,17.00,54.37,3
KC0027,17.00,54.37,3
KC0029,17.00,54.37,3
KC0031,17.00,54.37,3
KC0044,11.00,41.94,3
RE0662ERH-12MM,54.00,159.41,3
RE0662EY-12MM,54.00,159.41,3
AP27203SP,48.00,141.70,3
ALSW0001AB6MM,35.00,111.93,0
ALSW0001BB6MM,35.00,111.93,0
ALSW0001VL6MM,35.00,111.93,0
ALSW0001V6MM,35.00,111.93,0
ALSW0001C6MM,35.00,111.93,3
ALSW0001SH6MM,35.00,111.93,3
ALSW0001R6MM,35.00,111.93,3
ALSW0001G6MM,35.00,111.93,0
ALSW0001P6MM,35.00,111.93,3
ALSW0001LB6MM,35.00,111.93,3
ALSW0001L6MM,35.00,111.93,3
ALSW0001H6MM,35.00,111.93,0
ALSW0001C6MMP,14.00,53.38,3
ALSW0001G6MMP,14.00,53.38,3
ALSW0001AB6MMP,14.00,53.38,3
ALSW0001BB6MMP,14.00,53.38,3
ALSW0001SH6MMP,14.00,53.38,3
ALSW0001LB6MMP,14.00,53.38,3
ALSW0001P6MMP,14.00,53.38,3
ALSW0001R6MMP,14.00,53.38,3
ALSW0001V6MMP,14.00,53.38,3
ALSW0001H6MMP,14.00,53.38,3
ALSW0001VL6MMP,14.00,53.38,3
ALSW0001P6MMSET,49.00,144.65,3
ALSW0001LB6MMSET,49.00,144.65,3
ALSW0001AB6MMSET,49.00,144.65,3
ALSW0001SH6MMSET,49.00,144.65,3
ALSW0001L6MMSET,49.00,144.65,3
ALSW0001C6MMSET,49.00,144.65,3
ALSW0001BB6MMSET,49.00,144.65,0
ALSW0001V6MMSET,49.00,144.65,0
ALSW0001H6MMSET,49.00,144.65,0
DPB-0026,269.00,595.57,3
B06217RH,197.00,436.16,3
EFB-0015GA,500.00,1045.50,3
B-0413,300.00,664.20,3
B05181BRH,40.00,127.92,3
DPB-0029+DPPJ-0001S,40.00,127.92,3
AH003BR,8.00,30.50,3
ALBL0001,23.00,73.55,3
B-0450KEWA,131.00,322.26,3
B-0446BRH,115.00,311.19,3
E25338BRH-ROLO,28.00,89.54,3
E25338BY-ROLO,28.00,89.54,3
E25339BRH-ROLO,28.00,89.54,3
E25339BY-ROLO,28.00,89.54,3
SET-946BRHBLACK-MIM,47.00,138.74,3
SET-946BYGBLACK-MIM,47.00,138.74,3
SET-946BRHGREEN-MIM,47.00,138.74,3
SET-946BYGGREEN-MIM,47.00,138.74,3
MB100353MRH,20.00,63.96,3
MB100353MY,22.00,70.36,3
MB100354MRH,21.00,67.16,3
MB100354MY,23.00,73.55,3
KCV244NRH,78.00,230.26,3
KCV244NY,76.00,224.35,3
KCV244BY,54.00,159.41,3
KCV244BRH,55.00,162.36,3
ALC155R,34.00,108.73,3
ALC158R,30.00,95.94,3
EFE-0102+PJ0716GA,142.00,349.32,3
EFE-0027,79.00,233.21,3
DPE-0131ERH,76.00,224.35,3
DPE-0126ERH,137.00,337.02,3
DPE-0077ERH,67.00,197.78,3
HOE-0013RH,94.00,254.36,3
EFE-0025,101.00,273.31,3
DPR-0070ERH,169.00,374.17,3
ALEMOP020,48.00,141.70,3
DPSE-0154C1,67.00,197.78,3
